alpha,Mach,rank,cand_cr,cand_ci,cand_omega_i,distance_to_shooting,peak_y,peak_amp,centroid_y,spread_y,phase_span,overlap_to_reference_high,overlap_to_previous,cr_floor_term,score,shooting_cr,shooting_ci
0.2,1.2,1,0.7575548454443385,0.006126526040807728,0.0012253052081615456,0.5302580611449659,-7.105263157894739,1.0,0.13046127717114128,1.9297400292672269,3.1313234667794463,0.9880030452617432,0.9880030452617432,0.0,0.31739105355056224,0.23985351562499993,0.06348274739583332
0.2,1.2,2,0.7484829188797051,0.006391438858160277,0.0012782877716320555,0.521288346212931,-7.105263157894739,1.0,0.1255886613964503,1.9377058634223483,3.1304733483489797,0.9861113704115636,0.9861113704115636,0.0,0.32329835352413255,0.23985351562499993,0.06348274739583332
0.2,1.2,3,0.7393282986661016,0.006669367388974467,0.0013338734777948935,0.5122363707168505,-7.105263157894739,1.0,0.12036575398885574,1.9461959280410717,3.129605480663767,0.9840032951171356,0.9840032951171356,0.0,0.33006049957638295,0.23985351562499993,0.06348274739583332
0.2,1.2,4,0.7300970936034182,0.006963161617457078,0.0013926323234914157,0.5031069668125442,-7.105263157894739,1.0,0.11473787227352741,1.9552473391880139,3.1287643510085346,0.9816603141511571,0.9816603141511571,0.0,0.3377528038672063,0.23985351562499993,0.06348274739583332
0.2,1.2,5,0.7207958058358349,0.007276690383437702,0.0014553380766875405,0.4939048186571636,-7.105263157894739,1.0,0.10866441444952243,1.9648923450436149,3.1278319438250626,0.9790622668335848,0.9790622668335848,0.0,0.346465697719378,0.23985351562499993,0.06348274739583332
0.2,1.2,6,0.7114317311759489,0.007615345256344387,0.0015230690512688773,0.4846345838562069,-7.105263157894739,1.0,0.10212322825967861,1.9751584504227038,3.1267885356792156,0.9761869699119725,0.9761869699119725,0.0,0.3562846643111146,0.23985351562499993,0.06348274739583332
0.2,1.2,7,0.7020137745104236,0.007986872651125847,0.0015973745302251695,0.47530124484137726,-7.105263157894739,1.0,0.09504373228614525,1.9860947962178583,3.1256059432394707,0.9730096227033282,0.9730096227033282,0.0,0.3673173246816703,0.23985351562499993,0.06348274739583332
0.2,1.2,8,0.6925542501020727,0.008402770490320148,0.0016805540980640297,0.4659111185835005,-7.105263157894739,1.0,0.08737045248424997,1.9977501515381781,3.124241351887672,0.9695018055013718,0.9695018055013718,0.0,0.37968295039668054,0.23985351562499993,0.06348274739583332
0.2,1.2,9,0.6830732689194093,0.008880525423872018,0.0017761050847744037,0.45647492843250276,-7.105263157894739,1.0,0.07904952903367553,2.0101798552899575,3.1226243393025346,0.9656301515237715,0.9656301515237715,0.0,0.39352293292227203,0.23985351562499993,0.06348274739583332
0.2,1.2,10,0.6736106410336452,0.009445925623019628,0.0018891851246039257,0.44701807152731377,-7.105263157894739,1.0,0.06997517269324516,2.0234515470833667,3.1206275175540235,0.9613584737037639,0.9613584737037639,0.0,0.40900936132990173,0.23985351562499993,0.06348274739583332
0.2,1.2,11,0.6642597736591163,0.01012404970137829,0.002024809940275658,0.4376177262601618,-7.105263157894739,0.9999999999999999,0.060157349457549136,2.0374484730548463,3.118010275204356,0.9566940452510839,0.9566940452510839,0.0,0.4261372992636674,0.23985351562499993,0.06348274739583332
0.2,1.2,12,0.6552265310381029,0.010838822046014763,0.0021677644092029527,0.4285093621361416,-7.105263157894739,1.0,0.05028479404909151,2.0506243633063903,3.114600373771029,0.9520852069737625,0.9520852069737625,0.0,0.44305218591818213,0.23985351562499993,0.06348274739583332
0.2,1.2,13,0.6465898458932108,0.011143298846931337,0.0022286597693862674,0.41999061163038365,-7.105263157894739,1.0,0.04268920486300781,2.0594386473687107,3.1124723537304018,0.948772273047976,0.948772273047976,0.0,0.4543846225961099,0.23985351562499993,0.06348274739583332
0.2,1.2,14,0.6377451425588571,0.010791715888028755,0.002158343177605751,0.41161040558943307,-7.105263157894739,1.0,0.033863089523438604,2.071064469946616,3.1135209745375434,0.9446420277824468,0.9446420277824468,0.0,0.4689011677940872,0.23985351562499993,0.06348274739583332
0.2,1.2,15,0.6283986476560927,0.010287583870267859,0.002057516774053572,0.40284764032460946,-7.105263157894739,0.9999999999999999,0.02162704064727924,2.0875899301265384,3.11453928133671,0.9387322440442198,0.9387322440442198,0.0,0.49071290496679243,0.23985351562499993,0.06348274739583332
0.2,1.2,16,0.6187681989175434,0.009882834280510577,0.0019765668561021153,0.3937869220258199,-7.105263157894739,1.0,0.007663746242682863,2.1057366295875664,3.1148456459039355,0.9320448873579068,0.9320448873579068,0.0,0.5156584602502051,0.23985351562499993,0.06348274739583332
0.2,1.2,17,0.6090012944588794,0.00957940912492088,0.001915881824984176,0.3845677601216468,-7.105263157894739,1.0,-0.007635583196290846,2.1248845663442952,3.114702680262705,0.9247958767391471,0.9247958767391471,0.0,0.542856849426195,0.23985351562499993,0.06348274739583332
0.2,1.2,18,0.5991579150456476,0.009348289819816981,0.0018696579639633963,0.3752623208253534,-7.105263157894739,1.0,-0.02434870420480295,2.145058128323584,3.1142653614714275,0.9169773841277165,0.9169773841277165,0.0008420849543523401,0.573535651964441,0.23985351562499993,0.06348274739583332
0.2,1.2,19,0.5892643849198655,0.00916767808423993,0.001833535616847986,0.3659077241582725,-7.105263157894739,1.0,-0.042630883004338364,2.166344825391992,3.1136060690528975,0.9085530175070852,0.9085530175070852,0.01073561508013443,0.6193518151147671,0.23985351562499993,0.06348274739583332
0.2,1.2,20,0.5793342672644561,0.009023228889191957,0.0018046457778383915,0.35652564754529376,-7.105263157894739,1.0,-0.06266916053445841,2.1888317856560486,3.112758625901102,0.8994842244178445,0.8994842244178445,0.02066573273554384,0.6678591819798042,0.23985351562499993,0.06348274739583332
0.2,1.2,21,0.5693756885320099,0.00890539984671933,0.001781079969343866,0.3471305372613371,-7.105263157894739,1.0,-0.084683673075149,2.212601531264861,3.1117372438572497,0.8897334851098838,0.8897334851098838,0.03062431146799005,0.719221404776247,0.23985351562499993,0.06348274739583332
0.2,1.2,22,0.5593941621478089,0.008807610903040056,0.0017615221806080114,0.33773318904460226,-7.105263157894739,1.0,-0.10892349795805216,2.2377332988960723,3.1105446185508554,0.8792645967472101,0.8792645967472101,0.04060583785219107,0.7736052029196413,0.23985351562499993,0.06348274739583332
0.2,1.2,23,0.5493938028805656,0.00872514347898426,0.001745028695796852,0.3283424586938403,-7.105263157894739,1.0,-0.13567533575823668,2.2643040456988053,3.1091755309292113,0.86804274618546,0.86804274618546,0.05060619711943437,0.831180005646738,0.23985351562499993,0.06348274739583332
0.2,1.2,24,0.5393779023502098,0.008654484380269679,0.001730896876053936,0.3189661611273653,-7.105263157894739,1.0,-0.16527230236553161,2.2923876443766305,3.107618377103333,0.8560347349299291,0.8560347349299291,0.06062209764979021,0.8921175341399429,0.23985351562499993,0.06348274739583332
0.2,1.2,25,0.5293492258321371,0.00859292424389929,0.001718584848779858,0.3096115904983809,-7.105263157894739,1.0,-0.19810237264180727,2.3220528955092417,3.1058555865593678,0.8432093305320587,0.8432093305320587,0.07065077416786292,0.956591027665711,0.23985351562499993,0.06348274739583332
0.2,1.2,26,0.5193101774898634,0.008538303979948954,0.001707660795989791,0.3002858526633879,-7.105263157894739,1.0,-0.23461935957626245,2.353360119709137,3.103863309257599,0.8295377292058845,0.8295377292058845,0.08068982251013657,1.0247743214883362,0.23985351562499993,0.06348274739583332
0.2,1.2,27,0.5092628993134924,0.00848884990609196,0.0016977699812183921,0.29099610145818466,-7.105263157894739,1.0,-0.27535686579293805,2.386355765910257,3.1016104887020983,0.8149940865440867,0.8149940865440867,0.09073710068650753,1.0968407500834687,0.23985351562499993,0.06348274739583332
0.2,1.2,28,0.499209334795734,0.008443064219966726,0.0016886128439933452,0.28174972552625777,-7.105263157894739,1.0,-0.32094545413399345,2.421064366688568,3.0990572838549877,0.7995561245872767,0.7995561245872767,0.100790665204266,1.1729616807941827,0.23985351562499993,0.06348274739583332
0.2,1.2,29,0.48915127288990384,0.008399651290804392,0.0016799302581608786,0.2725545113979484,-7.105263157894739,1.0,-0.3721339575468705,2.457476741770775,3.0961526768040226,0.7832057600861075,0.7832057600861075,0.11084872711009613,1.2533046992637973,0.23985351562499993,0.06348274739583332
0.2,1.2,30,0.4790903803364076,0.008357468265511108,0.0016714936531022216,0.26341879779872984,-7.105263157894739,1.0,-0.4298160574394765,2.495532774954044,3.0928309539611543,0.7659297531926186,0.7659297531926186,0.12090961966359237,1.3380311957160762,0.23985351562499993,0.06348274739583332
0.2,1.2,31,0.469028226535898,0.00831549280020181,0.0016630985600403622,0.25435163069964895,-7.105263157894739,1.0,-0.4950633761029002,2.535096338807068,3.0890065325196128,0.7477203419854204,0.7477203419854204,0.130971773464102,1.42729305424475,0.23985351562499993,0.06348274739583332
0.2,1.2,32,0.4589663030715763,0.008272803376910732,0.0016545606753821465,0.24536292567724818,-7.105263157894739,1.0,-0.5691670100530185,2.5759183694022076,3.0845662497997925,0.728575857223234,0.728575857223234,0.14103369692842366,1.5212277775167298,0.23985351562499993,0.06348274739583332
0.2,1.2,33,0.4489060387387225,0.00822856905860196,0.0016457138117203921,0.2364636426918603,-7.105263157894739,1.0,-0.6536891347363551,2.6175823382137575,3.0793576173871204,0.708501272970852,0.708501272970852,0.1510939612612775,1.619951058804791,0.23985351562499993,0.06348274739583332
0.2,1.2,34,0.4388488102692761,0.008182046293689548,0.0016364092587379097,0.22766597782742343,-7.105263157894739,0.9999999999999999,-0.7505264001556445,2.6594231312031917,3.073170414906658,0.6875086715894222,0.6875086715894222,0.1611511897307239,1.723545008906459,0.23985351562499993,0.06348274739583332
0.2,1.2,35,0.42879594862968257,0.008132580723780548,0.0016265161447561096,0.21898357653537642,-7.105263157894739,1.0,-0.8619862022334026,2.7004051096662107,3.065706831893902,0.6656175956366175,0.6656175956366175,0.1712040513703174,1.8320389965337596,0.23985351562499993,0.06348274739583332
0.2,1.2,36,0.4187487407080191,0.008079612041886211,0.0016159224083772423,0.2104317732323121,-7.105263157894739,1.0,-0.9908740350463713,2.7389371887648455,3.0565309698997534,0.6428552542655044,0.6428552542655044,0.18125125929198088,1.945377966849121,0.23985351562499993,0.06348274739583332
0.2,1.2,37,0.40870842642322547,0.008022679987795666,0.0016045359975591332,0.20202786245538762,-7.105263157894739,1.0,-1.1405831502204147,2.772589867767733,3.044979014320812,0.6192565776058844,0.6192565776058844,0.1912915735767745,2.0633694486886687,0.23985351562499993,0.06348274739583332
0.2,1.2,38,0.3986761916380875,0.007961429643553678,0.0015922859287107356,0.19379140671287926,-7.105263157894739,1.0,-1.3151600472301035,2.797659370172572,3.0299892409368754,0.5948640848486716,0.5948640848486716,0.2013238083619125,2.1855946745507495,0.23985351562499993,0.06348274739583332
0.2,1.2,39,0.3917388157095406,0.19530527412757753,0.03906105482551551,0.3042660983375188,-7.105263157894739,1.0,-0.33300929417249925,2.253685338188696,2.0814474930127878,0.531805493428245,0.531805493428245,0.20826118429045937,2.2937232485971277,0.23985351562499993,0.06348274739583332
0.2,1.2,40,0.38865315770479947,0.007895614414266646,0.0015791228828533291,0.18574458510416383,-7.105263157894739,1.0,-1.519275502494009,2.808496340156052,3.0097544458659753,0.5697275672524122,0.5697275672524122,0.2113468422952005,2.3112601991874793,0.23985351562499993,0.06348274739583332
0.2,1.2,41,0.3786403688858713,0.0078250954745207,0.00156501909490414,0.17791258389341272,-7.105263157894739,1.0,-1.7579191222327188,2.7964902842002646,2.9809371641656988,0.5439035795649549,0.5439035795649549,0.22135963111412865,2.4389565545456295,0.23985351562499993,0.06348274739583332
0.2,1.2,42,0.3686387791626672,0.0077498370156831985,0.0015499674031366397,0.17032402444233694,-7.105263157894739,1.0,-2.035329499634594,2.74864305116533,2.936647988952431,0.5174547671235173,0.5174547671235173,0.2313612208373328,2.5663003805050133,0.23985351562499993,0.06348274739583332
0.2,1.2,43,0.3586492400015338,0.0076698972543993976,0.0015339794508798796,0.16301141399848676,-7.105263157894739,1.0,-2.351711564348035,2.646164231928984,2.8601909121073787,0.49044903466380213,0.49044903466380213,0.24135075999846617,2.6896026218337825,0.23985351562499993,0.06348274739583332
0.2,1.2,44,0.3486724904547838,0.007585415759790105,0.001517083151958021,0.15601158937439336,-7.105263157894739,1.0,-2.692401018908576,2.4670648739378067,2.6999210594930463,0.4629585910094675,0.4629585910094675,0.25132750954521615,2.8049899477123064,0.23985351562499993,0.06348274739583332
0.2,1.2,45,0.3387091505948392,0.007496598096036648,0.0014993196192073298,0.14936610130470232,-7.105263157894739,1.0,-2.9804025965771,2.226146152417493,2.230802063058087,0.43505890434413663,0.43505890434413663,0.2612908494051608,2.922945288931998,0.23985351562499993,0.06348274739583332
0.2,1.2,46,0.32875971877282667,0.007403699021924954,0.001480739804384991,0.14312145759548164,-7.105263157894739,1.0,-2.914907690078626,2.1874329305136566,1.0600296821801338,0.40682759801281093,0.40682759801281093,0.2712402812271733,3.099480568171282,0.23985351562499993,0.06348274739583332
0.2,1.2,47,0.3188245726927779,0.007307005499190084,0.001461401099838017,0.13732910749347846,-7.105263157894739,1.0,-2.5455304714894633,2.351581144044065,0.48514316688690556,0.3783433413853362,0.3783433413853362,0.28117542730722206,3.2382451557725243,0.23985351562499993,0.06348274739583332
0.2,1.2,48,0.3089039738718668,0.0072068205830679456,0.0014413641166135891,0.13204501330472576,-7.105263157894739,1.0,-2.2048371817594496,2.456484744527162,0.3000100686937211,0.3496847546120294,0.3496847546120294,0.2910960261281332,3.3355585975924638,0.23985351562499993,0.06348274739583332
0.2,1.2,49,0.2989980747780591,0.007103448979424675,0.0014206897958849351,0.12732863007633258,-7.105263157894739,1.0,-1.9273671002283634,2.5073890886462835,0.21545342262072226,0.3209293669257662,0.3209293669257662,0.30100192522194086,3.420554941934889,0.23985351562499993,0.06348274739583332
0.2,1.2,50,0.005554309946511773,1.0578104327863356e-15,2.1156208655726714e-16,0.26648893907489424,-7.105263157894739,1.0,-0.01416760943889555,2.2400375981807557,7.611400774371622e-13,0.36971359016611866,0.36971359016611866,0.5944456900534882,3.45395282194696,0.23985351562499993,0.06348274739583332
0.2,1.2,51,0.008437612159646524,5.565050125654355e-16,1.113010025130871e-16,0.26395749135870006,-7.105263157894739,1.0,-0.021528247470049975,2.2401849334401103,7.752652612105359e-13,0.3651901964254344,0.3651901964254344,0.5915623878403534,3.463912623143668,0.23985351562499993,0.06348274739583332
0.2,1.2,52,0.01668404192755766,0.0013326465441524835,0.0002665293088304967,0.25545088399512295,-7.105263157894739,1.0,-0.04262937079027948,2.240937022415892,0.0077063262782635575,0.3519788983326566,0.3519788983326566,0.5833159580724423,3.491806341297088,0.23985351562499993,0.06348274739583332
0.2,1.2,53,0.2891069278106119,0.006997184714906824,0.0013994369429813649,0.12324112048114985,-7.105263157894739,1.0,-1.701395672460348,2.5271284559518397,0.16765128306015065,0.29215265557244946,0.29215265557244946,0.31089307218938805,3.5023145332449537,0.23985351562499993,0.06348274739583332
0.2,1.2,54,0.02634902122107113,0.002199595747203431,0.0004399191494406862,0.24618421524263723,-7.105263157894739,1.0,-0.06751800030662491,2.2424509253938676,0.012769573200483815,0.336037023518784,0.336037023518784,0.5736509787789289,3.5269800006761844,0.23985351562499993,0.06348274739583332
0.2,1.2,55,0.03600486730678544,0.002726616719068679,0.0005453233438137358,0.23731730042373964,-7.105263157894739,1.0,-0.09264883715078927,2.2446538247973553,0.015919645891204964,0.31961199086870584,0.31961199086870584,0.5639951326932146,3.5643564405093255,0.23985351562499993,0.06348274739583332
0.2,1.2,56,0.27923049529916355,0.006888301054632778,0.0013776602109265557,0.1198426967108451,-7.105263157894739,0.9999999999999999,-1.5147004079253135,2.5292647211547155,0.13702534319437454,0.26342718123863634,0.26342718123863634,0.3207695047008364,3.58393798773784,0.23985351562499993,0.06348274739583332
0.2,1.2,57,0.0456571029298759,0.003118144728485875,0.0006236289456971751,0.22866523068538833,-7.105263157894739,1.0,-0.11813876435429524,2.247552091538556,0.0183428954451337,0.3026849678126302,0.3026849678126302,0.5543428970701241,3.6037704388084015,0.23985351562499993,0.06348274739583332
0.2,1.2,58,0.0553086249421805,0.003434322765375325,0.000686864553075065,0.220181901798338,-7.105263157894739,1.0,-0.1441027760652236,2.251154943654615,0.020392859864020126,0.2852432063835631,0.2852432063835631,0.5446913750578195,3.6452115130173737,0.23985351562499993,0.06348274739583332
0.2,1.2,59,0.2693686597969454,0.006777042549872176,0.0013554085099744353,0.11718912741291221,-7.105263157894739,0.9999999999999999,-1.3580389920104685,2.5214176705143014,0.11574955340813879,0.23482185093842123,0.23482185093842123,0.33063134020305457,3.6664941703860476,0.23985351562499993,0.06348274739583332
0.2,1.2,60,0.06496126832109818,0.0037024189322202804,0.0007404837864440562,0.2118538384166758,-7.105263157894739,1.0,-0.1706596075752844,2.2554741581152085,0.022233738273989674,0.26727601066941,0.26727601066941,0.5350387316789018,3.68870454747473,0.23985351562499993,0.06348274739583332
0.2,1.2,61,0.07461636308539733,0.0039373434595257216,0.0007874686919051443,0.20368096891744217,-7.105263157894739,0.9999999999999999,-0.19793494751890012,2.260523939386144,0.023959137310493483,0.24877372292337432,0.24877372292337432,0.5253836369146027,3.7342886935674118,0.23985351562499993,0.06348274739583332
0.2,1.2,62,0.25952123409985495,0.006663618922959153,0.0013327237845918308,0.11532767487326741,-7.105263157894739,1.0,-1.2246789533241287,2.5079654074669415,0.1001112725306882,0.2064013048688912,0.2064013048688912,0.34047876590014503,3.7502579414708745,0.23985351562499993,0.06348274739583332
0.2,1.2,63,0.08427497014170619,0.004148197661893057,0.0008296395323786114,0.195670741254831,-7.105263157894739,1.0,-0.22606406249956398,2.2663208243764696,0.025630167721447192,0.22972745582690046,0.22972745582690046,0.5157250298582938,3.782010686309141,0.23985351562499993,0.06348274739583332
0.2,1.2,64,0.0939379938280467,0.004340959956586428,0.0008681919913172857,0.18783594860226668,-7.105263157894739,1.0,-0.2551944179002784,2.272883574524295,0.027291253181039428,0.21012910299498036,0.21012910299498036,0.5060620061719533,3.8319219957601676,0.23985351562499993,0.06348274739583332
0.2,1.2,65,0.2496879705873072,0.006548200391679267,0.0013096400783358534,0.11429298786311677,-7.105263157894739,1.0,-1.1096893448118563,2.491495340467872,0.08812907711528745,0.17822543731712648,0.17822543731712648,0.3503120294126928,3.835172164849278,0.23985351562499993,0.06348274739583332
0.2,1.2,66,0.1036062405138511,0.004519768865647897,0.0009039537731295793,0.1801939269892787,-7.105263157894739,1.0,-0.2854885639847942,2.280233021187347,0.028977879046722416,0.18997148103899636,0.18997148103899636,0.4963937594861489,3.8840773239285133,0.23985351562499993,0.06348274739583332
0.2,1.2,67,0.23986856963727496,0.006430913991795688,0.0012861827983591378,0.11410366780113398,-7.105263157894739,0.9999999999999999,-1.0094034858235699,2.4735723814955173,0.07865073940422761,0.15034905083672753,0.15034905083672753,0.360131430362725,3.9210401023021575,0.23985351562499993,0.06348274739583332
0.2,1.2,68,0.11328045118414229,0.004687603360903266,0.0009375206721806532,0.17276636388574654,-7.105263157894739,1.0,-0.3171274723539694,2.288391829166429,0.030720928335819613,0.16924854110804194,0.16924854110804194,0.48671954881585766,3.938533681048764,0.23985351562499993,0.06348274739583332
0.2,1.2,69,0.12296132048036001,0.0048466724292541225,0.0009693344858508245,0.16557941428715636,-7.105263157894739,1.0,-0.35031449913023816,2.297384133407891,0.0325494361469646,0.1479556306137345,0.1479556306137345,0.47703867951963996,3.9953497266415727,0.23985351562499993,0.06348274739583332
0.2,1.2,70,0.230062686995214,0.006311840443871657,0.0012623680887743315,0.11476023149199929,-7.105263157894739,0.9999999999999999,-0.9210480625997933,2.4551582378471184,0.07096098038842315,0.12282163547103346,0.12282163547103346,0.36993731300478594,4.007611328058908,0.23985351562499993,0.06348274739583332
0.2,1.2,71,0.13264950823334995,0.004998651688045208,0.0009997303376090417,0.15866397512939043,-7.105263157894739,1.0,-0.38528017708900586,2.3072349866109225,0.03449259727791087,0.12608979059949793,0.12608979059949793,0.46735049176665,4.054585252517223,0.23985351562499993,0.06348274739583332
0.2,1.2,72,0.2202699400710173,0.006191011121918056,0.0012382022243836114,0.11624495091227824,-7.105263157894739,1.0,-0.8424904762886773,2.436848630065357,0.06459229299723959,0.09568727081159362,0.09568727081159362,0.3797300599289827,4.094621962397243,0.23985351562499993,0.06348274739583332
0.2,1.2,73,0.14234564660338503,0.0051448339764146415,0.0010289667952829284,0.15205601957720308,-7.105263157894739,1.0,-0.4222880894432792,2.3179695286227755,0.036581466195553296,0.1036500810696278,0.1036500810696278,0.457654353396615,4.116375883194953,0.23985351562499993,0.06348274739583332
0.2,1.2,74,0.15205034452427896,0.005286228837975724,0.0010572457675951448,0.1457968996390621,-7.105263157894739,1.0,-0.46164215423996713,2.329611747900662,0.03885062499440728,0.08063792997860675,0.08063792997860675,0.447949655475721,4.180706395737069,0.23985351562499993,0.06348274739583332
0.2,1.2,75,0.2104899132039203,0.0060684046847854336,0.0012136809369570868,0.11852361850243125,-7.105263157894739,1.0,-0.7720653391086246,2.419012057858454,0.059226062696896634,0.06898463673814736,0.06898463673814736,0.3895100867960797,4.181814235628441,0.23985351562499993,0.06348274739583332
0.2,1.2,76,0.1617641903846064,0.005423630324268672,0.0010847260648537344,0.1399335092714342,-7.105263157894739,1.0,-0.5036957573731927,2.3421826437409146,0.04134003857414669,0.05705749855897842,0.05705749855897842,0.43823580961539355,4.247636144930568,0.23985351562499993,0.06348274739583332
0.2,1.2,77,0.20072216197238435,0.005943942935545081,0.0011887885871090164,0.12154883345208711,-7.105263157894739,1.0,-0.7084535587431082,2.401873389630191,0.054637447760279644,0.04274711708390177,0.04274711708390177,0.39927783802761563,4.268946300729694,0.23985351562499993,0.06348274739583332
0.2,1.2,78,0.17148775352576975,0.0055576643155416374,0.0011115328631083276,0.1345181713629921,-7.105263157894739,1.0,-0.5488633274819483,2.355697503863615,0.04409731975612951,0.0329160550694728,0.0329160550694728,0.42851224647423025,4.317225436528938,0.23985351562499993,0.06348274739583332
0.2,1.2,79,0.1909662166403012,0.005817485422366918,0.0011634970844733837,0.12526411200297302,-7.105263157894739,1.0,-0.6505966747677978,2.385565500814413,0.05066298459713904,0.017002983561013638,0.017002983561013638,0.40903378335969875,4.355797185060853,0.23985351562499993,0.06348274739583332
0.2,1.2,80,0.18122158483288234,0.005688822237117496,0.0011377644474234994,0.1296080801856761,-7.105263157894739,1.0,-0.5976351671361764,2.3701618658216184,0.04718068337221393,0.008224354909093533,0.008224354909093533,0.41877841516711767,4.38953323277585,0.23985351562499993,0.06348274739583332
0.2,1.25,1,0.7392756960708005,0.005939558763976057,0.0011879117527952114,0.48148628295106,-7.105263157894739,1.0,0.1437135472893719,1.8904579593944728,3.133419607971511,0.9955122460033767,0.9981796852014048,0.0,0.27468301323266525,0.26803873697916675,0.05534798177083333
0.2,1.25,2,0.7484393149038551,0.005726957498371597,0.0011453914996743194,0.4905442889992375,-7.105263157894739,1.0,0.1466211893908834,1.8842536166582713,3.1338865220327103,0.9964337417632809,0.9975053359807362,0.0,0.27476009098844517,0.26803873697916675,0.05534798177083333
0.2,1.25,3,0.7300325455549955,0.0061573011190577944,0.0012314602238115589,0.47235280396578505,-7.105263157894739,1.0,0.14058409301261168,1.8970802235439541,3.132917267221376,0.9944460224621929,0.9987650596360678,0.0,0.2751412281344209,0.26803873697916675,0.05534798177083333
0.2,1.25,4,0.720714992206666,0.006380939550348993,0.0012761879100697988,0.46314887125208765,-7.105263157894739,1.0,0.1371747693006922,1.9041599536447051,3.132375730577942,0.9932220730441871,0.9992500258252184,0.0,0.2762807604175939,0.26803873697916675,0.05534798177083333
0.2,1.25,5,0.7113280688772562,0.00661141123886993,0.0013222822477739862,0.4538793286805675,-7.105263157894739,1.0,0.13347817215806,1.9117099578685317,3.131790557678404,0.9918263910895166,0.9996221830813954,0.0,0.27805282243968954,0.26803873697916675,0.05534798177083333
0.2,1.25,6,0.701876732275321,0.006849889551929868,0.0013699779103859737,0.44454883416569546,-7.105263157894739,1.0,0.12946354641370708,1.9197558992969848,3.131156454457116,0.9902438833488199,0.999868084331921,0.0,0.2805174736077551,0.26803873697916675,0.05534798177083333
0.2,1.25,7,0.6923658963769411,0.007097860289283087,0.0014195720578566175,0.43516184930956625,-7.105263157894739,1.0,0.12511005606834322,1.9283185714223423,3.130467019429348,0.9884582795320134,0.9999731497180717,0.0,0.28373590401997656,0.26803873697916675,0.05534798177083333
0.2,1.25,8,0.6828004881287141,0.007357231799823583,0.0014714463599647166,0.42572263100258007,-7.105263157894739,1.0,0.12037449669188689,1.9374304422807107,3.1297143806201895,0.9864520204099497,0.9999215681774986,0.0,0.28777968584391894,0.26803873697916675,0.05534798177083333
0.2,1.25,9,0.6731855417530134,0.0076304980319670335,0.0015260996063934068,0.4162352296910165,-7.105263157894739,1.0,0.11522556892703764,1.9471188909682493,3.128888658192466,0.9842061254582665,0.9996961805308514,0.0,0.29272205135651225,0.26803873697916675,0.05534798177083333
0.2,1.25,10,0.6635263636916141,0.007920986760236608,0.0015841973520473217,0.40670350663054866,-7.105263157894739,1.0,0.10963320200454105,1.9574118378011043,3.1279771370169898,0.9817000110167637,0.9992783341122726,0.0,0.29864152725077586,0.26803873697916675,0.05534798177083333
0.2,1.25,11,0.6538288347426863,0.00823324885012277,0.001646649770024554,0.39713120220544934,-7.105263157894739,1.0,0.10353675455507877,1.96835167472806,3.126962931687751,0.9789112246615462,0.9986476852199236,0.0,0.30563104664125457,0.26803873697916675,0.05534798177083333
0.2,1.25,12,0.6440999975595934,0.00857368685643076,0.001714737371286152,0.3875221417781151,-7.105263157894739,1.0,0.09690324101058376,1.9799717510806787,3.1258227092013757,0.9758150442260571,0.9977819102302615,0.0,0.3137851221061266,0.26803873697916675,0.05534798177083333
0.2,1.25,13,0.6343492866085753,0.008951591488788957,0.0017903182977577915,0.37788082631249564,-7.105263157894739,1.0,0.08966530256363422,1.992321611568002,3.1245225376308934,0.9723838374171371,0.996656248608095,0.0,0.32321781392893373,0.26803873697916675,0.05534798177083333
0.2,1.25,14,0.6245913434529953,0.009380824258305984,0.001876164851661197,0.36821417607474977,-7.105263157894739,1.0,0.08175438111976174,2.0054555877857663,3.123009716643312,0.968586175308592,0.9952427935918059,0.0,0.3340593184918559,0.26803873697916675,0.05534798177083333
0.2,1.25,15,0.6148531481831175,0.009882079640198244,0.0019764159280396486,0.358537067602435,-7.105263157894739,1.0,0.07310461787525946,2.0194271529064287,3.121195469769152,0.9643869670787161,0.9935099218104667,0.0,0.3464581028570003,0.26803873697916675,0.05534798177083333
0.2,1.25,16,0.6051936830597651,0.010481920879369732,0.0020963841758739467,0.3488915466821706,-7.105263157894739,0.9999999999999999,0.06363064095280013,2.0342461102103626,3.1189190648852754,0.9597617307886712,0.9914277419790104,0.0,0.36054618968077373,0.26803873697916675,0.05534798177083333
0.2,1.25,17,0.5957524614963802,0.011176501190135002,0.0022353002380270004,0.3394123804808954,-7.105263157894739,1.0,0.053520021292105424,2.0493804874033494,3.115939062710483,0.9548367119110984,0.9890364357881575,0.004247538503619808,0.3818585046319862,0.26803873697916675,0.05534798177083333
0.2,1.25,18,0.5867354538293008,0.01173469769178024,0.0023469395383560483,0.3304180254218817,-7.105263157894739,1.0,0.044301970294152226,2.0619409077408073,3.1127693653252093,0.9505133567409516,0.9867985813775808,0.013264546170699165,0.4077585143823684,0.26803873697916675,0.05534798177083333
0.2,1.25,19,0.5778930686321734,0.0116721752212788,0.0023344350442557602,0.32193168709393594,-7.105263157894739,0.9999999999999999,0.036386084443260906,2.072533027281755,3.1122403180614997,0.9468463815178844,0.984856218310519,0.0221069313678266,0.4308481746450785,0.26803873697916675,0.05534798177083333
0.2,1.25,20,0.5686296065288544,0.011176039742984721,0.0022352079485969444,0.31330418558755935,-7.105263157894739,1.0,0.02531006901532807,2.0884564997603086,3.1132423693490545,0.9414251471879481,0.9818946107970743,0.03137039347114556,0.4609633122447441,0.26803873697916675,0.05534798177083333
0.2,1.25,21,0.5589808597566657,0.010692859297956646,0.0021385718595913292,0.3043413193415375,-7.105263157894739,1.0,0.011700535076416848,2.107386960512786,3.113682620566761,0.934781125632141,0.9780855278530647,0.04101914024333431,0.49621295071838345,0.26803873697916675,0.05534798177083333
0.2,1.25,22,0.549148291713203,0.01031661466730847,0.002063322933461694,0.2951844810548444,-7.105263157894739,0.9999999999999999,-0.0035031111969242037,2.127624018607283,3.113579788942853,0.9274579756278416,0.9737026413133651,0.05085170828679697,0.5343466313742498,0.26803873697916675,0.05534798177083333
0.2,1.25,23,0.5392279088040768,0.010026554607873198,0.0020053109215746397,0.2859365208493497,-7.105263157894739,0.9999999999999999,-0.020243192609643725,2.148987456611037,3.1131223183076435,0.9195178951745127,0.968768120473971,0.060772091195923195,0.5750360839392222,0.26803873697916675,0.05534798177083333
0.2,1.25,24,0.5292596132060517,0.00979723716050104,0.001959447432100208,0.27665109346424865,-7.105263157894739,1.0,-0.03866146531901496,2.1715416330463673,3.1124063447567094,0.9109333646278635,0.9632511136831002,0.07074038679394823,0.6183613364923707,0.26803873697916675,0.05534798177083333
0.2,1.25,25,0.5192620239719624,0.009610837943149472,0.0019221675886298946,0.26735872012994366,-7.105263157894739,1.0,-0.05896313604656324,2.1953773041571263,3.1114765493675316,0.9016642880489876,0.9571114292176361,0.08073797602803756,0.6644822121427911,0.26803873697916675,0.05534798177083333
0.2,1.25,26,0.509245145044023,0.00945543670335219,0.001891087340670438,0.258079511125221,-7.105263157894739,1.0,-0.08138800235067407,2.2205846826544517,3.110351758261509,0.8916693760774433,0.9503068004641719,0.09075485495597702,0.713579598142811,0.26803873697916675,0.05534798177083333
0.2,1.25,27,0.49921507576780416,0.009322867545965055,0.0018645735091930111,0.24882874466863258,-7.105263157894739,1.0,-0.10621321365907263,2.2472518588537884,3.109036141606922,0.8809079539417026,0.9427943670709096,0.10078492423219582,0.765844150866695,0.26803873697916675,0.05534798177083333
0.2,1.25,28,0.4891759500678991,0.009207322872452352,0.0018414645744904705,0.23961950802670134,-7.105263157894739,1.0,-0.1337618455548737,2.275464662437499,3.1075241085470515,0.8693403868253635,0.9345312052149224,0.11082404993210088,0.8214736479529201,0.26803873697916675,0.05534798177083333
0.2,1.25,29,0.4791308199286948,0.00910451182353349,0.0018209023647066981,0.2304641003172462,-7.105263157894739,1.0,-0.1644111033896009,2.3053055311134303,3.105802339784845,0.8569284183170667,0.9254747603174496,0.1208691800713052,0.8806716842239846,0.26803873697916675,0.05534798177083333
0.2,1.25,30,0.46908209568827275,0.009011150186720598,0.0018022300373441197,0.22137488549078005,-7.105263157894739,0.9999999999999999,-0.19860318716337436,2.336851034021657,3.1038503198796294,0.8436355998403074,0.9155833292123734,0.13091790431172723,0.9436467659845938,0.26803873697916675,0.05534798177083333
0.2,1.25,31,0.45903178344895296,0.008924644375780097,0.0017849288751560196,0.2123648954497652,-7.105263157894739,1.0,-0.23685939576668935,2.3701674930635384,3.101639895664168,0.8294278409388649,0.9048166330539108,0.14096821655104702,1.0106113451179708,0.26803873697916675,0.05534798177083333
0.2,1.25,32,0.44898162221454124,0.008842891472549996,0.0017685782945099993,0.203448326146734,-7.105263157894739,1.0,-0.2797975893632596,2.405304109513153,3.0991340098863773,0.8142740441936045,0.8931364653051416,0.15101837778545874,1.081780638031065,0.26803873697916675,0.05534798177083333
0.2,1.25,33,0.43893316778123787,0.008764150951353222,0.0017528301902706444,0.19464100198682613,-7.105263157894739,1.0,-0.32815397732052015,2.4422826210814605,3.096284540704644,0.7981468120060734,0.8805074115887159,0.1610668322187621,1.1573711128102397,0.26803873697916675,0.05534798177083333
0.2,1.25,34,0.4288878460891184,0.008686962145169971,0.0017373924290339942,0.18596085316940042,-7.105263157894739,0.9999999999999999,-0.38281057491722287,2.4810819077730124,3.093028991961249,0.7810232025002445,0.8668976269535951,0.17111215391088158,1.2375985024821714,0.26803873697916675,0.05534798177083333
0.2,1.25,35,0.41884698746786125,0.008610091639409647,0.0017220183278819296,0.17742843602762481,-7.105263157894739,0.9999999999999999,-0.44482985065724717,2.521615185620323,3.089285552022552,0.7628855040527645,0.8522796469587299,0.18115301253213872,1.3226750868786832,0.26803873697916675,0.05534798177083333
0.2,1.25,36,0.4088118477228696,0.008532500404176519,0.0017065000808353038,0.1690675187338656,-7.105263157894739,1.0,-0.5154985479563592,2.563696149720272,3.0849456925958885,0.7437220153089851,0.836631221190208,0.19118815227713037,1.4128057108637728,0.26803873697916675,0.05534798177083333
0.2,1.25,37,0.39878361933596435,0.008453323669596936,0.0016906647339193872,0.16090574910866384,-7.105263157894739,1.0,-0.5963833989657218,2.6069881421584835,3.0798628899099736,0.7235277838787124,0.8199361282008937,0.20121638066403563,1.508181684568706,0.26803873697916675,0.05534798177083333
0.2,1.25,38,0.3887634348503674,0.008371858430900346,0.0016743716861800694,0.1529754141432115,-7.105263157894739,1.0,-0.6894010676032442,2.6509276516769624,3.0738349820839503,0.7023052790186446,0.8021849471883002,0.21123656514963257,1.6089709718963257,0.26803873697916675,0.05534798177083333
0.2,1.25,39,0.3787523640864339,0.008287554702252833,0.0016575109404505667,0.14531428839159535,-7.105263157894739,1.0,-0.7969052403347863,2.6946076399011916,3.06657563172509,0.6800649568244599,0.7833757461111219,0.22124763591356605,1.7153018910829845,0.26803873697916675,0.05534798177083333
0.2,1.25,40,0.3687514068117907,0.008200007593946412,0.0016400015187892825,0.1379665457303063,-7.105263157894739,1.0,-0.921791748224307,2.736597901503333,3.057666228840393,0.6568257022737276,0.7635146669415783,0.23124859318820928,1.8272353926270901,0.26803873697916675,0.05534798177083333
0.2,1.25,41,0.35876148260336044,0.008108948161322821,0.0016217896322645643,0.13098366981816478,-7.105263157894739,1.0,-1.0676176642560544,2.774665242603236,3.0464706719946757,0.6326151033833141,0.7426163627465833,0.24123851739663954,1.9447173824866972,0.26803873697916675,0.05534798177083333
0.2,1.25,42,0.37320252717970526,0.19549809125651296,0.03909961825130259,0.29937874928714436,-7.105263157894739,1.0,-0.24785397126035028,2.2250755952679464,2.262141016553294,0.6100420197167745,0.6976509815813434,0.22679747282029472,1.9571556789970104,0.26803873697916675,0.05534798177083333
0.2,1.25,43,0.3487834197039992,0.008014231830155203,0.0016028463660310408,0.12442523587327628,-7.105263157894739,1.0,-1.2387158360196477,2.805333201522747,3.0319748393148562,0.6074695419103591,0.7207042657306069,0.2512165802960008,2.067496134347676,0.26803873697916675,0.05534798177083333
0.2,1.25,44,0.33881794458404046,0.007915824013018768,0.0015831648026037538,0.1183593451630358,-7.105263157894739,1.0,-1.4402481690670312,2.823185116155788,3.0124601986186743,0.5814340853227892,0.6978106656773042,0.2611820554159595,2.1949793332798087,0.26803873697916675,0.05534798177083333
0.2,1.25,45,0.32886567363349317,0.007813783223144521,0.0015627566446289043,0.11286237791679672,-7.105263157894739,1.0,-1.6780388435788027,2.8197676360037045,2.9847720584428656,0.5545621655753916,0.6739765789404455,0.2711343263665068,2.3259905048356493,0.26803873697916675,0.05534798177083333
0.2,1.25,46,0.3189271079642114,0.007708242484978663,0.0015416484969957326,0.10801761587078448,-7.105263157894739,1.0,-1.9577390448739915,2.7819397259004726,2.942452148486726,0.526915065334982,0.649251420347076,0.28107289203578856,2.458378695639329,0.26803873697916675,0.05534798177083333
0.2,1.25,47,0.3090026317805565,0.007599390097665311,0.0015198780195330623,0.10391223558553174,-7.105263157894739,1.0,-2.281945866397834,2.6898526225030395,2.870035486718603,0.4985612035869732,0.6236924654592171,0.2909973682194435,2.588544795060086,0.26803873697916675,0.05534798177083333
0.2,1.25,48,0.2990925142787504,0.007487450823835597,0.0014974901647671194,0.10063229488929609,-7.105263157894739,1.0,-2.640123784875463,2.5177176864501605,2.720504941733995,0.4695752488011801,0.597364124344492,0.3009074857212496,2.7119796591528473,0.26803873697916675,0.05534798177083333
0.2,1.25,49,0.2891969146320243,0.007372668413357496,0.0014745336826714993,0.09825574409968038,-7.105263157894739,1.0,-2.963234656491987,2.2674015062140267,2.291106301083658,0.4400370853769252,0.5703370473203705,0.3108030853679757,2.8351505484433304,0.26803873697916675,0.05534798177083333
0.2,1.25,50,0.2793158893679417,0.007255290090602366,0.0014510580181204733,0.09684421582210617,-7.105263157894739,1.0,-2.9396678946942734,2.197669767966517,1.1265803437684707,0.41003065896000296,0.5426870842664895,0.32068411063205826,3.014896826577483,0.26803873697916675,0.05534798177083333
0.2,1.25,51,0.269449401338611,0.007135553322925697,0.0014271106645851394,0.09643517512460617,-7.105263157894739,1.0,-2.5562770417393685,2.370797674798083,0.5000227686891333,0.3796427551237775,0.5144941475435638,0.330550598661389,3.1634292312367736,0.26803873697916675,0.05534798177083333
0.2,1.25,52,0.25959732950513187,0.007013674896677265,0.0014027349793354531,0.09703647893531099,-7.105263157894739,1.0,-2.1960860812341347,2.483476101972743,0.3042887942753386,0.34896173486346027,0.48584100115454554,0.3404026704948681,3.2672138950565137,0.26803873697916675,0.05534798177083333
0.2,1.25,53,0.24975947886849623,0.006889842095308408,0.0013779684190616817,0.09862502968479779,-7.105263157894739,1.0,-1.9045369776004732,2.537119330739733,0.21684956649960177,0.3180762747773569,0.45681202279781485,0.3502405211315037,3.358578805117828,0.26803873697916675,0.05534798177083333
0.2,1.25,54,0.23993559002395626,0.006764205616448409,0.0013528411232896819,0.10114998808929085,-7.105263157894739,1.0,-1.6686424424829651,2.5573908940335115,0.16801244441841767,0.28707415050324964,0.42749197809289985,0.3600644099760437,3.4474209653278596,0.26803873697916675,0.05534798177083333
0.2,1.25,55,0.2301253479822088,0.006636873766185317,0.0013273747532370635,0.10453952954455356,-7.105263157894739,1.0,-1.4747458933052717,2.5592543641296004,0.13695816809728717,0.25604109537816955,0.39796484096165785,0.3698746520177912,3.5369222484966856,0.26803873697916675,0.05534798177083333
0.2,1.25,56,0.22032839003644247,0.006507907421378149,0.0013015814842756298,0.10870919305760833,-7.105263157894739,1.0,-1.3126466982712086,2.5509393738145536,0.11549473055815922,0.22505977290994217,0.36831270132954996,0.37967160996355753,3.628048285332503,0.26803873697916675,0.05534798177083333
0.2,1.25,57,-1.1259222385308022e-11,1.7672188498594293e-14,3.534437699718859e-15,0.2899971739031829,7.105263157894739,1.0,3.7663373466322487e-11,2.3125860158889657,6.231206205982312e-13,0.3545095299882466,0.22153102163950006,0.6000000000112592,3.680793778622208,0.26803873697916675,0.05534798177083333
0.2,1.25,58,0.005701887402478402,4.2619104586622764e-14,8.523820917324553e-15,0.28473534903524206,-7.105263157894739,1.0,-0.018970383409972306,2.31274577764448,9.348816235707707e-13,0.3436003164764168,0.2095654514211368,0.5942981125975215,3.708119788931951,0.26803873697916675,0.05534798177083333
0.2,1.25,59,0.008243095472867858,1.2881012671250043e-13,2.5762025342500087e-14,0.28239577137420163,-7.105263157894739,1.0,-0.027434100198913226,2.3129199528906805,1.5706872626089422e-12,0.33866200682834513,0.2041679713567966,0.5917569045271321,3.720561230998596,0.26803873697916675,0.05534798177083333
0.2,1.25,60,0.2105443125817302,0.006377315229502022,0.0012754630459004045,0.11356986203567217,-7.105263157894739,1.0,-1.1750002098336365,2.5370847947388864,0.09977557187977319,0.19420888363740696,0.33861478474571705,0.38945568741826975,3.720927439233137,0.26803873697916675,0.05534798177083333
0.2,1.25,61,0.016672777752637244,0.0016180432931529184,0.0003236086586305837,0.2733724028008946,-7.105263157894739,1.0,-0.05559465471281502,2.3139428180719763,0.011197387735249968,0.32189615741277877,0.18590591061873063,0.5833272222473628,3.761197670306574,0.26803873697916675,0.05534798177083333
0.2,1.25,62,0.02634413459454169,0.002435182947309684,0.0004870365894619368,0.2638471867184048,-7.105263157894739,1.0,-0.08817861825248911,2.31597991955104,0.016942735657173663,0.3020436858226445,0.16445224570641434,0.5736558654054583,3.8111999873613662,0.26803873697916675,0.05534798177083333
0.2,1.25,63,0.20077267686454284,0.00624504850146551,0.001249009700293102,0.11903409203235918,-7.105263157894739,1.0,-1.0564798513669764,2.5203846322847445,0.08776219298475192,0.1635624210527996,0.30894660298340315,0.39922732313545717,3.815355978138214,0.26803873697916675,0.05534798177083333
0.2,1.25,64,0.03600439366039139,0.0029526595028833693,0.0005905319005766739,0.25459971653877517,-7.105263157894739,1.0,-0.12118752445439611,2.318945954272521,0.02070410082361175,0.2815475451958455,0.1424669770096785,0.5639956063396085,3.86384305273417,0.26803873697916675,0.05534798177083333
0.2,1.25,65,0.19101301370910562,0.006110995218912609,0.0012221990437825219,0.12502034004165932,-7.105263157894739,0.9999999999999999,-0.9531571413241399,2.5024412846001614,0.078275026627093,0.13318908812113753,0.2793792517083169,0.40898698629089436,3.9110133783504177,0.26803873697916675,0.05534798177083333
0.2,1.25,66,0.04566016199485794,0.0033417441166482434,0.0006683488233296487,0.24550117236344549,-7.105263157894739,1.0,-0.15482524773012704,2.3228500248191577,0.023675328161938982,0.26039186109556245,0.11993166406579704,0.5543398380051421,3.9189958124704183,0.26803873697916675,0.05534798177083333
0.2,1.25,67,0.05531476206949464,0.0036580847648623894,0.0007316169529724779,0.23651399812975626,-7.105263157894739,1.0,-0.18929609135138034,2.327705209339532,0.02625290915462459,0.23856984049182617,0.09683991539483366,0.5446852379305054,3.976641874403036,0.26803873697916675,0.05534798177083333
0.2,1.25,68,0.18126482728102922,0.005974972522437485,0.0011949945044874971,0.131455268335922,-7.105263157894739,0.9999999999999999,-0.8620808710938942,2.484223117574953,0.07058428759356462,0.10315187677320507,0.24997886226592592,0.41873517271897076,4.007592132636424,0.26803873697916675,0.05534798177083333
0.2,1.25,69,0.0649702327320425,0.00392770544957324,0.000785541089914648,0.22762468382181947,-7.105263157894739,1.0,-0.22481546380913556,2.333527898302654,0.028630339153840598,0.21607861532967737,0.07319043222127913,0.5350297672679575,4.036791783195106,0.26803873697916675,0.05534798177083333
0.2,1.25,70,0.0746280163439939,0.0041650477588275085,0.0008330095517655018,0.21882979183129123,-7.105263157894739,1.0,-0.26161672333741043,2.34033728915164,0.030923398949137915,0.19291793864277068,0.04898526984827353,0.5253719836560061,4.0994655642211635,0.26803873697916675,0.05534798177083333
0.2,1.25,71,0.17152759796870512,0.0058367169116340534,0.0011673433823268108,0.1382745867646249,-7.105263157894739,1.0,-0.7809942009656667,2.4663194048706236,0.06421390928399077,0.07350780212295872,0.22080620382228236,0.4284724020312949,4.1046736368216505,0.26803873697916675,0.05534798177083333
0.2,1.25,72,0.08428924289901972,0.004378999400272508,0.0008757998800545015,0.210131447504347,-7.105263157894739,1.0,-0.29995747520884025,2.3481547993147514,0.033212557252728224,0.16908992855585936,0.02422941611473877,0.5157107571009802,4.164686763068885,0.26803873697916675,0.05534798177083333
0.2,1.25,73,0.1618007844376556,0.005695871196048836,0.0011391742392097672,0.14542293800613051,-7.105263157894739,1.0,-0.7081424695228671,2.449087429592293,0.05883954737312213,0.04430779406388538,0.1919164424099388,0.43819921556234437,4.201926889269584,0.26803873697916675,0.05534798177083333
0.2,1.25,74,0.09395486330584989,0.0045754265875924995,0.0009150853175184999,0.20153561598994923,-7.105263157894739,1.0,-0.3401264472153904,2.35700325618787,0.035561374146606144,0.14459920376565893,0.001069159487835948,0.5060451366941501,4.230341347721267,0.26803873697916675,0.05534798177083333
0.2,1.25,75,0.10362571790865541,0.004758401327598774,0.0009516802655197549,0.19305145282429326,-7.105263157894739,1.0,-0.3824515914556189,2.36690571607122,0.03802612797497976,0.11945319563526918,0.026899254594966275,0.4963742820913446,4.249069197869636,0.26803873697916675,0.05534798177083333
0.2,1.25,76,0.11330257421192837,0.004930858478541008,0.0009861716957082016,0.1846911620847357,-7.105263157894739,1.0,-0.42731000255584844,2.3778837130683486,0.04066186003891455,0.09366254171390279,0.05324609547891494,0.4866974257880716,4.269380266484311,0.26803873697916675,0.05534798177083333
0.2,1.25,77,0.12298614874690024,0.005094974489089732,0.0010189948978179464,0.17647014567998567,-7.105263157894739,0.9999999999999999,-0.47514034635809155,2.3899546470728206,0.04352702037140322,0.06724152446849647,0.08009095590859225,0.47701385125309975,4.291331075943102,0.26803873697916675,0.05534798177083333
0.2,1.25,78,0.1520838248981699,0.005551966884257974,0.001110393376851595,0.1528532434397381,-7.105263157894739,1.0,-0.642140464844744,2.4327399864868013,0.054231899107937125,0.015596719612171546,0.1633590339827453,0.44791617510183007,4.299053230495811,0.26803873697916675,0.05534798177083333
0.2,1.25,79,0.13267712021634806,0.005252398537917417,0.0010504797075834836,0.16840735473971505,-7.105263157894739,1.0,-0.5264587085114931,2.4031278713406357,0.04668786489775669,0.04020852566970452,0.10741076720820271,0.46732287978365195,4.314983980319502,0.26803873697916675,0.05534798177083333
0.2,1.25,80,0.14237613756018858,0.005404400134543216,0.0010808800269086433,0.16052580564936492,-7.105263157894739,1.0,-0.581879112025965,2.4173988020561925,0.05022342684057515,0.01258647563186603,0.13517774260404503,0.4576238624398114,4.340407831476069,0.26803873697916675,0.05534798177083333
0.2,1.275,1,0.7207025143845186,0.006117209711912512,0.0012234419423825024,0.4486558027086856,-7.105263157894739,0.9999999999999999,0.14516314326101615,1.8810860683322168,3.1339585672729653,0.9969149421064166,0.9998662861651495,0.0,0.253071441491894,0.28134521484375,0.05155175781249999
0.2,1.275,2,0.7300219034583415,0.005914391373096002,0.0011828782746192005,0.4578666266154947,-7.105263157894739,0.9999999999999999,0.14758238619009476,1.8749908890406553,3.1343951990889107,0.9976626355524965,0.9996505176957751,0.0,0.2531811621840113,0.28134521484375,0.05155175781249999
0.2,1.275,3,0.7113132606507436,0.006324299938057563,0.0012648599876115127,0.43937980403999316,-7.105263157894739,1.0,0.1425221104033024,1.8875962462968763,3.1334894867521603,0.9960322044474413,0.9999797004488271,0.0,0.2534897611421872,0.28134521484375,0.05155175781249999
0.2,1.275,4,0.7392665170275008,0.00571533584347395,0.00114306716869479,0.4670073118371408,-7.105263157894739,0.9999999999999999,0.14976978536212737,1.8693092110425262,3.1348021864515254,0.9982866821042096,0.9993428896651064,0.0,0.2538616081164228,0.28134521484375,0.05155175781249999
0.2,1.275,5,0.701858927323046,0.00653628203456448,0.001307256406912896,0.43004343341245843,-7.105263157894739,1.0,0.13961989403837508,1.8945517209009517,3.1329847175423016,0.9950021343149926,0.9999793986362868,0.0,0.254476503970917,0.28134521484375,0.05155175781249999
0.2,1.275,6,0.6923441815036063,0.006753914871730502,0.0013507829743461004,0.4206513253563491,-7.105263157894739,1.0,0.1364575533697985,1.9019604208833762,3.1324404840833293,0.9938114848675309,0.9998530829877531,0.0,0.2560772116996565,0.28134521484375,0.05155175781249999
0.2,1.275,7,0.7484313146446543,0.005519624046567929,0.0011039248093135858,0.47607274022296103,-7.105263157894739,1.0,0.15178755405861002,1.863997307033306,3.1351819749158127,0.9987976501374503,0.9989530935933238,0.0,0.2574400148176589,0.28134521484375,0.05155175781249999
0.2,1.275,8,0.6827735857646835,0.00697813423455464,0.0013956268469109282,0.41120793846387255,-7.105263157894739,1.0,0.1329899477543648,1.9098559263661454,3.1318523432994136,0.9924459740702306,0.999587444813903,0.0,0.2583537172181238,0.28134521484375,0.05155175781249999
0.2,1.275,9,0.6731516199749328,0.007210105401986756,0.0014420210803973512,0.4017175471096571,-7.105263157894739,1.0,0.12919046154521824,1.9182616277696052,3.131215006383516,0.9908902040886539,0.99916808242747,0.0,0.2613662659776991,0.28134521484375,0.05155175781249999
0.2,1.275,10,0.75751112542834,0.005326911079326957,0.0010653822158653915,0.485057646290493,-7.105263157894739,1.0,0.1536077030785485,1.8590655915641154,3.135536711830109,0.9992053387212531,0.9984900763789712,0.0,0.26139293602087577,0.28134521484375,0.05155175781249999
0.2,1.275,11,0.6634827162833625,0.00745129727725377,0.0014902594554507542,0.39218423283476495,-7.105263157894739,1.0,0.12505112192543014,1.9271928504952502,3.1305220920020567,0.9891275676135319,0.9985794096530152,0.0,0.26517436042812065,0.28134521484375,0.05155175781249999
0.2,1.275,12,0.6537713157991788,0.007703589194738782,0.0015407178389477564,0.3826118767594515,-7.105263157894739,1.0,0.12051809113019674,1.936687505552463,3.1297657746581566,0.9871401355553188,0.9978045496254908,0.0,0.2698539838760707,0.28134521484375,0.05155175781249999
0.2,1.275,13,0.6440219628444721,0.00796942865461288,0.0015938857309225761,0.37300415708097,-7.105263157894739,1.0,0.11555735614286128,1.946774466629195,3.1289362667778207,0.9849085235400192,0.9968252097234374,0.0,0.2754808516694667,0.28134521484375,0.05155175781249999
0.2,1.275,14,0.634239467778642,0.008252070605503262,0.0016504141211006525,0.36336456266863804,-7.105263157894739,1.0,0.11014612288228766,1.9574790759825738,3.1280210258579237,0.9824117145947191,0.9956215229354334,0.0,0.28213367227596586,0.28134521484375,0.05155175781249999
0.2,1.275,15,0.6244292024468764,0.008555951078974222,0.0017111902157948445,0.35369645197022964,-7.105263157894739,1.0,0.10421980899780396,1.9688456935157386,3.1270034839918504,0.9796268094383696,0.9941718323702582,0.0,0.2899082676512994,0.28134521484375,0.05155175781249999
0.2,1.275,16,0.614597669740784,0.008887287246899358,0.0017774574493798715,0.34400323674272554,-7.105263157894739,1.0,0.0977349583024365,1.9809117718602365,3.125860898663073,0.9765286521315222,0.9924523763605146,0.0,0.29890364696538463,0.28134521484375,0.05155175781249999
0.2,1.275,17,0.6047536852075641,0.0092550600054861,0.0018510120010972202,0.3342889188779273,-7.105263157894739,1.0,0.09063877900603451,1.9937211504365662,3.124560476069085,0.9730892608971405,0.9904368092270595,0.0,0.3092320756072222,0.28134521484375,0.05155175781249999
0.2,1.275,18,0.5949110527115916,0.009672595687778021,0.0019345191375556043,0.3245596887459016,-7.105263157894739,1.0,0.08284849518395265,2.007332031661795,3.1230518466531847,0.9692770803000872,0.988095526209009,0.005088947288408363,0.3281523310067824,0.28134521484375,0.05155175781249999
0.2,1.275,19,0.5850952524032622,0.010159677200112868,0.002031935440022574,0.31482900544119896,-7.105263157894739,0.9999999999999999,0.07430434029596537,2.0217935131634883,3.1212514156219715,0.965057261847443,0.9853955016119179,0.014904747596737766,0.35530339498702723,0.28134521484375,0.05155175781249999
0.2,1.275,20,0.5753616098758699,0.010741770982804977,0.0021483541965609957,0.30513515144578657,-7.105263157894739,1.0,0.06491522535896062,2.0371170596042556,3.1190106331495633,0.9604045759547565,0.9823083629677478,0.02463839012413005,0.38408319300983595,0.28134521484375,0.05155175781249999
0.2,1.275,21,0.5658401767481109,0.011418196214639928,0.0022836392429279855,0.2956014113888509,-7.105263157894739,1.0,0.05483341347949861,2.052835292841159,3.116106021176628,0.9554241276429891,0.9788934660616402,0.03415982325188904,0.41394378583259595,0.28134521484375,0.05155175781249999
0.2,1.275,22,0.5567335259670867,0.011984198908525527,0.0023968397817051056,0.28653287555504275,-7.105263157894739,1.0,0.04540137960746736,2.0663419152477203,3.1129316502892737,0.9509149507720187,0.9757109329594955,0.04326647403291328,0.44148312630801945,0.28134521484375,0.05155175781249999
0.2,1.275,23,0.5478440185542359,0.0119626069205823,0.0023925213841164603,0.2780122584572346,-7.105263157894739,1.0,0.03734392484937202,2.077578731456325,3.112102082161744,0.9471278671034165,0.9730024955545596,0.052155981445764055,0.4658006659690176,0.28134521484375,0.05155175781249999
0.2,1.275,24,0.5385735340069663,0.011476915932847463,0.0022953831865694927,0.2694260195048913,-7.105263157894739,1.0,0.026378213456492734,2.0938207916110256,3.112953482838387,0.9417206683223625,0.9690826553432378,0.061426465993033696,0.4968549414399071,0.28134521484375,0.05155175781249999
0.2,1.275,25,0.5289129013353102,0.010980740894067677,0.0021961481788135354,0.2605259853641596,-7.105263157894739,1.0,0.012737164213543442,2.1133327572874854,3.113334746933507,0.9350159998117265,0.9641114760700003,0.07108709866468976,0.5334863510856792,0.28134521484375,0.05155175781249999
0.2,1.275,26,0.5190632279630818,0.0105881854594184,0.0021176370918836803,0.25143967626670893,-7.105263157894739,1.0,-0.0026023131712499593,2.1342727755065174,3.1131759602224323,0.9275889113048319,0.9584883138535558,0.08093677203691818,0.5732228817217441,0.28134521484375,0.05155175781249999
0.2,1.275,27,0.5091260302078451,0.010282681694520094,0.002056536338904019,0.2422739078449399,-7.105263157894739,1.0,-0.01955902243575721,2.1564053067425726,3.1126563271133043,0.9195179101298062,0.9522621556722319,0.0908739697921549,0.6156527100032649,0.28134521484375,0.05155175781249999
0.2,1.275,28,0.4991436359033034,0.010038933003738667,0.0020077866007477334,0.23308670213130164,-7.105263157894739,1.0,-0.03827976814510805,2.179785886097843,3.11187139420572,0.9107778046245288,0.9454045239405485,0.10085636409669657,0.6608450053763985,0.28134521484375,0.05155175781249999
0.2,1.275,29,0.4891355320651534,0.009838731037860295,0.001967746207572059,0.2239123094914138,-7.105263157894739,1.0,-0.058981864049792894,2.204506172571121,3.110865376901153,0.9013274733466281,0.937873802166902,0.11086446793484656,0.7089649699500227,0.28134521484375,0.05155175781249999
0.2,1.275,30,0.479111970692871,0.009669796577512926,0.0019339593155025853,0.21477449668580684,-7.105263157894739,1.0,-0.08192261192445846,2.2306598698758733,3.1096562195110615,0.8911236142395567,0.9296258438755973,0.120888029307129,0.7602037604512588,0.28134521484375,0.05155175781249999
0.2,1.275,31,0.46907904721643173,0.009523685691004475,0.001904737138200895,0.20569255504838446,-7.105263157894739,1.0,-0.10740143765238662,2.2583392929299664,3.1082468084910606,0.8801231016664555,0.9206159883666766,0.13092095278356825,0.8147645745319312,0.28134521484375,0.05155175781249999
0.2,1.275,32,0.4590407877861102,0.009394379792810537,0.0018788759585621076,0.19668425135046685,-7.105263157894739,1.0,-0.1357685976046996,2.2876345881538627,3.1066298434418416,0.8682836039896964,0.9107996964844087,0.1409592122138898,0.8728592447656356,0.28134521484375,0.05155175781249999
0.2,1.275,33,0.4490000974332746,0.009277428055196053,0.0018554856110392108,0.18776750379611584,-7.105263157894739,1.0,-0.16743487546867644,2.3186321072781686,3.1047897759056218,0.8555640033397901,0.9001330108342485,0.15099990256672535,0.9347068442006582,0.28134521484375,0.05155175781249999
0.2,1.275,34,0.4389592306025667,0.009169427541395684,0.001833885508279137,0.17896151999929025,-7.105263157894739,0.9999999999999999,-0.2028841547489475,2.3514112768779616,3.1027031753996663,0.8419248904646655,0.8885730730522896,0.16104076939743328,1.0005327708415526,0.28134521484375,0.05155175781249999
0.2,1.275,35,0.4289200428627018,0.009067702721575064,0.001813540544315013,0.17028772596020586,-7.105263157894739,1.0,-0.24268956192678012,2.3860393125794634,3.1003380327529895,0.8273291657052497,0.8760787340044035,0.17107995713729818,1.0705678365094364,0.28134521484375,0.05155175781249999
0.2,1.275,36,0.4188841338755591,0.008970104427678814,0.001794020885535763,0.16177064958878895,-7.105263157894739,1.0,-0.28753371420153884,2.422562977017384,3.0976521154297054,0.8117427294529552,0.8626112492274087,0.18111586612444086,1.145047163762145,0.28134521484375,0.05155175781249999
0.2,1.275,37,0.4088529318633937,0.008874882181128923,0.0017749764362257848,0.1534388502113581,-7.105263157894739,0.9999999999999999,-0.33823423288140625,2.460996121080104,3.0945902461323787,0.7951352560497991,0.8481350586309875,0.19114706813660626,1.2242087211262294,0.28134521484375,0.05155175781249999
0.2,1.275,38,0.3988277439013553,0.008780602539498087,0.0017561205078996174,0.1453259492565592,-7.105263157894739,1.0,-0.39577606441491825,2.5013010457026246,3.0910801506142964,0.777481013606649,0.8326186195632508,0.2011722560986447,1.3082913478169496,0.28134521484375,0.05155175781249999
0.2,1.275,39,0.3888097845255258,0.008686096461689356,0.0017372192923378713,0.13747179139393928,-7.105263157894739,1.0,-0.4613525635323845,2.5433606695001894,3.0870262240702897,0.7587597109660079,0.8160352771213139,0.2111902154744742,1.397531888685035,0.28134521484375,0.05155175781249999
0.2,1.275,40,0.3788001895965588,0.008590424568846275,0.001718084913769255,0.12992373424574766,-7.105263157894739,1.0,-0.5364181121239895,2.586936576440506,3.082300091743447,0.7389573348113736,0.7983641379293249,0.22119981040344117,1.4921607860087807,0.28134521484375,0.05155175781249999
0.2,1.275,41,0.36880001978835986,0.00849285270868741,0.001698570541737482,0.12273801425335307,-7.105263157894739,1.0,-0.622755047827343,2.6316055939401974,3.0767260062490642,0.7180669609164196,0.7795909315124362,0.23119998021164012,1.5923948476333152,0.28134521484375,0.05155175781249999
0.2,1.275,42,0.3588102569483521,0.008392832558622235,0.001678566511724447,0.11598105045457642,-7.105263157894739,1.0,-0.7225584875939833,2.6766628112908775,3.070057566198725,0.6960894891126734,0.7597088110979466,0.24118974305164786,1.698425026356906,0.28134521484375,0.05155175781249999
0.2,1.275,43,0.3488317960928042,0.008289983733494193,0.0016579967466988387,0.10973041070977972,-7.105263157894739,1.0,-0.8385420221117423,2.72097170490861,3.0619391631032613,0.6730342758905522,0.7387190667490671,0.2511682039071958,1.8103952424052905,0.28134521484375,0.05155175781249999
0.2,1.275,44,0.3641031259245912,0.19310471608589083,0.03862094321717817,0.29495394866022345,-7.105263157894739,1.0,-0.21106259958267393,2.213834906854113,2.3451271185913987,0.6469388855946113,0.6991746630995992,0.23589687407540877,1.86975034109617,0.28134521484375,0.05155175781249999
0.2,1.275,45,0.33886543552064174,0.008184075280120776,0.0016368150560241554,0.10407496980367201,-7.105263157894739,1.0,-0.9740646851189783,2.7627296916822233,3.0518391121937927,0.6489196321397874,0.7166317172562939,0.26113456447935823,1.9283652533364164,0.28134521484375,0.05155175781249999
0.2,1.275,46,0.3289118672102865,0.0080750056224659,0.0016150011244931801,0.09911356285258574,-7.105263157894739,1.0,-1.1332710271331683,2.799096963140152,3.038926929991304,0.6237731496451195,0.6934659428886452,0.2710881327897135,2.0522452768533803,0.28134521484375,0.05155175781249999
0.2,1.275,47,0.3189716692091867,0.00796278095389307,0.001592556190778614,0.0949512805729073,-7.105263157894739,1.0,-1.3212119471928903,2.8256028307311984,3.021831822969131,0.5976318510023824,0.6692503497549296,0.2810283307908133,2.181680855024455,0.28134521484375,0.05155175781249999
0.2,1.275,48,0.3090453011482785,0.007847492711224856,0.0015694985422449713,0.0916926710999765,-7.105263157894739,1.0,-1.5438475458104735,2.835192703279581,2.9981235416880683,0.570542125865215,0.6440230267270075,0.2909546988517215,2.3158520269492,0.28134521484375,0.05155175781249999
0.2,1.275,49,0.29913310339413995,0.007729295094811673,0.0015458590189623346,0.08943177250649695,-7.105263157894739,1.0,-1.8076456723198835,2.8167229632386075,2.963060121135646,0.5425594524745002,0.6178313895011494,0.30086689660586,2.4531341684611085,0.28134521484375,0.05155175781249999
0.2,1.275,50,0.28923529978342544,0.007608383639884045,0.001521676727976809,0.08824020611406919,-7.105263157894739,1.0,-2.1179109722965492,2.7527856445709062,2.9060542927743933,0.5137479010419783,0.590731804511022,0.31076470021657454,2.5905924015741384,0.28134521484375,0.05155175781249999
0.2,1.275,51,0.2793520034480304,0.00748497567861789,0.001496995135723578,0.0881561004253713,-7.105263157894739,1.0,-2.472844539908124,2.617941268366393,2.7982064502975668,0.48417941814107524,0.5627889881139785,0.32064799655196957,2.723687075996612,0.28134521484375,0.05155175781249999
0.2,1.275,52,0.2694832249784092,0.007359293236923661,0.0014718586473847321,0.08917736542766735,-7.105263157894739,1.0,-2.839338026385738,2.3893375558705725,2.5316188211815365,0.4539329256756979,0.5340752098975057,0.33051677502159077,2.850347489872671,0.28134521484375,0.05155175781249999
0.2,1.275,53,0.25962888207390084,0.0072315485869471376,0.0014463097173894276,0.09126183699749829,-7.105263157894739,1.0,-3.0221099836476144,2.1828690871120764,1.6389578201136703,0.4230932418199949,0.5046693047280855,0.34037111792609914,3.008970361871245,0.28134521484375,0.05155175781249999
0.2,1.275,54,0.24978880987132016,0.007101932378055637,0.0014203864756111276,0.0943342706517324,-7.105263157894739,1.0,-2.7113256687484055,2.3183069697020717,0.6575386329101335,0.3917498649023865,0.4746555310108561,0.35021119012867985,3.1928022174855304,0.28134521484375,0.05155175781249999
0.2,1.275,55,0.2399627712671303,0.006970604039021136,0.0013941208078042274,0.09829762826981323,-7.105263157894739,1.0,-2.316890098579522,2.4651018288352122,0.35997935350772403,0.3599956591199408,0.44412231168326816,0.3600372287328697,3.315000108687025,0.28134521484375,0.05155175781249999
0.2,1.275,56,0.2301504667171229,0.0068376839893224475,0.0013675367978644897,0.10304511549417118,-7.105263157894739,1.0,-1.9923406384839153,2.539309368758929,0.24390877614363962,0.32792548242718866,0.41316089679779866,0.36984953328287706,3.415916729563657,0.28134521484375,0.05155175781249999
0.2,1.275,57,0.220351543167758,0.006703247105506659,0.001340649421101332,0.10847019699004833,-7.105263157894739,1.0,-1.7315641625168472,2.5703592413053893,0.18376548016914568,0.2956348115414045,0.38186400171180335,0.37964845683224197,3.5117224401496494,0.28134521484375,0.05155175781249999
0.2,1.275,58,0.21056560191852725,0.006567316847575331,0.0013134633695150663,0.11447337385414798,-7.105263157894739,1.0,-1.5191173996182046,2.5778766935311666,0.1472056303324673,0.2632184057739734,0.3503244630598886,0.38943439808147273,3.607381971031054,0.28134521484375,0.05155175781249999
0.2,1.275,59,5.2086115645966816e-12,1.2304196865717631e-13,2.4608393731435265e-14,0.29964222807663293,-7.105263157894739,1.0,-1.9393222384442764e-11,2.3536344077124243,1.331188101925003e-12,0.3416450976149519,0.2618604482335371,0.5999999999947914,3.6838125679987437,0.28134521484375,0.05155175781249999
0.2,1.275,60,0.20079220534151415,0.006429859420104609,0.001285971884020922,0.12096582243758736,-7.105263157894739,1.0,-1.3429234141602202,2.572548390599354,0.12267700129760772,0.23076905005896753,0.3186339540810563,0.3992077946584858,3.7044473202820094,0.28134521484375,0.05155175781249999
0.2,1.275,61,0.008102658685470273,1.2532741447139852e-13,2.5065482894279704e-14,0.292047649245964,-7.105263157894739,1.0,-0.03104910059384931,2.3540098632681707,1.4442747486359917e-12,0.3242398510204243,0.2433851157262104,0.5918973413145298,3.728715599759361,0.28134521484375,0.05155175781249999
0.2,1.275,62,0.01666492748454269,0.001776872537195077,0.0003553745074390154,0.28278226842083226,-7.105263157894739,1.0,-0.06400116335120372,2.3552089710631243,0.013515391468097052,0.30517597088744597,0.2232305562975101,0.5833350725154572,3.776304418535647,0.28134521484375,0.05155175781249999
0.2,1.275,63,0.19103088245534303,0.006290777321561019,0.0012581554643122039,0.127870653610468,-7.105263157894739,1.0,-1.1943014806426377,2.560271981417641,0.10508561497098982,0.19837641593780359,0.28688179997787244,0.4089691175446569,3.8032500757220156,0.28134521484375,0.05155175781249999
0.2,1.275,64,0.026339789229063156,0.002573543632437223,0.0005147087264874446,0.2731725259794623,-7.105263157894739,1.0,-0.10160613930466149,2.3575784217938875,0.019699597388802365,0.2829175020105734,0.19982832240525422,0.5736602107709369,3.8340820092099226,0.28134521484375,0.05155175781249999
0.2,1.275,65,0.03600227507514173,0.003086884417762809,0.0006173768835525618,0.2637963872136512,-7.105263157894739,1.0,-0.13978418885299282,2.361028984632874,0.023848822464335985,0.25991977425129437,0.1757711841293808,0.5639977249248582,3.894870614466855,0.28134521484375,0.05155175781249999
0.2,1.275,66,0.1812811334033851,0.006149901575253256,0.0012299803150506512,0.13512266498872225,-7.105263157894739,1.0,-1.0670176578345225,2.544405869447033,0.09184745267454665,0.16612607006311103,0.25515392547648486,0.4187188665966149,3.9036493961452656,0.28134521484375,0.05155175781249999
0.2,1.275,67,0.045659707577518055,0.003475129764395565,0.000695025952879113,0.25454490172314237,-7.105263157894739,1.0,-0.17881045416080232,2.3655707205344196,0.02717932396963252,0.23617214957642324,0.1510470205911399,0.554340292422482,3.958540640084064,0.28134521484375,0.05155175781249999
0.2,1.275,68,0.171542432912871,0.006006981828725165,0.001201396365745033,0.14266729617333154,-7.105263157894739,1.0,-0.9565240721949652,2.5269150814267216,0.08151444839545093,0.1340986464481442,0.22353195386835695,0.428457567087129,4.005323573855745,0.28134521484375,0.05155175781249999
0.2,1.275,69,0.055315682205090214,0.003791925567228431,0.0007583851134456863,0.2453840987701463,-7.105263157894739,1.0,-0.21896378212215525,2.371217976922469,0.03011584842541935,0.2116756690578433,0.12565742050574236,0.5446843177949098,4.025060076404427,0.28134521484375,0.05155175781249999
0.2,1.275,70,0.06497236605806407,0.004062721101575762,0.0008125442203151524,0.23630074930596257,-7.105263157894739,0.9999999999999999,-0.2605420628537157,2.377988244705503,0.03287208153240503,0.18643692125922,0.09961032125338941,0.5350276339419359,4.09441908235858,0.28134521484375,0.05155175781249999
0.2,1.275,71,0.16181423278976723,0.005861673312769811,0.0011723346625539624,0.15045926677064292,-7.105263157894739,1.0,-0.8594389702154166,2.508971595322342,0.0732122011771299,0.10236920806681116,0.19209248628770115,0.4381857672102327,4.107934929880355,0.28134521484375,0.05155175781249999
0.2,1.275,72,0.07463127108580682,0.004301737269271127,0.0008603474538542255,0.2272903700320458,-7.105263157894739,1.0,-0.3038727738278333,2.3859010739321915,0.035580566357949615,0.16046648863820426,0.07291813552823061,0.5253687289141932,4.1666142405824225,0.28134521484375,0.05155175781249999
0.2,1.275,73,0.15209596350809895,0.005713519319440225,0.0011427038638880452,0.15846117948384963,-7.105263157894739,1.0,-0.7731997283639825,2.4912815359405895,0.06638087105738238,0.07100678719304482,0.1609065540596732,0.447904036491901,4.211096990772881,0.28134521484375,0.05155175781249999
0.2,1.275,74,0.08429356951502887,0.004517759796481832,0.0009035519592963666,0.21835324317316496,-7.105263157894739,1.0,-0.3493233063212132,2.3949766669385184,0.03833805306412926,0.13377866171401534,0.04559733512473156,0.5157064304849711,4.241643013871357,0.28134521484375,0.05155175781249999
0.2,1.275,75,0.14238703487245993,0.005561927326409126,0.0011123854652818252,0.1666422329827914,-7.105263157894739,1.0,-0.6958296337686785,2.474270308488293,0.06064441738654591,0.04007410591245826,0.1300392485923582,0.45761296512754,4.314412714654758,0.28134521484375,0.05155175781249999
0.2,1.275,76,0.09396024041758962,0.004716600658928382,0.0009433201317856764,0.20949285530321027,-7.105263157894739,0.9999999999999999,-0.39731276443979896,2.4052338586230064,0.04122593474874547,0.10639161372209334,0.017668550637575713,0.5060397595824103,4.319501108969702,0.28134521484375,0.05155175781249999
0.2,1.275,77,0.10363214453289282,0.004902299303739342,0.0009804598607478685,0.20071527912930295,-7.105263157894739,1.0,-0.4483263777253131,2.4166871231335376,0.04432169827288207,0.07832776598793162,0.010843121342606933,0.49636785546710716,4.378494745164089,0.28134521484375,0.05155175781249999
0.2,1.275,78,0.11331006524657718,0.005077768717560806,0.0010155537435121611,0.1920290034076373,-7.105263157894739,1.0,-0.5029337248759347,2.429342080003881,0.047707042269110836,0.049614221383419234,0.03990774026853936,0.4866899347534228,4.403855537729024,0.28134521484375,0.05155175781249999
0.2,1.275,79,0.13268683568919062,0.0054061360230460405,0.0010812272046092082,0.17497710517151108,-7.105263157894739,1.0,-0.6257785923153056,2.4581908438876923,0.05573964055375634,0.009627465616619696,0.09954952045130083,0.4673131643108094,4.417552371494314,0.28134521484375,0.05155175781249999
0.2,1.275,80,0.12299473224568977,0.00524516902724197,0.001049033805448394,0.18344502173334254,-7.105263157894739,1.0,-0.561812305460819,2.4431886881327203,0.05147526765586199,0.02028321424500907,0.06949013028462371,0.4770052677543102,4.430974781802261,0.28134521484375,0.05155175781249999
0.2,1.3,1,0.766497361544398,0.00500183734569255,0.0010003674691385102,0.01113277323570164,-7.105263157894739,0.9999999999999999,0.15629807641996515,1.8390818595481087,3.136892957776151,1.0,0.9969149421064166,0.0,0.04028788570725933,0.7616080729166668,1e-06
0.2,1.3,2,0.7575074975335041,0.005181224589096918,0.0010362449178193836,0.011142424585651766,-7.105263157894739,1.0,0.15535522389817047,1.842952438958244,3.1365946710815353,0.9999659312942987,0.9975281891573962,0.0,0.04619499445283745,0.7616080729166668,1e-06
0.2,1.3,3,0.7484272733489573,0.005362495121827104,0.001072499024365421,0.016991644917712736,-7.105263157894739,1.0,0.15424910967099964,1.8471643776328324,3.1363026963244915,0.9998590893700596,0.9980908754828347,0.0,0.05936351531011932,0.7616080729166668,1e-06
0.2,1.3,4,0.7753914565025086,0.004824196553497808,0.0009648393106995616,0.016823631089902893,-7.105263157894739,1.0,0.1571431855178218,1.8355037946238004,3.137289215233189,0.9999681200226698,0.9962573500581764,0.0,0.06305742655774246,0.7616080729166668,1e-06
0.2,1.3,5,0.7392619678902997,0.005545819239770924,0.0011091638479541848,0.024946512611111814,-7.105263157894739,1.0,0.15302777349549818,1.8516914006011858,3.1359904621455157,0.9996721084461215,0.9985962680082069,0.0,0.07594984295560735,0.7616080729166668,1e-06
0.2,1.3,6,0.7841842500810048,0.0046481952030227565,0.0009296390406045513,0.0244145339577795,-7.105263157894739,1.0,0.15786873684498037,1.8322288105419036,3.1376611510580155,0.9998766144297484,0.9955611499942754,0.0,0.0868726726660211,0.7616080729166668,1e-06
0.2,1.3,7,0.7300167249346539,0.0057314052590683165,0.0011462810518136632,0.033606003110356074,-7.105263157894739,1.0,0.15163522699086698,1.8565751691464556,3.1356564510219522,0.9993970385481694,0.9990370734186387,0.0,0.0947986337127054,0.7616080729166668,1e-06
0.2,1.3,8,0.7928700944120914,0.004473753209893729,0.0008947506419787458,0.03251670452378059,-7.105263157894739,1.0,0.15848213324460644,1.8292472711895884,3.138009967175425,0.9997313418907104,0.9948316385794804,0.0,0.11030961635267449,0.7616080729166668,1e-06
0.2,1.3,9,0.7206965493826037,0.005919505283466619,0.0011839010566933239,0.04258952426407087,-7.105263157894739,1.0,0.15007632784296251,1.8618189654010424,3.135298959960028,0.9990252998138521,0.999405391453666,0.0,0.11554253494648818,0.7616080729166668,1e-06
0.2,1.3,10,0.8014432354091343,0.004300815082165656,0.0008601630164331312,0.04075283805779139,-7.105263157894739,1.0,0.15904160528355452,1.8265145069383137,3.1383367757213776,0.9995377308891532,0.9940737045134334,0.0,0.13325226172200613,0.7616080729166668,1e-06
0.2,1.3,11,0.7113063049758599,0.0061104225395573,0.00122208450791146,0.051764544169133654,-7.105263157894739,1.0,0.14832316378009458,1.8674460720373545,3.134916068196963,0.998547632572752,0.9996926661319521,0.0,0.14495095363025576,0.7616080729166668,1e-06
0.2,1.3,12,0.8098978235422346,0.0041293480351578685,0.0008258696070315738,0.04899054036726985,-7.105263157894739,1.0,0.15949772849644905,1.8240621613037107,3.1386425551122503,0.9993008115017368,0.9932918605801953,0.0,0.15531767687891176,0.7616080729166668,1e-06
0.2,1.3,13,0.8182279261179554,0.003959340456913797,0.0007918680913827595,0.05717063593512698,-7.105263157894739,1.0,0.15987587798816266,1.8218684755221073,3.1389282694453327,0.9990252448244311,0.9924902726652756,0.0,0.17656482109778807,0.7616080729166668,1e-06
0.2,1.3,14,0.7018507136103521,0.006304520780589799,0.00126090415611796,0.061072739321151294,-7.105263157894739,1.0,0.1463738316060602,1.8734649746250642,3.1345055978147576,0.9979540446901655,0.9998896316816337,0.0,0.1794133929440127,0.7616080729166668,1e-06
0.2,1.3,15,0.8264275411192559,0.003790800647680812,0.0007581601295361625,0.06526112023144491,-7.105263157894739,1.0,0.1602251110826791,1.8198948068787586,3.1391947781292324,0.9987153495890772,0.9916727845676419,0.0,0.19719626137707708,0.7616080729166668,1e-06
0.2,1.3,16,0.6923343564835973,0.0065022364477762004,0.0013004472895552402,0.07048341712664684,-7.105263157894739,1.0,0.14420604115094013,1.879895931224921,3.134065065068582,0.9972337549475269,0.9999862552838652,0.0,0.2161759148893363,0.7616080729166668,1e-06
0.2,1.3,17,0.8344906126632574,0.0036237557642355934,0.0007247511528471187,0.073241805256442,-7.105263157894739,1.0,0.16049968817750476,1.8181723916284285,3.1394428815405595,0.9983751275061994,0.990842944637111,0.0,0.21696321315326944,0.7616080729166668,1e-06
0.2,1.3,18,0.8424110481330629,0.003458250925938394,0.0006916501851876788,0.08109828074429896,-7.105263157894739,0.9999999999999999,0.1607130219499859,1.8166887108363479,3.1396733507255394,0.9980082851686555,0.9900040245715733,0.0,0.23591308235618833,0.7616080729166668,1e-06
0.2,1.3,19,0.8501827370450022,0.003294348413523057,0.0006588696827046115,0.08881923046581106,-7.105263157894739,1.0,0.16092102961579544,1.8153996707990026,3.139886918728712,0.9976182552641428,0.9891590421051639,0.0,0.25430512165766633,0.7616080729166668,1e-06
0.2,1.3,20,0.6827616774621211,0.006704094557453892,0.0013408189114907784,0.07997799686638361,-7.105263157894739,1.0,0.1417980354074147,1.8867598219258255,3.1335916193751947,0.9963751306250295,0.9999716753664812,0.0,0.25528874126846035,0.7616080729166668,1e-06
0.2,1.3,21,0.8577995716878672,0.003132126945886982,0.0006264253891773964,0.09639512570485555,-7.105263157894739,0.9999999999999999,0.1611218020471099,1.814304880474941,3.1400842995281857,0.9972082144316669,0.988310775734648,0.0,0.27211676552754005,0.7616080729166668,1e-06
0.2,1.3,22,0.8652554695909273,0.0029716809704952592,0.0005943361940990519,0.10381754485184744,-7.105263157894739,1.0,0.16125594478469651,1.8134486583495035,3.1402661475605,0.9967811004466274,0.9874617831519115,0.0,0.289042776207616,0.7616080729166668,1e-06
0.2,1.3,23,0.6731369893020464,0.006910729700199272,0.0013821459400398545,0.08954390037330527,-7.105263157894739,0.9999999999999999,0.13912024600961906,1.8940813277570785,3.1330819656289277,0.9953656225338242,0.9998341346353914,0.0,0.2969638858725189,0.7616080729166668,1e-06
0.2,1.3,24,0.8725443978427225,0.0028131199417758064,0.0005626239883551613,0.11107880203876505,-7.105263157894739,1.0,0.16138487427029516,1.8127822979583252,3.140433117481851,0.9963396262696749,0.986614412100318,0.0,0.30537480549852875,0.7616080729166668,1e-06
0.2,1.3,25,0.8796603992945075,0.0026565675425659586,0.0005313135085131918,0.1181717390881286,-7.105263157894739,1.0,0.16153597875178569,1.8122836107196478,3.140585848904743,0.9958862934904863,0.985770815091135,0.0,0.32123739990517686,0.7616080729166668,1e-06
0.2,1.3,26,0.8865976206347641,0.00250216081340138,0.000500432162680276,0.12508960892269394,-7.105263157894739,1.0,0.1617102554626514,1.8119512339013155,3.140724970775485,0.9954234026104689,0.9849329560936492,0.0,0.33662535648612796,0.7616080729166668,1e-06
0.2,1.3,27,0.6634644837619991,0.007122914167477666,0.0014245828334955332,0.09917182431414621,-7.105263157894739,1.0,0.13617542964997753,1.9018683545542368,3.132532263570235,0.9941916935358202,0.9995609081917475,0.0,0.3412761289432487,0.7616080729166668,1e-06
0.2,1.3,28,0.8933503423509905,0.0023500491403012787,0.00047000982806025575,0.13182601292294385,-7.105263157894739,1.0,0.16185351811088236,1.8118281194756767,3.1408511051652135,0.994953063042378,0.9841026220577708,0.0,0.35126034674939927,0.7616080729166668,1e-06
0.2,1.3,29,0.8999130105288954,0.0022003930541683674,0.0004400786108336735,0.13837487158855594,-7.105263157894739,1.0,0.16201089973993982,1.8118782697772362,3.140964870476807,0.9944771999019335,0.9832814264498617,0.0,0.3653571038392618,0.7616080729166668,1e-06
0.2,1.3,30,0.9062802704473933,0.0020533627835784656,0.00041067255671569313,0.14473041667303815,-7.105263157894739,0.9999999999999999,0.1622156914740341,1.8120753941332792,3.141066886498912,0.9939975602662505,0.9824708152339341,0.0,0.3790722522359953,0.7616080729166668,1e-06
0.2,1.3,31,0.6537482473140295,0.007341596201346053,0.0014683192402692108,0.10885439536094164,-7.105263157894739,1.0,0.13291443897615088,1.9101568190920808,3.1319379948912105,0.9928387388644409,0.9991382245193129,0.0,0.38855731337324034,0.7616080729166668,1e-06
0.2,1.3,32,0.9124470018897775,0.001909136488589124,0.00038182729771782484,0.15088719771137468,-7.105263157894739,1.0,0.1624743025367449,1.8124149288543667,3.1411577835561064,0.9935157171818769,0.9816720701414796,0.0,0.3924298193815242,0.7616080729166668,1e-06
0.2,1.3,33,0.9184083560649068,0.0017678980861618805,0.00035357961723237613,0.1568400985422917,-7.105263157894739,1.0,0.16279068052470394,1.8128945704196373,3.1412381700189953,0.9930330720540168,0.9808863081505412,0.0,0.4054420232947418,0.7616080729166668,1e-06
0.2,1.3,34,0.9241597940005066,0.0016298345435242089,0.0003259669087048418,0.162584360979767,-7.105263157894739,0.9999999999999999,0.16312987961982112,1.8135441942992319,3.141308669121347,0.9925508562626755,0.9801144837988379,0.0,0.41792813525339206,0.7616080729166668,1e-06
0.2,1.3,35,0.9296971262357532,0.0014951324645764439,0.0002990264929152888,0.16811561370971312,-7.105263157894739,1.0,0.16350162522815792,1.8143571680293173,3.1413699072734667,0.9920701304807076,0.9793573863705904,0.0,0.4299309876424049,0.7616080729166668,1e-06
0.2,1.3,36,0.6439922853168665,0.007567952902958339,0.001513590580591668,0.1185854485072418,-7.105263157894739,1.0,0.12931729202836503,1.9189674632862588,3.1312937838823216,0.9912910006049358,0.9985511793020841,0.0,0.43901908560345054,0.7616080729166668,1e-06
0.2,1.3,37,0.9350165535967384,0.001363973717743275,0.000272794743548655,0.1734299050371412,-7.105263157894739,1.0,0.16395079192852188,1.8152982202689902,3.1414225222165455,0.9915917829223604,0.978615635766852,0.0,0.44166964109127926,0.7616080729166668,1e-06
0.2,1.3,38,0.9401147088042607,0.0012365296929648193,0.0002473059385929639,0.1785237384506465,-7.105263157894739,1.0,0.16448388392990548,1.8163637799963332,3.1414671524235422,0.9911165272060309,0.977889681023262,0.0,0.4531729959511552,0.7616080729166668,1e-06
0.2,1.3,39,0.9449886986028605,0.0011129535334327384,0.00022259070668654768,0.1833941101554299,-7.105263157894739,1.0,0.16510599505409865,1.8175515788834968,3.141504409247974,0.990644898123267,0.9771797936705778,0.0,0.4644638926061103,0.7616080729166668,1e-06
0.2,1.3,40,0.9496361460625988,0.0009933692013454536,0.00019867384026909073,0.1880385478498999,-7.105263157894739,1.0,0.16582186271870622,1.8188597499179235,3.141534925951175,0.9901772471638538,0.9764860619637841,0.0,0.4755650756709908,0.7616080729166668,1e-06
0.2,1.3,41,0.9540552326463346,0.0008778552586826724,0.00017557105173653448,0.1924551500703346,-7.105263157894739,1.0,0.16663546228590212,1.8202871288520643,3.1415593275543263,0.9897137369610431,0.9758083834290503,0.0,0.4864970996418439,0.7616080729166668,1e-06
0.2,1.3,42,0.6342005596234971,0.0078034648538298805,0.001560692970765976,0.12835960530762866,-7.105263157894739,1.0,0.12536100248282578,1.9283235666022758,3.1305931493083166,0.9895314697305226,0.9977836389796867,0.0,0.4929069898094063,0.7616080729166668,1e-06
0.2,1.3,43,0.9582447395650515,0.0007664192982363728,0.00015328385964727458,0.19664262543354233,-7.105263157894739,1.0,0.16751972564835751,1.8218586832053119,3.1415781970026844,0.9892543362837615,0.9751464598018765,0.0,0.49712673408334296,0.7616080729166668,1e-06
0.2,1.3,44,0.9622040879065005,0.0006589543597891492,0.00013179087195782984,0.20060033112026474,-7.105263157894739,1.0,0.168484963664365,1.823567814732913,3.1415921436420415,0.9887988138811658,0.9744997888917545,0.0,0.5075107393897439,0.7616080729166668,1e-06
0.2,1.3,45,0.9659333769327715,0.000555157268561789,0.00011103145371235782,0.20432830988971357,-7.105263157894739,1.0,0.16956342511858757,1.8253894235553836,3.1416016985062463,0.9883467323462947,0.973867656725312,0.0,0.5178181458566405,0.7616080729166668,1e-06
0.2,1.3,46,0.9694334198918801,0.0004543557947541682,9.087115895083365e-05,0.20782732489081981,-7.105263157894739,1.0,0.17075865835540271,1.8273224178928662,3.14160733466584,0.9878974420901683,0.9732491298302124,0.0,0.5280785786747779,0.7616080729166668,1e-06
0.2,1.3,47,0.9727057766122134,0.0003550757511968806,7.101515023937611e-05,0.211098891479996,-7.105263157894739,0.9999999999999999,0.17207330179673797,1.8293662309557839,3.1416094563953862,0.987450074306803,0.9726430455906071,0.0,0.5383249643234652,0.7616080729166668,1e-06
0.2,1.3,48,0.9757527820820869,0.0002536265591474289,5.072531182948578e-05,0.21414530521180225,-7.105263157894739,1.0,0.17350938857087453,1.831520478915064,3.14160820123996,0.9870035276484651,0.9720479925967551,0.0,0.5486047189260252,0.7616080729166668,1e-06
0.2,1.3,49,0.624377048463439,0.008050023660836177,0.0016100047321672356,0.1381719986106201,-7.105263157894739,1.0,0.12100561826931953,1.938256796865759,3.1298281512418007,0.9875417711555172,0.9968181297299166,0.0,0.5505686765447896,0.7616080729166668,1e-06
0.2,1.3,50,0.9785775701470686,0.00013598935820667712,2.7197871641335424e-05,0.21696966519981695,-7.105263157894739,1.0,0.17506831213981608,1.8337848929930949,3.1416027562792532,0.9865564046781718,0.9714622155128052,0.0,0.5590390509133764,0.7616080729166668,1e-06
0.2,1.3,51,0.9810658780016435,8.359844865266968e-13,1.6719689730533936e-13,0.21945780509409005,-7.105263157894739,1.0,0.17666828502027748,1.8360444019648314,3.141592653636633,0.986128390630479,0.9709109257378816,0.0,0.5691984335715827,0.7616080729166668,1e-06
0.2,1.3,52,0.9833888076361413,3.7166525943155066e-13,7.433305188631014e-14,0.2217807347284925,-7.105263157894739,1.0,0.178403045384539,1.8384345456387547,3.1415926536089733,0.9856925429997205,0.970359303958447,0.0,0.5785517646773306,0.7616080729166668,1e-06
0.2,1.3,53,0.9859817484214213,5.835807598365182e-13,1.1671615196730364e-13,0.22437367551366819,-7.105263157894739,1.0,0.18069460125394227,1.8415159195887405,3.1415926536189716,0.9851491598350818,0.9696849291293534,0.0,0.595391848220897,0.7616080729166668,1e-06
0.2,1.3,54,0.987513467134291,2.7526662669046017e-13,5.5053325338092036e-14,0.22590539422647749,-7.105263157894739,1.0,0.18227424219794414,1.843599648017472,3.141592653602763,0.9847905886232141,0.9692478296278095,0.0,0.6074872182879362,0.7616080729166668,1e-06
0.2,1.3,55,0.6145258450877332,0.008310090755729095,0.001662018151145819,0.14801805869511356,-7.105263157894739,1.0,0.11620951115112549,1.9488003055705727,3.1289888715292737,0.9853020234931149,0.9956357049863902,0.0,0.6123906391987611,0.7616080729166668,1e-06
0.2,1.3,56,0.9893011747152907,4.957278205307493e-13,9.914556410614987e-14,0.22769310180740765,-7.105263157894739,1.0,0.1843936236774455,1.846354331382182,3.1415926536137544,0.9843243038308644,0.9686884585597186,0.0,0.6232354897116541,0.7616080729166668,1e-06
0.2,1.3,57,0.990910364227186,8.739395525900288e-13,1.7478791051800577e-13,0.22930229131924137,-7.105263157894739,0.9999999999999999,0.18662902301960127,1.849219330376718,3.1415926536324985,0.9838455079133603,0.9681241676699911,0.0,0.6393591570294128,0.7616080729166668,1e-06
0.2,1.3,58,0.9923475038458519,1.6730444095077945e-12,3.346088819015589e-13,0.2307394309378529,-7.105263157894739,1.0,0.1889750299701169,1.85219204548491,3.1415926536722285,0.9833520515695037,0.9675525552952393,0.0,0.6558494612217036,0.7616080729166668,1e-06
0.2,1.3,59,0.9936204052057697,3.0474583128008933e-12,6.094916625601787e-13,0.23201233229772308,-7.105263157894739,0.9999999999999999,0.19142514905394845,1.8552694657825375,3.1415926535940324,0.982841643988782,0.9669710391069752,0.0,0.6726951288012172,0.7616080729166668,1e-06
0.2,1.3,60,0.6046513273503111,0.008586938189777646,0.0017173876379555292,0.15789329725221532,-7.105263157894739,0.9999999999999999,0.11094523813289572,1.959982012642307,3.128062619463312,0.9827906604575599,0.9942157804573196,0.0,0.6787364333943569,0.7616080729166668,1e-06
0.2,1.3,61,0.9947378907725559,5.052025523270416e-12,1.0104051046540834e-12,0.233129817864468,-7.105263157894739,1.0,0.19397072620594907,1.8584484185757446,3.141592653593548,0.982311976176932,0.9663769982553723,0.0,0.6898773533409639,0.7616080729166668,1e-06
0.2,1.3,62,0.995709584550924,7.068772541232576e-12,1.4137545082465152e-12,0.23410151164280038,-7.105263157894739,1.0,0.19658963000965296,1.8617345752936814,3.14159265359373,0.9817608371242937,0.9657678996698238,0.0,0.7073322434284149,0.7616080729166668,1e-06
0.2,1.3,63,0.9965457485192567,9.525290038417417e-12,1.9050580076834832e-12,0.23493767561110268,-7.105263157894739,1.0,0.19928613380223503,1.8651080025729376,3.1415926535941994,0.9811862138717207,0.9651414002603522,0.0,0.7250772829134973,0.7616080729166668,1e-06
0.2,1.3,64,0.9972571341504642,1.1276435598443717e-11,2.2552871196887437e-12,0.23564906124228446,-7.105263157894739,0.9999999999999999,0.2020467856394276,1.8685599691897476,3.1415926535949508,0.9805864451789992,0.9644955061073567,0.0,0.7430686863013496,0.7616080729166668,1e-06
0.2,1.3,65,0.5947584647366728,0.008885024153474709,0.0017770048306949419,0.16779301323492463,-7.105263157894739,1.0,0.10515354471298702,1.9718445090050107,3.127032660842827,0.9799841826955595,0.9925359119421328,0.005241535263327157,0.7575116818758444,0.7616080729166668,1e-06
0.2,1.3,66,0.997854835617412,1.1537877532382763e-11,2.3075755064765528e-12,0.23624676270921072,-7.105263157894739,1.0,0.20485579694653736,1.8720790671945249,3.141592653595922,0.9799604195459404,0.9638287755355286,0.0,0.7612489338414805,0.7616080729166668,1e-06
0.2,1.3,67,0.998350138876823,1.0463774095161279e-11,2.0927548190322557e-12,0.23674206596860406,-7.105263157894739,1.0,0.20769473363182034,1.8756505623423263,3.1415926535973164,0.9793078100067689,0.9631405569507739,0.0,0.7795438423805683,0.7616080729166668,1e-06
0.2,1.3,68,0.9987543647751794,8.426723569360514e-12,1.6853447138721029e-12,0.23714629186694614,-7.105263157894739,1.0,0.21054217577616197,1.879255639781826,3.141592653599607,0.9786292992905312,0.962431211051557,0.0,0.79785942371504,0.7616080729166668,1e-06
0.2,1.3,69,0.9990787067817514,5.955894307647816e-12,1.1911788615295632e-12,0.2374706338735066,-7.105263157894739,1.0,0.21337335771709948,1.8828705456936699,3.1415926536028005,0.9779270286168105,0.9617025676852469,0.0,0.8160778170868767,0.7616080729166668,1e-06
0.2,1.3,70,0.9993340658823311,3.6471409790513246e-12,7.29428195810265e-13,0.23772599297407732,-7.105263157894739,1.0,0.21615981711816112,1.8864656461561606,3.1415926539227534,0.9772049367837965,0.9609582586962222,0.0,0.8340535348692736,0.7616080729166668,1e-06
0.2,1.3,71,0.5848534097579173,0.009210594406434448,0.0018421188812868896,0.1777117820092047,-7.105263157894739,1.0,0.09878231317550136,1.9844291632197153,3.1258760720668417,0.9768567908683468,0.9905714738082687,0.015146590242082647,0.8485293266433485,0.7616080729166668,1e-06
0.2,1.3,72,0.9995308865859753,2.010198655933729e-12,4.020397311867458e-13,0.23792281367771462,-7.105263157894739,1.0,0.21886910750145677,1.8900044596299694,3.141592653801705,0.976469259907436,0.9602042161767805,0.0,0.8516094056406177,0.7616080729166668,1e-06
0.2,1.3,73,0.9996789994529418,1.04608398706681e-12,2.09216797413362e-13,0.23807092654467588,-7.105263157894739,1.0,0.2214646723029258,1.893442783564832,3.141592653717375,0.9757290663485385,0.95944920276579,0.0,0.868533219505145,0.7616080729166668,1e-06
0.2,1.3,74,0.9997874767574868,6.303047774085976e-14,1.2606095548171952e-14,0.23817940384921707,-7.105263157894739,1.0,0.22390604771022668,1.8967281454134066,3.141592653638991,0.9749968428999907,0.958705392515045,0.0,0.8845758829830049,0.7616080729166668,1e-06
0.2,1.3,75,0.5749447245515933,0.009572661221643467,0.0019145322443286936,0.18764240570038648,-7.105263157894739,1.0,0.0917815331393731,1.9977789600158966,3.1245598803426575,0.9733798546100159,0.9882951904451915,0.02505527544840669,0.9460144710384468,0.7616080729166668,1e-06
0.2,1.3,76,0.5650461565419966,0.009984555883718762,0.0019969111767437525,0.19757346107515594,-7.105263157894739,1.0,0.08406355496941467,2.011953142088309,3.123033610410916,0.969521284077788,0.9856765361626106,0.03495384345800334,1.051091423642738,0.7616080729166668,1e-06
0.2,1.3,77,0.5551835573202867,0.010465888880398237,0.0020931777760796475,0.2074828576926694,-7.105263157894739,1.0,0.07556589790370935,2.0269985617447897,3.1212139661784493,0.965246273634014,0.9826819971727604,0.0448164426797133,1.1651384803692209,0.7616080729166668,1e-06
0.2,1.3,78,0.5454134939299284,0.011041035435558691,0.002208207087111738,0.21731917888885602,-7.105263157894739,1.0,0.0662011908300349,2.0429127749347686,3.1189550043760765,0.9605322074873678,0.9792855002903172,0.05458650607007154,1.290157756848328,0.7616080729166668,1e-06
0.2,1.3,79,0.5358674557736302,0.011704180043646472,0.0023408360087292944,0.22695084031713797,-7.105263157894739,1.0,0.056138548351230624,2.0591773460270106,3.1160508228054367,0.955497177294114,0.9755641117167404,0.06413254422636983,1.4262981126404846,0.7616080729166668,1e-06
0.2,1.3,80,0.5267376725460198,0.012239829753926117,0.0024479659507852234,0.23614245866690378,-7.105263157894739,1.0,0.0467299169389207,2.0731870857097157,3.112958947993758,0.9509393457714477,0.9721198918869165,0.0732623274539802,1.5557430533368266,0.7616080729166668,1e-06
