task_id,convergence_point_id,selection_stratum,chart_id,checkpoint,Mach,eta,alpha,N,mapping_kind,mapping_scale,xi_max,convergence_regime,technical_success,reference_success,selection_source,error,field_family,ci_pinn,ci_classic,selected_raw_index,selected_cr,selected_ci,selected_omega_i,selected_p_overlap_pinn,selected_q_overlap_pinn,selected_combined_overlap_pinn,ci_abs_err_classic,profile_path,p_rel_classic,rho_rel_classic,u_rel_classic,v_rel_classic,p_overlap_classic,N_finest,ci_finest,omega_finest,ci_delta_to_finest,omega_delta_to_finest,p_rel_to_finest,p_overlap_to_finest,rho_rel_to_finest,rho_overlap_to_finest,u_rel_to_finest,u_overlap_to_finest,v_rel_to_finest,v_overlap_to_finest,modal_rel_max_to_finest
0,CONV_00,ultralow,ULTRALOW_M002_006_eta002_006,assets/pinn_subsonic/joint_ci_mode_atlas_v2/ULTRALOW_M002_006_eta002_006/model_state.pt,0.0399999999999999,0.055,0.0549559823859059,201,pin,10.0,0.99,longwave_map10,True,True,central_max_ci,,pQscaled,0.9048571239877452,0.9052230427309496,401,3.641704282492341e-14,0.9057326757960849,0.049775428977389,0.9924316904601572,0.8833059830653316,0.9651502636114508,0.0005096330651351,assets/pinn_subsonic/joint_ci_mode_global_validation_v1/gep_n_convergence/profiles/CONV_00__N201.npz,3.960148267375477e-05,3.960148267373916e-05,0.0018776889209286,0.0003984177585397,0.9999999992158616,501,0.9052757486187504,0.0497503180954798,0.0004569271773344763,2.5110881909200244e-05,3.3712906899146694e-05,0.9999999994317201,3.3712906899134584e-05,0.99999999943172,0.0016427954048095247,0.9999988421399827,0.00035802371609614355,0.9999999504762129,0.0016427954048095247
1,CONV_00,ultralow,ULTRALOW_M002_006_eta002_006,assets/pinn_subsonic/joint_ci_mode_atlas_v2/ULTRALOW_M002_006_eta002_006/model_state.pt,0.0399999999999999,0.055,0.0549559823859059,301,pin,10.0,0.99,longwave_map10,True,True,central_max_ci,,pQscaled,0.9048571239877452,0.9052230427309496,601,2.6394067831171313e-14,0.9054299512265264,0.0497587924512766,0.992291600754706,0.8830452444191027,0.9649800116708052,0.0002069084955769,assets/pinn_subsonic/joint_ci_mode_global_validation_v1/gep_n_convergence/profiles/CONV_00__N301.npz,1.7779532125909603e-05,1.7779532125896813e-05,0.0008172725718742,0.0001639650516988,0.999999999841944,501,0.9052757486187504,0.0497503180954798,0.00015420260777598838,8.474355796803112e-06,1.1961057772827612e-05,0.9999999999284667,1.196105777282156e-05,0.9999999999284666,0.0005934700627052616,0.9999998459001466,0.00012396212948718484,0.9999999939702235,0.0005934700627052616
2,CONV_00,ultralow,ULTRALOW_M002_006_eta002_006,assets/pinn_subsonic/joint_ci_mode_atlas_v2/ULTRALOW_M002_006_eta002_006/model_state.pt,0.0399999999999999,0.055,0.0549559823859059,401,pin,10.0,0.99,longwave_map10,True,True,central_max_ci,,pQscaled,0.9048571239877452,0.9052230427309496,801,4.5855187597470895e-14,0.9053244817666812,0.0497529962734991,0.9924322846801048,0.8833665903158296,0.965165861089036,0.0001014390357315,assets/pinn_subsonic/joint_ci_mode_global_validation_v1/gep_n_convergence/profiles/CONV_00__N401.npz,1.007285014935718e-05,1.0072850149356416e-05,0.0004473577855805,8.221611722058388e-05,0.999999999949269,501,0.9052757486187504,0.0497503180954798,4.873314793085726e-05,2.678178019299704e-06,4.598188655067484e-06,0.9999999999894285,4.598188655068643e-06,0.9999999999894283,0.00024403714936269407,0.9999999725296211,4.4412394535683306e-05,0.9999999991793852,0.00024403714936269407
3,CONV_00,ultralow,ULTRALOW_M002_006_eta002_006,assets/pinn_subsonic/joint_ci_mode_atlas_v2/ULTRALOW_M002_006_eta002_006/model_state.pt,0.0399999999999999,0.055,0.0549559823859059,501,pin,10.0,0.99,longwave_map10,True,True,central_max_ci,,pQscaled,0.9048571239877452,0.9052230427309496,1001,9.225590702255208e-14,0.9052757486187504,0.0497503180954798,0.992348379048614,0.8831903561459459,0.965058873322947,5.270588780070806e-05,assets/pinn_subsonic/joint_ci_mode_global_validation_v1/gep_n_convergence/profiles/CONV_00__N501.npz,6.532812363688896e-06,6.532812363688041e-06,0.000275732812922,4.488309349686873e-05,0.9999999999786612,501,0.9052757486187504,0.0497503180954798,0.0,0.0,0.0,1.0000000000000002,0.0,1.0000000000000002,0.0,1.0000000000000002,0.0,0.9999999999999997,0.0
4,CONV_01,low_Mach_edge,LOWM_EXT_VLOW_EXTREME,assets/pinn_subsonic/joint_ci_mode_atlas_v2/LOWM_EXT_VLOW_EXTREME/model_state.pt,0.1,0.05875,0.0584555119300139,201,pin,10.0,0.99,longwave_map10,True,True,central_max_ci,,pQscaled,0.8932450306118057,0.8922327378454297,401,5.5240378726770334e-14,0.892750425680921,0.052186183158916,0.9999702573421624,0.9998358350325264,0.9999366517647532,0.0005176878354913,assets/pinn_subsonic/joint_ci_mode_global_validation_v1/gep_n_convergence/profiles/CONV_01__N201.npz,4.113658131743943e-05,4.113658131744059e-05,0.0019001808415105,0.0004081159924596,0.9999999991538908,501,0.8922909739437277,0.0521593256724113,0.000459451737193306,2.6857486504702766e-05,3.504200797376955e-05,0.9999999993860291,3.5042007973762534e-05,0.9999999993860288,0.0016441918063714073,0.999998838319568,0.0003631002620661357,0.999999947957319,0.0016441918063714073
5,CONV_01,low_Mach_edge,LOWM_EXT_VLOW_EXTREME,assets/pinn_subsonic/joint_ci_mode_atlas_v2/LOWM_EXT_VLOW_EXTREME/model_state.pt,0.1,0.05875,0.0584555119300139,301,pin,10.0,0.99,longwave_map10,True,True,central_max_ci,,pQscaled,0.8932450306118057,0.8922327378454297,601,6.208456271912873e-14,0.8924460255333345,0.0521683892924573,0.9999695748173628,0.9998356353738472,0.999936089956484,0.0002132876879048,assets/pinn_subsonic/joint_ci_mode_global_validation_v1/gep_n_convergence/profiles/CONV_01__N301.npz,1.8426202635126848e-05,1.8426202635128044e-05,0.0008307429266027,0.0001700936723206,0.9999999998302372,501,0.8922909739437277,0.0521593256724113,0.00015505158960682497,9.063620045997312e-06,1.2477463872331052e-05,0.9999999999221566,1.247746387232324e-05,0.9999999999221565,0.0005931991927287212,0.9999998459981664,0.00012585698987947294,0.9999999936582172,0.0005931991927287212
6,CONV_01,low_Mach_edge,LOWM_EXT_VLOW_EXTREME,assets/pinn_subsonic/joint_ci_mode_atlas_v2/LOWM_EXT_VLOW_EXTREME/model_state.pt,0.1,0.05875,0.0584555119300139,401,pin,10.0,0.99,longwave_map10,True,True,central_max_ci,,pQscaled,0.8932450306118057,0.8922327378454297,801,7.827902869938973e-14,0.8923399750722147,0.0521621900584621,0.9999703012747262,0.9998351351293704,0.9999365097383872,0.000107237226785,assets/pinn_subsonic/joint_ci_mode_global_validation_v1/gep_n_convergence/profiles/CONV_01__N401.npz,1.0382831136032918e-05,1.0382831136035758e-05,0.0004564525064776,8.689549834297492e-05,0.999999999946098,501,0.8922909739437277,0.0521593256724113,4.9001128487047296e-05,2.8643860508006935e-06,4.866442048132206e-06,0.999999999988159,4.866442048125573e-06,0.999999999988159,0.000242269396912996,0.9999999727992641,4.513056298337655e-05,0.9999999991405862,0.000242269396912996
7,CONV_01,low_Mach_edge,LOWM_EXT_VLOW_EXTREME,assets/pinn_subsonic/joint_ci_mode_atlas_v2/LOWM_EXT_VLOW_EXTREME/model_state.pt,0.1,0.05875,0.0584555119300139,501,pin,10.0,0.99,longwave_map10,True,True,central_max_ci,,pQscaled,0.8932450306118057,0.8922327378454297,1001,4.951941952959376e-14,0.8922909739437277,0.0521593256724113,0.9999698790671292,0.9998352412864792,0.9999362196219668,5.823609829802568e-05,assets/pinn_subsonic/joint_ci_mode_global_validation_v1/gep_n_convergence/profiles/CONV_01__N501.npz,6.642493338206069e-06,6.642493338216126e-06,0.0002831721468358,4.9094254908553136e-05,0.9999999999779386,501,0.8922909739437277,0.0521593256724113,0.0,0.0,0.0,1.0000000000000002,0.0,1.0000000000000002,0.0,1.0,0.0,1.0000000000000002,0.0
8,CONV_02,longwave_mid_Mach,ETAEDGE_MM,assets/pinn_subsonic/joint_ci_mode_atlas_v2/ETAEDGE_MM/model_state.pt,0.5,0.055,0.0476313972081441,201,pin,10.0,0.99,longwave_map10,True,True,central_max_ci,,pQscaled,0.7407277389672948,0.7406473035854076,389,1.0548410883679262e-13,0.7411960129350128,0.0353042017012003,0.9914872035768956,0.8310415548970636,0.9513757914069376,0.0005487093496051,assets/pinn_subsonic/joint_ci_mode_global_validation_v1/gep_n_convergence/profiles/CONV_02__N201.npz,4.288414317355196e-05,4.288414317355196e-05,0.0019400718306608,0.0004829465720469,0.9999999990804752,501,0.7407257459878652,0.0352818022294468,0.00047026694714757955,2.2399471753496714e-05,3.660734706329032e-05,0.9999999993299511,3.660734706329032e-05,0.9999999993299511,0.0016809622426757897,0.9999986477868674,0.00041566481188092913,0.9999999143153119,0.0016809622426757897
9,CONV_02,longwave_mid_Mach,ETAEDGE_MM,assets/pinn_subsonic/joint_ci_mode_atlas_v2/ETAEDGE_MM/model_state.pt,0.5,0.055,0.0476313972081441,301,pin,10.0,0.99,longwave_map10,True,True,central_max_ci,,pQscaled,0.7407277389672948,0.7406473035854076,587,6.563162560439795e-14,0.7408843662189948,0.035289357532681,0.9912982019860732,0.8304960255217222,0.9510976578699852,0.0002370626335871,assets/pinn_subsonic/joint_ci_mode_global_validation_v1/gep_n_convergence/profiles/CONV_02__N301.npz,1.896612032676752e-05,1.896612032676752e-05,0.0008512874440107,0.000209167355918,0.9999999998201432,501,0.7407257459878652,0.0352818022294468,0.00015862023112955814,7.555303234194066e-06,1.273637145586981e-05,0.9999999999188923,1.273637145586981e-05,0.9999999999188923,0.0006111725934110691,0.9999998177318068,0.00014269160954892606,0.9999999899009031,0.0006111725934110691
10,CONV_02,longwave_mid_Mach,ETAEDGE_MM,assets/pinn_subsonic/joint_ci_mode_atlas_v2/ETAEDGE_MM/model_state.pt,0.5,0.055,0.0476313972081441,401,pin,10.0,0.99,longwave_map10,True,True,central_max_ci,,pQscaled,0.7407277389672948,0.7406473035854076,785,1.1071869795130863e-14,0.7407758661029942,0.0352841895205586,0.9914911359023698,0.8311508649976302,0.9514060681761848,0.0001285625175865,assets/pinn_subsonic/joint_ci_mode_global_validation_v1/gep_n_convergence/profiles/CONV_02__N401.npz,1.0530126886163264e-05,1.0530126886163264e-05,0.0004775131182332,0.0001141971041098,0.999999999944558,501,0.7407257459878652,0.0352818022294468,5.012011512894876e-05,2.387291111793921e-06,4.479601349653201e-06,0.9999999999899666,4.479601349653201e-06,0.9999999999899666,0.0002445648455118426,0.9999999709038578,5.018046398149654e-05,0.9999999987488735,0.0002445648455118426
11,CONV_02,longwave_mid_Mach,ETAEDGE_MM,assets/pinn_subsonic/joint_ci_mode_atlas_v2/ETAEDGE_MM/model_state.pt,0.5,0.055,0.0476313972081441,501,pin,10.0,0.99,longwave_map10,True,True,central_max_ci,,pQscaled,0.7407277389672948,0.7406473035854076,983,2.024655377750511e-14,0.7407257459878652,0.0352818022294468,0.9913770174569264,0.8307885650222969,0.951229904348269,7.844240245757916e-05,assets/pinn_subsonic/joint_ci_mode_global_validation_v1/gep_n_convergence/profiles/CONV_02__N501.npz,6.713742982588927e-06,6.713742982588927e-06,0.000300551415106,7.009467049198334e-05,0.9999999999774628,501,0.7407257459878652,0.0352818022294468,0.0,0.0,1.3874289124023919e-16,1.0,1.3874289124023919e-16,1.0,1.587727043894817e-16,1.0,1.5389043003380443e-16,1.0,1.587727043894817e-16
12,CONV_03,longwave_high_Mach,HM1_VLOW_EXTREME,assets/pinn_subsonic/joint_ci_mode_atlas_v2/HM1_VLOW_EXTREME/model_state.pt,0.85,0.0849999999999999,0.0447765284496241,201,pin,10.0,0.99,longwave_map10,True,True,central_max_ci,,pQscaled,0.520234727742823,0.5201165045907183,382,-5.053655145257741e-15,0.5208978233497857,0.0233239962065689,0.9914824126435904,0.849452754915909,0.95597499821167,0.0007813187590673,assets/pinn_subsonic/joint_ci_mode_global_validation_v1/gep_n_convergence/profiles/CONV_03__N201.npz,0.0001051775062964,0.0001051775062964,0.0022246288966962,0.0008071855407231,0.999999994468846,501,0.5202239567653159,0.0232938228002781,0.0006738665844698843,3.0173406290801008e-05,9.107041850368977e-05,0.9999999958530895,9.107041850369126e-05,0.9999999958530895,0.0019245121339502907,0.999998164666509,0.000696504947642423,0.9999998357559533,0.0019245121339502907
13,CONV_03,longwave_high_Mach,HM1_VLOW_EXTREME,assets/pinn_subsonic/joint_ci_mode_atlas_v2/HM1_VLOW_EXTREME/model_state.pt,0.85,0.0849999999999999,0.0447765284496241,301,pin,10.0,0.99,longwave_map10,True,True,central_max_ci,,pQscaled,0.520234727742823,0.5201165045907183,578,1.199767437737247e-13,0.5204510587872406,0.0233039916404238,0.9912781377876422,0.8502642581355773,0.956024667874626,0.0003345541965222,assets/pinn_subsonic/joint_ci_mode_global_validation_v1/gep_n_convergence/profiles/CONV_03__N301.npz,4.473072031592664e-05,4.473072031591871e-05,0.0009757356496723,0.0003464910037279,0.9999999989995814,501,0.5202239567653159,0.0232938228002781,0.00022710202192477436,1.0168840145700908e-05,3.057863035238078e-05,0.9999999995324739,3.057863035236793e-05,0.999999999532474,0.0006923666577866003,0.9999997637962204,0.0002364126647094642,0.9999999809368225,0.0006923666577866003
14,CONV_03,longwave_high_Mach,HM1_VLOW_EXTREME,assets/pinn_subsonic/joint_ci_mode_atlas_v2/HM1_VLOW_EXTREME/model_state.pt,0.85,0.0849999999999999,0.0447765284496241,401,pin,10.0,0.99,longwave_map10,True,True,central_max_ci,,pQscaled,0.520234727742823,0.5201165045907183,775,2.072204112671833e-13,0.5202956940881556,0.0232970349485552,0.991494221804202,0.8495158351079192,0.9559996251301314,0.0001791894974372,assets/pinn_subsonic/joint_ci_mode_global_validation_v1/gep_n_convergence/profiles/CONV_03__N401.npz,2.3879858832219005e-05,2.3879858832224545e-05,0.0005389129974084,0.0001866570200731,0.999999999714876,501,0.5202239567653159,0.0232938228002781,7.173732283971557e-05,3.2121482771013676e-06,9.78593868897943e-06,0.9999999999521176,9.785938688982855e-06,0.9999999999521181,0.0002631091999045331,0.9999999655150691,7.841686059807337e-05,0.9999999978143076,0.0002631091999045331
15,CONV_03,longwave_high_Mach,HM1_VLOW_EXTREME,assets/pinn_subsonic/joint_ci_mode_atlas_v2/HM1_VLOW_EXTREME/model_state.pt,0.85,0.0849999999999999,0.0447765284496241,501,pin,10.0,0.99,longwave_map10,True,True,central_max_ci,,pQscaled,0.520234727742823,0.5201165045907183,972,-6.388088879478315e-14,0.5202239567653159,0.0232938228002781,0.9913685753629452,0.8499818786797794,0.9560219011921538,0.0001074521745975,assets/pinn_subsonic/joint_ci_mode_global_validation_v1/gep_n_convergence/profiles/CONV_03__N501.npz,1.430986206469463e-05,1.4309862064698483e-05,0.0003360044657361,0.0001126062660638,0.999999999897614,501,0.5202239567653159,0.0232938228002781,0.0,0.0,0.0,1.0,0.0,1.0000000000000002,0.0,0.9999999999999997,0.0,0.9999999999999998,0.0
16,CONV_04,extreme_longwave_high_Mach,ETAEDGE_HM2B,assets/pinn_subsonic/joint_ci_mode_atlas_v2/ETAEDGE_HM2B/model_state.pt,0.95,0.055,0.0171737444955955,201,pin,20.0,0.995,extreme_longwave_map20,True,True,central_max_ci,,pQscaled,0.491549025466614,0.4916688539959756,384,-6.741501505103756e-14,0.4956981218019967,0.008512992890774,0.9975052510135236,0.7535100484383475,0.9365064503697296,0.004029267806021,assets/pinn_subsonic/joint_ci_mode_global_validation_v1/gep_n_convergence/profiles/CONV_04__N201.npz,0.0003105567832174,0.0003105567832174,0.0089064420768017,0.0040477822849969,0.9999999517772412,501,0.4922752797904482,0.0084542098766189,0.003422842011548466,5.8783014155100455e-05,0.0002668971822653209,0.9999999643829466,0.0002668971822653213,0.9999999643829462,0.007614021322552081,0.9999722831887521,0.003438487778961695,0.9999971696066303,0.007614021322552081
17,CONV_04,extreme_longwave_high_Mach,ETAEDGE_HM2B,assets/pinn_subsonic/joint_ci_mode_atlas_v2/ETAEDGE_HM2B/model_state.pt,0.95,0.055,0.0171737444955955,301,pin,20.0,0.995,extreme_longwave_map20,True,True,central_max_ci,,pQscaled,0.491549025466614,0.4916688539959756,581,2.7649098578899828e-14,0.4934093105476195,0.0084736854310927,0.9975774141935226,0.7537049249454382,0.9366092918815014,0.0017404565516438,assets/pinn_subsonic/joint_ci_mode_global_validation_v1/gep_n_convergence/profiles/CONV_04__N301.npz,0.0001304694671398,0.0001304694671398,0.0039434027979768,0.0017527570643649,0.9999999914888592,501,0.4922752797904482,0.0084542098766189,0.0011340307571712782,1.9475554473799908e-05,8.525184016042532e-05,0.999999996366062,8.525184016042552e-05,0.9999999963660617,0.0026954331136141746,0.9999964983503584,0.0011459776249072042,0.9999996833362137,0.0026954331136141746
18,CONV_04,extreme_longwave_high_Mach,ETAEDGE_HM2B,assets/pinn_subsonic/joint_ci_mode_atlas_v2/ETAEDGE_HM2B/model_state.pt,0.95,0.055,0.0171737444955955,401,pin,20.0,0.995,extreme_longwave_map20,True,True,central_max_ci,,pQscaled,0.491549025466614,0.4916688539959756,776,-2.8120355667595145e-13,0.4926315858610085,0.0084603289860369,0.9975220856355056,0.7535243830248157,0.9365226599828332,0.0009627318650328,assets/pinn_subsonic/joint_ci_mode_global_validation_v1/gep_n_convergence/profiles/CONV_04__N401.npz,7.205867245809015e-05,7.205867245809276e-05,0.0022102677577694,0.0009705897460669,0.999999997403774,501,0.4922752797904482,0.0084542098766189,0.0003563060705603083,6.119109417999577e-06,2.6703321995274135e-05,0.9999999996434662,2.67033219952771e-05,0.9999999996434662,0.001073988555147018,0.999999438966282,0.00036885478835085254,0.9999999655434401,0.001073988555147018
19,CONV_04,extreme_longwave_high_Mach,ETAEDGE_HM2B,assets/pinn_subsonic/joint_ci_mode_atlas_v2/ETAEDGE_HM2B/model_state.pt,0.95,0.055,0.0171737444955955,501,pin,20.0,0.995,extreme_longwave_map20,True,True,central_max_ci,,pQscaled,0.491549025466614,0.4916688539959756,972,-1.4610664648044152e-13,0.4922752797904482,0.0084542098766189,0.9975598877840406,0.7536372971899253,0.9365792401355116,0.0006064257944725,assets/pinn_subsonic/joint_ci_mode_global_validation_v1/gep_n_convergence/profiles/CONV_04__N501.npz,4.544886360109959e-05,4.544886360110102e-05,0.001402580331163,0.0006128256021344,0.9999999989672004,501,0.4922752797904482,0.0084542098766189,0.0,0.0,0.0,0.9999999999999999,0.0,0.9999999999999997,0.0,1.0,0.0,0.9999999999999998,0.0
20,CONV_05,interior_low_Mach,LOW,assets/pinn_subsonic/joint_ci_mode_atlas_v2/LOW/model_state.pt,0.1,0.325,0.3233709170596515,201,pin,5.0,0.98,standard_map5,True,True,central_max_ci,,pq_legacy,0.544534363050311,0.5453187806837592,401,1.6527945364814722e-14,0.5454891158905636,0.17639531565159,0.9971048372746972,0.994496456283404,0.9964527420268738,0.0001703352068044,assets/pinn_subsonic/joint_ci_mode_global_validation_v1/gep_n_convergence/profiles/CONV_05__N201.npz,0.0001399496380204,0.0001399496380204,0.0009266860757927,0.0002161517119829,0.9999999902070494,501,0.5453572131128225,0.1763526621293892,0.0001319027777411108,4.2653522200813976e-05,0.0001276388199391425,0.9999999918541658,0.0001276388199391479,0.9999999918541658,0.0007788700285253192,0.9999997430661361,0.0001846361321239383,0.9999999834300006,0.0007788700285253192
21,CONV_05,interior_low_Mach,LOW,assets/pinn_subsonic/joint_ci_mode_atlas_v2/LOW/model_state.pt,0.1,0.325,0.3233709170596515,301,pin,5.0,0.98,standard_map5,True,True,central_max_ci,,pq_legacy,0.544534363050311,0.5453187806837592,601,-8.592686813875981e-15,0.5454018390226995,0.1763670928507907,0.9971020152826432,0.9944855228590332,0.9964478921767408,8.305833894028947e-05,assets/pinn_subsonic/joint_ci_mode_global_validation_v1/gep_n_convergence/profiles/CONV_05__N301.npz,6.204451669565866e-05,6.204451669565663e-05,0.000421612612015,0.0001008596435299,0.9999999980752392,501,0.5453572131128225,0.1763526621293892,4.46259098769719e-05,1.443072140150381e-05,5.1910463713704435e-05,0.9999999986526519,5.191046371370696e-05,0.9999999986526519,0.0002776609622171735,0.9999999667781777,7.15623722268492e-05,0.9999999974938271,0.0002776609622171735
22,CONV_05,interior_low_Mach,LOW,assets/pinn_subsonic/joint_ci_mode_atlas_v2/LOW/model_state.pt,0.1,0.325,0.3233709170596515,401,pin,5.0,0.98,standard_map5,True,True,central_max_ci,,pq_legacy,0.544534363050311,0.5453187806837592,801,-6.916322712744439e-14,0.545371328657299,0.1763572266859513,0.9971047614746712,0.9944920868700032,0.9964515928235044,5.2547973539818216e-05,assets/pinn_subsonic/joint_ci_mode_global_validation_v1/gep_n_convergence/profiles/CONV_05__N401.npz,3.51374810861142e-05,3.51374810861155e-05,0.0002450883682036,6.094395174167607e-05,0.9999999993826788,501,0.5453572131128225,0.1763526621293892,1.4115544476500652e-05,4.564556562114408e-06,2.804883115362031e-05,0.9999999996066317,2.804883115362173e-05,0.9999999996066313,0.00011099867588509402,0.9999999943726045,3.558714285984456e-05,0.9999999993722493,0.00011099867588509402
23,CONV_05,interior_low_Mach,LOW,assets/pinn_subsonic/joint_ci_mode_atlas_v2/LOW/model_state.pt,0.1,0.325,0.3233709170596515,501,pin,5.0,0.98,standard_map5,True,True,central_max_ci,,pq_legacy,0.544534363050311,0.5453187806837592,1001,-3.6658685749276864e-14,0.5453572131128225,0.1763526621293892,0.9971027305477426,0.994486550842634,0.9964486856214654,3.843242906331757e-05,assets/pinn_subsonic/joint_ci_mode_global_validation_v1/gep_n_convergence/profiles/CONV_05__N501.npz,2.248358027997896e-05,2.248358027997641e-05,0.0001636619192158,4.257912394719565e-05,0.9999999997472444,501,0.5453572131128225,0.1763526621293892,0.0,0.0,0.0,1.0,0.0,1.0,0.0,0.9999999999999998,0.0,0.9999999999999999,0.0
24,CONV_06,interior_mid_1,HIGH_HIM,assets/pinn_subsonic/joint_ci_mode_atlas_v2/HIGH_HIM/model_state.pt,0.35,0.51875,0.4859389067503754,201,pin,5.0,0.98,standard_map5,True,True,central_max_ci,,pq_legacy,0.3352725659652082,0.3338541371768642,401,3.765286330572455e-14,0.333984806127871,0.1622962115610137,0.999528949981435,0.9992661828398588,0.999463258196041,0.0001306689510068,assets/pinn_subsonic/joint_ci_mode_global_validation_v1/gep_n_convergence/profiles/CONV_06__N201.npz,0.0001298185205459,0.0001298185205459,0.0013793396788925,0.0002009572539813,0.999999991573576,501,0.3338797007072637,0.1622451367478302,0.00010510542060732098,5.107481318350482e-05,0.00011709920540487236,0.9999999931438882,0.00011709920540486965,0.999999993143888,0.0011690210416912805,0.9999993875937639,0.0001741379526333784,0.9999999849487282,0.0011690210416912805
25,CONV_06,interior_mid_1,HIGH_HIM,assets/pinn_subsonic/joint_ci_mode_atlas_v2/HIGH_HIM/model_state.pt,0.35,0.51875,0.4859389067503754,301,pin,5.0,0.98,standard_map5,True,True,central_max_ci,,pq_legacy,0.3352725659652082,0.3338541371768642,601,3.504260464740528e-14,0.3339152526600727,0.1622624128249111,0.9995287324939996,0.9992646717001804,0.9994627172955448,6.111548320847371e-05,assets/pinn_subsonic/joint_ci_mode_global_validation_v1/gep_n_convergence/profiles/CONV_06__N301.npz,5.747036009686148e-05,5.747036009685761e-05,0.000618334607396,9.149045238343873e-05,0.9999999983485792,501,0.3338797007072637,0.1622451367478302,3.5551952809020904e-05,1.7276077080907726e-05,4.650553584122963e-05,0.9999999989186176,4.650553584122355e-05,0.9999999989186178,0.000412945446102839,0.999999922907738,6.671173979879006e-05,0.9999999977874883,0.000412945446102839
26,CONV_06,interior_mid_1,HIGH_HIM,assets/pinn_subsonic/joint_ci_mode_atlas_v2/HIGH_HIM/model_state.pt,0.35,0.51875,0.4859389067503754,401,pin,5.0,0.98,standard_map5,True,True,central_max_ci,,pq_legacy,0.3352725659652082,0.3338541371768642,801,-1.1749967588895528e-13,0.3338909452285669,0.1622506008982192,0.9995276116472208,0.9992629227949932,0.999461439434164,3.680805170264145e-05,assets/pinn_subsonic/joint_ci_mode_global_validation_v1/gep_n_convergence/profiles/CONV_06__N401.npz,3.231514875678863e-05,3.231514875678639e-05,0.0003514421010155,5.342038031818361e-05,0.9999999994778656,501,0.3338797007072637,0.1622451367478302,1.1244521303188648e-05,5.464150388989619e-06,2.43514875093578e-05,0.9999999997035025,2.4351487509353146e-05,0.9999999997035025,0.00015907126210691933,0.9999999881691657,3.261461692863396e-05,0.9999999994694073,0.00015907126210691933
27,CONV_06,interior_mid_1,HIGH_HIM,assets/pinn_subsonic/joint_ci_mode_atlas_v2/HIGH_HIM/model_state.pt,0.35,0.51875,0.4859389067503754,501,pin,5.0,0.98,standard_map5,True,True,central_max_ci,,pq_legacy,0.3352725659652082,0.3338541371768642,1001,2.8028751583546686e-14,0.3338797007072637,0.1622451367478302,0.9995269986464784,0.999262017153871,0.9994607532733266,2.5563530399452805e-05,assets/pinn_subsonic/joint_ci_mode_global_validation_v1/gep_n_convergence/profiles/CONV_06__N501.npz,2.0749849900815616e-05,2.074984990081833e-05,0.0002278808101843,3.589214305096793e-05,0.999999999784722,501,0.3338797007072637,0.1622451367478302,0.0,0.0,0.0,1.0000000000000002,0.0,1.0,0.0,1.0000000000000002,0.0,0.9999999999999997,0.0
28,CONV_07,interior_mid_2,NEUTRAL1_HIM,assets/pinn_subsonic/joint_ci_mode_atlas_v2/NEUTRAL1_HIM/model_state.pt,0.5249999999999999,0.7250000000000001,0.6170491142324087,201,pin,5.0,0.98,standard_map5,True,True,central_max_ci,,pq_legacy,0.1649187017860238,0.1648142114076758,375,-2.8702026035484177e-15,0.1648771679394572,0.1017373104341901,0.9999941731515344,0.9999955275436238,0.9999945117495568,6.295653178142735e-05,assets/pinn_subsonic/joint_ci_mode_global_validation_v1/gep_n_convergence/profiles/CONV_07__N201.npz,0.0001328493174438,0.0001328493174438,0.0021433587902222,0.000165324900695,0.9999999911755294,501,0.1648109556058876,0.1016964541724098,6.621233356959855e-05,4.0856261780297665e-05,0.00011938716295120131,0.9999999928733528,0.00011938716295120287,0.9999999928733527,0.0018341913201237107,0.9999983941856926,0.00015688932469777727,0.9999999877013372,0.0018341913201237107
29,CONV_07,interior_mid_2,NEUTRAL1_HIM,assets/pinn_subsonic/joint_ci_mode_atlas_v2/NEUTRAL1_HIM/model_state.pt,0.5249999999999999,0.7250000000000001,0.6170491142324087,301,pin,5.0,0.98,standard_map5,True,True,central_max_ci,,pq_legacy,0.1649187017860238,0.1648142114076758,571,1.7796551815874232e-14,0.1648333466701015,0.1017102705587496,0.9999943478436606,0.9999955335519092,0.9999946442707228,1.9135262425695743e-05,assets/pinn_subsonic/joint_ci_mode_global_validation_v1/gep_n_convergence/profiles/CONV_07__N301.npz,5.87834704446741e-05,5.878347044467023e-05,0.0009501934759815,6.865362829717765e-05,0.9999999982722516,501,0.1648109556058876,0.1016964541724098,2.2391064213894696e-05,1.3816386339793318e-05,4.6954661610280895e-05,0.99999999889763,4.695466161027845e-05,0.99999999889763,0.0006471025559405172,0.9999997994890161,6.093215235155093e-05,0.9999999981446183,0.0006471025559405172
30,CONV_07,interior_mid_2,NEUTRAL1_HIM,assets/pinn_subsonic/joint_ci_mode_atlas_v2/NEUTRAL1_HIM/model_state.pt,0.5249999999999999,0.7250000000000001,0.6170491142324087,401,pin,5.0,0.98,standard_map5,True,True,central_max_ci,,pq_legacy,0.1649187017860238,0.1648142114076758,764,1.1582582694632064e-14,0.1648180369559652,0.1017008237132027,0.9999944290677244,0.9999956422748902,0.999994732369516,3.825548289482228e-06,assets/pinn_subsonic/joint_ci_mode_global_validation_v1/gep_n_convergence/profiles/CONV_07__N401.npz,3.30170206440303e-05,3.301702064402983e-05,0.000529253675991,3.667897093417115e-05,0.9999999994549382,501,0.1648109556058876,0.1016964541724098,7.081350077597914e-06,4.369540792900639e-06,2.4120823099530553e-05,0.999999999709093,2.412082309952965e-05,0.999999999709093,0.00024327492102137112,0.9999999713026496,3.05674003118747e-05,0.9999999995329119,0.00024327492102137112
31,CONV_07,interior_mid_2,NEUTRAL1_HIM,assets/pinn_subsonic/joint_ci_mode_atlas_v2/NEUTRAL1_HIM/model_state.pt,0.5249999999999999,0.7250000000000001,0.6170491142324087,501,pin,5.0,0.98,standard_map5,True,True,central_max_ci,,pq_legacy,0.1649187017860238,0.1648142114076758,961,-1.1427729202370721e-14,0.1648109556058876,0.1016964541724098,0.9999944491848204,0.9999956067345104,0.9999947385722427,3.2558017881711976e-06,assets/pinn_subsonic/joint_ci_mode_global_validation_v1/gep_n_convergence/profiles/CONV_07__N501.npz,2.118764604222306e-05,2.118764604222128e-05,0.000334240572091,2.403936483198048e-05,0.999999999775542,501,0.1648109556058876,0.1016964541724098,0.0,0.0,1.485117719146945e-16,1.0,1.4076323072576424e-16,0.9999999999999997,1.4832981135858152e-16,0.9999999999999998,1.737638587362752e-16,1.0,1.737638587362752e-16
32,CONV_08,high_Mach_interior,HM1_LOW,assets/pinn_subsonic/joint_ci_mode_atlas_v2/HM1_LOW/model_state.pt,0.7749999999999999,0.38125,0.2409352200767615,201,pin,5.0,0.98,standard_map5,True,True,central_max_ci,,pq_etaaware,0.336966653359587,0.337548524015846,375,3.76886427055084e-14,0.3377224138091217,0.0813692240959558,0.999138696262508,0.9992072808035404,0.9991558423977662,0.0001738897932757,assets/pinn_subsonic/joint_ci_mode_global_validation_v1/gep_n_convergence/profiles/CONV_08__N201.npz,0.0001210317714914,0.0001210317714914,0.0009321229029501,0.000258533920334,0.9999999926756552,501,0.3375881492256051,0.0813368750289777,0.00013426458351661896,3.234906697810458e-05,0.00011054191461578682,0.9999999938902427,0.00011054191461578789,0.9999999938902424,0.0007784239917109222,0.9999997009986996,0.0002115360272645087,0.9999999822268336,0.0007784239917109222
33,CONV_08,high_Mach_interior,HM1_LOW,assets/pinn_subsonic/joint_ci_mode_atlas_v2/HM1_LOW/model_state.pt,0.7749999999999999,0.38125,0.2409352200767615,301,pin,5.0,0.98,standard_map5,True,True,central_max_ci,,pq_etaaware,0.336966653359587,0.337548524015846,571,1.4199505040004865e-13,0.3376335594985811,0.0813478159630909,0.9991132185781284,0.999127133950277,0.9991166974211656,8.503548273508521e-05,assets/pinn_subsonic/joint_ci_mode_global_validation_v1/gep_n_convergence/profiles/CONV_08__N301.npz,5.492152489220572e-05,5.492152489220627e-05,0.0004248686081555,0.0001237511769287,0.9999999984918132,501,0.3375881492256051,0.0813368750289777,4.5410272975998645e-05,1.0940934113204404e-05,4.631888107970873e-05,0.9999999989272804,4.631888107970713e-05,0.9999999989272803,0.0002733153537169583,0.9999999631053973,7.864867783558982e-05,0.9999999974325184,0.0002733153537169583
34,CONV_08,high_Mach_interior,HM1_LOW,assets/pinn_subsonic/joint_ci_mode_atlas_v2/HM1_LOW/model_state.pt,0.7749999999999999,0.38125,0.2409352200767615,401,pin,5.0,0.98,standard_map5,True,True,central_max_ci,,pq_etaaware,0.336966653359587,0.337548524015846,765,7.754036048460235e-14,0.3376025112497817,0.0813403353464335,0.9991213040283744,0.9991491974614936,0.999128277386654,5.398723393573723e-05,assets/pinn_subsonic/joint_ci_mode_global_validation_v1/gep_n_convergence/profiles/CONV_08__N401.npz,3.189577877409001e-05,3.189577877408989e-05,0.0002474552474329,7.692477363719459e-05,0.9999999994913294,501,0.3375881492256051,0.0813368750289777,1.4362024176595156e-05,3.460317455808437e-06,2.5625472383335322e-05,0.9999999996716677,2.5625472383333916e-05,0.9999999996716675,0.00010412470442105452,0.9999999946212148,3.5550480310303435e-05,0.9999999994205787,0.00010412470442105452
35,CONV_08,high_Mach_interior,HM1_LOW,assets/pinn_subsonic/joint_ci_mode_atlas_v2/HM1_LOW/model_state.pt,0.7749999999999999,0.38125,0.2409352200767615,501,pin,5.0,0.98,standard_map5,True,True,central_max_ci,,pq_etaaware,0.336966653359587,0.337548524015846,960,-1.6756678983494318e-13,0.3375881492256051,0.0813368750289777,0.9991093940519924,0.9991111094921712,0.9991098229120372,3.962520975914208e-05,assets/pinn_subsonic/joint_ci_mode_global_validation_v1/gep_n_convergence/profiles/CONV_08__N501.npz,2.153676366481822e-05,2.1536763664820066e-05,0.0001661143899007,5.542371544696816e-05,0.999999999768084,501,0.3375881492256051,0.0813368750289777,0.0,0.0,0.0,1.0000000000000002,0.0,0.9999999999999998,0.0,1.0,0.0,0.9999999999999998,0.0
36,CONV_09,very_high_Mach_interior,HM2_LOW,assets/pinn_subsonic/joint_ci_mode_atlas_v2/HM2_LOW/model_state.pt,0.98,0.38125,0.0758677920793798,201,pin,5.0,0.98,standard_map5,True,True,central_max_ci,,pq_etaaware,0.3727725266167158,0.3724812557860409,384,-1.3557642181683695e-14,0.3727394946691881,0.028278922481335,0.981540131042958,0.8844996458089336,0.957280009734452,0.0002582388831472,assets/pinn_subsonic/joint_ci_mode_global_validation_v1/gep_n_convergence/profiles/CONV_09__N201.npz,0.0001761921361383,0.0001761921361383,0.0011565176800597,0.0004138564263302,0.9999999844781652,501,0.3725380123999516,0.0282636364664249,0.00020148226923649704,1.5286014910100704e-05,0.00017237765240995406,0.9999999851429724,0.0001723776524099545,0.9999999851429724,0.0010840299726316471,0.9999994151865311,0.00034757156566107714,0.9999999532735931,0.0010840299726316471
37,CONV_09,very_high_Mach_interior,HM2_LOW,assets/pinn_subsonic/joint_ci_mode_atlas_v2/HM2_LOW/model_state.pt,0.98,0.38125,0.0758677920793798,301,pin,5.0,0.98,standard_map5,True,True,central_max_ci,,pq_etaaware,0.3727725266167158,0.3724812557860409,583,6.231155729249444e-14,0.3726069762303207,0.0282688685999683,0.9802324160504068,0.8866805528259082,0.956844450244282,0.0001257204442798,assets/pinn_subsonic/joint_ci_mode_global_validation_v1/gep_n_convergence/profiles/CONV_09__N301.npz,3.9007479780065965e-05,3.900747978006263e-05,0.0003405721659749,0.0001845540777645,0.9999999992392083,501,0.3725380123999516,0.0282636364664249,6.896383036908427e-05,5.232133543399409e-06,3.1114317900091566e-05,0.9999999995159495,3.1114317900085495e-05,0.9999999995159496,0.0002222792874473962,0.9999999757680679,0.00010120100809408749,0.9999999971178657,0.0002222792874473962
38,CONV_09,very_high_Mach_interior,HM2_LOW,assets/pinn_subsonic/joint_ci_mode_atlas_v2/HM2_LOW/model_state.pt,0.98,0.38125,0.0758677920793798,401,pin,5.0,0.98,standard_map5,True,True,central_max_ci,,pq_etaaware,0.3727725266167158,0.3724812557860409,781,-5.514202303016753e-13,0.3725600131548621,0.028265305615124,0.980571821079858,0.8861407765205103,0.956964059940021,7.875736882118067e-05,assets/pinn_subsonic/joint_ci_mode_global_validation_v1/gep_n_convergence/profiles/CONV_09__N401.npz,1.979542591803744e-05,1.979542591804584e-05,0.0002007935250526,0.0001180907593363,0.9999999998040708,501,0.3725380123999516,0.0282636364664249,2.2000754910489473e-05,1.6691486991009252e-06,1.1256388281171518e-05,0.9999999999366469,1.1256388281178255e-05,0.9999999999366466,8.330029938001419e-05,0.9999999965991004,3.359805591572033e-05,0.9999999996785153,8.330029938001419e-05
39,CONV_09,very_high_Mach_interior,HM2_LOW,assets/pinn_subsonic/joint_ci_mode_atlas_v2/HM2_LOW/model_state.pt,0.98,0.38125,0.0758677920793798,501,pin,5.0,0.98,standard_map5,True,True,central_max_ci,,pq_etaaware,0.3727725266167158,0.3724812557860409,978,6.495910768854811e-13,0.3725380123999516,0.0282636364664249,0.9799591367435476,0.8871253242482254,0.956750683619717,5.67566139106912e-05,assets/pinn_subsonic/joint_ci_mode_global_validation_v1/gep_n_convergence/profiles/CONV_09__N501.npz,1.2512360153173128e-05,1.251236015317264e-05,0.0001358664443294,8.727859409675793e-05,0.9999999999217204,501,0.3725380123999516,0.0282636364664249,0.0,0.0,0.0,1.0,0.0,0.9999999999999999,0.0,0.9999999999999998,0.0,1.0,0.0
40,CONV_10,near_neutral_low_Mach,NEUTRAL3_LOWM,assets/pinn_subsonic/joint_ci_mode_atlas_v2/NEUTRAL3_LOWM/model_state.pt,0.25,0.95,0.9198335447242616,301,pin,5.0,0.98,near_neutral_map5,True,True,central_max_ci,,pq_legacy,0.0316192677892695,0.0314177422438594,603,3.111057305289767e-13,0.031293467660337,0.0287847812847218,0.9999990497906144,0.9999988393041904,0.9999989971690084,0.0001242745835224,assets/pinn_subsonic/joint_ci_mode_global_validation_v1/gep_n_convergence/profiles/CONV_10__N301.npz,8.60990533142511e-05,8.60990533142511e-05,0.0026967365202321,0.0001745309898769,0.9999999962934764,601,0.0314359173192651,0.0289158112594384,0.0001424496589281024,0.00013102997471660036,8.063805783330846e-05,0.9999999967487515,8.063805783330846e-05,0.9999999967487515,0.0020472971578650613,0.9999979334085406,0.00019240745672550506,0.9999999814977967,0.0020472971578650613
41,CONV_10,near_neutral_low_Mach,NEUTRAL3_LOWM,assets/pinn_subsonic/joint_ci_mode_atlas_v2/NEUTRAL3_LOWM/model_state.pt,0.25,0.95,0.9198335447242616,401,pin,5.0,0.98,near_neutral_map5,True,True,central_max_ci,,pq_legacy,0.0316192677892695,0.0314177422438594,801,-7.135718691070047e-13,0.0314192866515773,0.028900513813428,0.9999990962073964,0.9999988605469364,0.9999990372922816,1.544407717879448e-06,assets/pinn_subsonic/joint_ci_mode_global_validation_v1/gep_n_convergence/profiles/CONV_10__N401.npz,3.96075036228293e-05,3.96075036228293e-05,0.0015695133006895,4.013981359973057e-05,0.9999999992156224,601,0.0314359173192651,0.0289158112594384,1.6630667687804468e-05,1.5297446010399673e-05,2.97105911404779e-05,0.9999999995586404,2.97105911404779e-05,0.9999999995586404,0.000907118232402832,0.9999995919374955,3.672712873017965e-05,0.9999999993261123,0.000907118232402832
42,CONV_10,near_neutral_low_Mach,NEUTRAL3_LOWM,assets/pinn_subsonic/joint_ci_mode_atlas_v2/NEUTRAL3_LOWM/model_state.pt,0.25,0.95,0.9198335447242616,501,pin,5.0,0.98,near_neutral_map5,True,True,central_max_ci,,pq_legacy,0.0316192677892695,0.0314177422438594,1001,-1.6097808799537278e-13,0.0314345364479219,0.028914541087656,0.9999991164817064,0.9999988834350928,0.999999058220053,1.679420406248272e-05,assets/pinn_subsonic/joint_ci_mode_global_validation_v1/gep_n_convergence/profiles/CONV_10__N501.npz,2.6198405885709414e-05,2.6198405885709414e-05,0.0010361779555967,3.395906065759913e-05,0.9999999996568218,601,0.0314359173192651,0.0289158112594384,1.3808713432011954e-06,1.2701717824019354e-06,1.7054929152596568e-05,0.9999999998545649,1.7054929152596568e-05,0.9999999998545649,0.0003823623288546043,0.9999999272702826,1.816053672883118e-05,0.9999999998351438,0.0003823623288546043
43,CONV_10,near_neutral_low_Mach,NEUTRAL3_LOWM,assets/pinn_subsonic/joint_ci_mode_atlas_v2/NEUTRAL3_LOWM/model_state.pt,0.25,0.95,0.9198335447242616,601,pin,5.0,0.98,near_neutral_map5,True,True,central_max_ci,,pq_legacy,0.0316192677892695,0.0314177422438594,1201,3.4288162666376517e-12,0.0314359173192651,0.0289158112594384,0.9999991272623286,0.9999988821542296,0.999999065985304,1.817507540568392e-05,assets/pinn_subsonic/joint_ci_mode_global_validation_v1/gep_n_convergence/profiles/CONV_10__N601.npz,1.9040901573090775e-05,1.9040901573090775e-05,0.0007330181480626,2.982449729502965e-05,0.999999999818722,601,0.0314359173192651,0.0289158112594384,0.0,0.0,0.0,0.9999999999999998,0.0,0.9999999999999998,0.0,1.0000000000000002,0.0,0.9999999999999997,0.0
44,CONV_11,near_neutral_mid_Mach,NEUTRAL3_HIM,assets/pinn_subsonic/joint_ci_mode_atlas_v2/NEUTRAL3_HIM/model_state.pt,0.5249999999999999,0.95,0.8085471152010871,301,pin,5.0,0.98,near_neutral_map5,True,True,central_max_ci,,pq_legacy,0.0287842857551356,0.0285234784545348,566,-1.1262414791117364e-12,0.0282932354321675,0.0228764138883842,0.999995213540404,0.9999985796610412,0.9999960550705632,0.0002302430223673,assets/pinn_subsonic/joint_ci_mode_global_validation_v1/gep_n_convergence/profiles/CONV_11__N301.npz,8.555964688071054e-05,8.555964688071005e-05,0.0024500330227995,0.0003227710891653,0.9999999963397734,601,0.0285243033240164,0.0230632431657543,0.00023106789184890175,0.00018682927737009858,7.75494422937507e-05,0.999999996993042,7.754944229375281e-05,0.9999999969930418,0.0019076172944360135,0.9999982035388502,0.0003219867461035128,0.9999999481882427,0.0019076172944360135
45,CONV_11,near_neutral_mid_Mach,NEUTRAL3_HIM,assets/pinn_subsonic/joint_ci_mode_atlas_v2/NEUTRAL3_HIM/model_state.pt,0.5249999999999999,0.95,0.8085471152010871,401,pin,5.0,0.98,near_neutral_map5,True,True,central_max_ci,,pq_legacy,0.0287842857551356,0.0285234784545348,759,-1.8472589076360198e-12,0.0284905964474299,0.0230359895679277,0.9999952567557314,0.9999985352195238,0.9999960763716796,3.288200710496389e-05,assets/pinn_subsonic/joint_ci_mode_global_validation_v1/gep_n_convergence/profiles/CONV_11__N401.npz,3.630447422354908e-05,3.630447422355164e-05,0.0013723565143991,5.759996326093625e-05,0.9999999993409928,601,0.0285243033240164,0.0230632431657543,3.3706876586502704e-05,2.725359782659864e-05,2.7446665422284302e-05,0.9999999996233404,2.74466654222843e-05,0.9999999996233401,0.0007985578978621816,0.9999996833821163,5.369471932255146e-05,0.9999999985594413,0.0007985578978621816
46,CONV_11,near_neutral_mid_Mach,NEUTRAL3_HIM,assets/pinn_subsonic/joint_ci_mode_atlas_v2/NEUTRAL3_HIM/model_state.pt,0.5249999999999999,0.95,0.8085471152010871,501,pin,5.0,0.98,near_neutral_map5,True,True,central_max_ci,,pq_legacy,0.0287842857551356,0.0285234784545348,956,2.4618065241002135e-13,0.0285201579205513,0.0230598914117412,0.9999952791455948,0.9999985228251888,0.9999960900654932,3.3205339834765923e-06,assets/pinn_subsonic/joint_ci_mode_global_validation_v1/gep_n_convergence/profiles/CONV_11__N501.npz,2.260605310488804e-05,2.2606053104886564e-05,0.0009020772822223,2.344104688414803e-05,0.9999999997444834,601,0.0285243033240164,0.0230632431657543,4.145403465102143e-06,3.3517540131006163e-06,1.555185556060417e-05,0.9999999998790698,1.5551855560605266e-05,0.9999999998790698,0.0003319805842336485,0.9999999451122608,1.7465890001212407e-05,0.9999999998475165,0.0003319805842336485
47,CONV_11,near_neutral_mid_Mach,NEUTRAL3_HIM,assets/pinn_subsonic/joint_ci_mode_atlas_v2/NEUTRAL3_HIM/model_state.pt,0.5249999999999999,0.95,0.8085471152010871,601,pin,5.0,0.98,near_neutral_map5,True,True,central_max_ci,,pq_legacy,0.0287842857551356,0.0285234784545348,1153,-2.283718050414933e-13,0.0285243033240164,0.0230632431657543,0.9999952918572894,0.999998518946589,0.9999960986296142,8.248694816047342e-07,assets/pinn_subsonic/joint_ci_mode_global_validation_v1/gep_n_convergence/profiles/CONV_11__N601.npz,1.569959669781339e-05,1.5699596697815148e-05,0.0006359068453086,1.6059637030284554e-05,0.9999999998767616,601,0.0285243033240164,0.0230632431657543,0.0,0.0,0.0,0.9999999999999998,0.0,0.9999999999999997,0.0,1.0,0.0,0.9999999999999999,0.0
48,CONV_12,near_neutral_high_Mach,HM1_NEUTRAL3,assets/pinn_subsonic/joint_ci_mode_atlas_v2/HM1_NEUTRAL3/model_state.pt,0.7749999999999999,0.95,0.6003631713388157,301,pin,5.0,0.98,near_neutral_map5,True,True,central_max_ci,,pq_etaaware,0.0238428173516787,0.0236128626666257,553,1.2991747373586152e-12,0.0231087817046233,0.013873661469964,0.999938997192692,0.999981016927692,0.999949502126442,0.0005040809620024,assets/pinn_subsonic/joint_ci_mode_global_validation_v1/gep_n_convergence/profiles/CONV_12__N301.npz,0.0003416769998354,0.0003416769998354,0.0023996095614783,0.000938901127881,0.9999999416284122,601,0.0236213828655096,0.0141814083285457,0.0005126011608863022,0.0003077468585816999,0.0003453577466199633,0.9999999403640116,0.00034535774661996433,0.9999999403640117,0.002132409012228906,0.9999977446725937,0.0009539372522598782,0.9999995466071414,0.002132409012228906
49,CONV_12,near_neutral_high_Mach,HM1_NEUTRAL3,assets/pinn_subsonic/joint_ci_mode_atlas_v2/HM1_NEUTRAL3/model_state.pt,0.7749999999999999,0.95,0.6003631713388157,401,pin,5.0,0.98,near_neutral_map5,True,True,central_max_ci,,pq_etaaware,0.0238428173516787,0.0236128626666257,745,3.652032947066798e-12,0.0235210641213681,0.0141211806491681,0.999935634082884,0.9999797536985948,0.9999466639868116,9.179854525766253e-05,assets/pinn_subsonic/joint_ci_mode_global_validation_v1/gep_n_convergence/profiles/CONV_12__N401.npz,6.95310318969076e-05,6.953103189690978e-05,0.0010593147329909,0.000174001120889,0.9999999975827176,601,0.0236213828655096,0.0141814083285457,0.00010031874414150044,6.0227679377600554e-05,7.185896849641084e-05,0.999999997418144,7.185896849641274e-05,0.9999999974181445,0.0006688223659402435,0.999999777667314,0.00018844470890834597,0.99999998230848,0.0006688223659402435
50,CONV_12,near_neutral_high_Mach,HM1_NEUTRAL3,assets/pinn_subsonic/joint_ci_mode_atlas_v2/HM1_NEUTRAL3/model_state.pt,0.7749999999999999,0.95,0.6003631713388157,501,pin,5.0,0.98,near_neutral_map5,True,True,central_max_ci,,pq_etaaware,0.0238428173516787,0.0236128626666257,939,1.918282990479063e-12,0.0236040727531938,0.0141710159746195,0.9999357596678934,0.9999795203010886,0.9999466998261922,8.789913431981461e-06,assets/pinn_subsonic/joint_ci_mode_global_validation_v1/gep_n_convergence/profiles/CONV_12__N501.npz,2.087123932597839e-05,2.087123932597875e-05,0.0006739253749593,2.632952272963622e-05,0.9999999997821956,601,0.0236213828655096,0.0141814083285457,1.731011231580204e-05,1.039235392620054e-05,1.9671163510625695e-05,0.9999999998065227,1.9671163510627535e-05,0.9999999998065225,0.0002442754563970764,0.9999999702563827,3.622952644529345e-05,0.9999999993456825,0.0002442754563970764
51,CONV_12,near_neutral_high_Mach,HM1_NEUTRAL3,assets/pinn_subsonic/joint_ci_mode_atlas_v2/HM1_NEUTRAL3/model_state.pt,0.7749999999999999,0.95,0.6003631713388157,601,pin,5.0,0.98,near_neutral_map5,True,True,central_max_ci,,pq_etaaware,0.0238428173516787,0.0236128626666257,1135,1.3745297873993094e-12,0.0236213828655096,0.0141814083285457,0.9999359861999264,0.9999794796344496,0.9999468595585572,8.520198883824048e-06,assets/pinn_subsonic/joint_ci_mode_global_validation_v1/gep_n_convergence/profiles/CONV_12__N601.npz,1.4537008335690472e-05,1.453700833569294e-05,0.0004802814704896,2.094580294488066e-05,0.9999999998943376,601,0.0236213828655096,0.0141814083285457,0.0,0.0,0.0,0.9999999999999998,0.0,0.9999999999999999,0.0,1.0000000000000002,0.0,0.9999999999999996,0.0
52,CONV_13,near_neutral_HM1,HM2_NEUTRAL3,assets/pinn_subsonic/joint_ci_mode_atlas_v2/HM2_NEUTRAL3/model_state.pt,0.915,0.95,0.3832811468100145,301,pin,5.0,0.98,near_neutral_map5,True,True,central_max_ci,,pq_etaaware,0.0206406172456379,0.0203808632667593,592,1.3904577726213495e-11,0.0194153772231036,0.0074415480478201,0.9991512305885504,0.9989262677103063,0.9990949898689891,0.0009654860436556,assets/pinn_subsonic/joint_ci_mode_global_validation_v1/gep_n_convergence/profiles/CONV_13__N301.npz,0.0024239923254452,0.0024239923254451,0.004389264646015,0.0038478830081924,0.9999970621262876,601,0.020364372558467,0.0078052800682756,0.0009489953353634013,0.00036373202045549956,0.002381000601093566,0.9999971654140514,0.0023810006010935663,0.9999971654140514,0.004257343474085151,0.9999909542370238,0.003781740287380067,0.9999932217321243,0.004257343474085151
53,CONV_13,near_neutral_HM1,HM2_NEUTRAL3,assets/pinn_subsonic/joint_ci_mode_atlas_v2/HM2_NEUTRAL3/model_state.pt,0.915,0.95,0.3832811468100145,401,pin,5.0,0.98,near_neutral_map5,True,True,central_max_ci,,pq_etaaware,0.0206406172456379,0.0203808632667593,790,-1.6416646530167496e-11,0.0201483998487538,0.007722501800417,0.9990864387983808,0.9988290029771985,0.999022079843085,0.0002324634180054,assets/pinn_subsonic/joint_ci_mode_global_validation_v1/gep_n_convergence/profiles/CONV_13__N401.npz,0.0005860646440155,0.0005860646440155,0.001211521259959,0.0009272888574645,0.9999998282641016,601,0.020364372558467,0.0078052800682756,0.0002159727097131997,8.277826785860025e-05,0.0005428441905314179,0.9999998526600815,0.0005428441905314177,0.9999998526600815,0.0010226763525275355,0.9999994781787369,0.000860995445109243,0.9999996494329543,0.0010226763525275355
54,CONV_13,near_neutral_HM1,HM2_NEUTRAL3,assets/pinn_subsonic/joint_ci_mode_atlas_v2/HM2_NEUTRAL3/model_state.pt,0.915,0.95,0.3832811468100145,501,pin,5.0,0.98,near_neutral_map5,True,True,central_max_ci,,pq_etaaware,0.0206406172456379,0.0203808632667593,985,3.1094074863417136e-12,0.0203207594866591,0.0077885640000971,0.9990481571976167,0.9988040054825008,0.998987119268838,6.010378010020551e-05,assets/pinn_subsonic/joint_ci_mode_global_validation_v1/gep_n_convergence/profiles/CONV_13__N501.npz,0.0001540440573228,0.0001540440573228,0.0005004134380319,0.0002408138111591,0.9999999881352142,601,0.020364372558467,0.0078052800682756,4.361307180790128e-05,1.6716068178500125e-05,0.00011060976153206053,0.9999999938827403,0.00011060976153206255,0.9999999938827403,0.00024511338763379505,0.9999999700160406,0.00017437853504986307,0.999999985621373,0.00024511338763379505
55,CONV_13,near_neutral_HM1,HM2_NEUTRAL3,assets/pinn_subsonic/joint_ci_mode_atlas_v2/HM2_NEUTRAL3/model_state.pt,0.915,0.95,0.3832811468100145,601,pin,5.0,0.98,near_neutral_map5,True,True,central_max_ci,,pq_etaaware,0.0206406172456379,0.0203808632667593,1141,3.109823854704486e-11,0.020364372558467,0.0078052800682756,0.999052539229012,0.9987986440318122,0.998989065429712,1.649070829224178e-05,assets/pinn_subsonic/joint_ci_mode_global_validation_v1/gep_n_convergence/profiles/CONV_13__N601.npz,4.538133711785468e-05,4.538133711785409e-05,0.0003073258058295,6.779653240371051e-05,0.999999998970267,601,0.020364372558467,0.0078052800682756,0.0,0.0,0.0,1.0,0.0,1.0,0.0,1.0,0.0,0.9999999999999999,0.0
56,CONV_14,near_neutral_HM2_eta930,HM2_NEUTRAL3,assets/pinn_subsonic/joint_ci_mode_atlas_v2/HM2_NEUTRAL3/model_state.pt,0.98,0.9275,0.1845701695832781,301,pin,5.0,0.98,near_neutral_map5,True,True,central_max_ci,,pq_etaaware,0.1733089736811119,0.1890471275733052,571,-2.6753835174121112e-14,0.1892261639067313,0.0349255051618585,0.9579195253816594,0.9055209723654984,0.9448198871276192,0.000179036333426,assets/pinn_subsonic/joint_ci_mode_global_validation_v1/gep_n_convergence/profiles/CONV_14__N301.npz,0.0001415784519601,0.0001415784519601,0.0005755432405744,0.0004506763122199,0.999999989977771,601,0.189100808114676,0.0349023682220606,0.0001253557920553039,2.3136939797899214e-05,9.858727374852704e-05,0.9999999951402747,9.85872737485242e-05,0.9999999951402747,0.0004137326885787802,0.9999999283677922,0.00031658267989751056,0.9999999956393341,0.0004137326885787802
57,CONV_14,near_neutral_HM2_eta930,HM2_NEUTRAL3,assets/pinn_subsonic/joint_ci_mode_atlas_v2/HM2_NEUTRAL3/model_state.pt,0.98,0.9275,0.1845701695832781,401,pin,5.0,0.98,near_neutral_map5,True,True,central_max_ci,,pq_etaaware,0.1733089736811119,0.1890471275733052,767,-1.0299599608925898e-13,0.1891530197599251,0.0349120049342785,0.958535848662123,0.9051603744510948,0.945191980109366,0.0001058921866198,assets/pinn_subsonic/joint_ci_mode_global_validation_v1/gep_n_convergence/profiles/CONV_14__N401.npz,8.449137880407552e-05,8.449137880407037e-05,0.00033582759473,0.0002667027494762,0.9999999964306036,601,0.189100808114676,0.0349023682220606,5.22116452491006e-05,9.636712217896137e-06,4.228207962932131e-05,0.9999999991061128,4.228207962931764e-05,0.999999999106113,0.000176848553801081,0.9999999866979256,0.0001330446137524212,0.9999999991261357,0.000176848553801081
58,CONV_14,near_neutral_HM2_eta930,HM2_NEUTRAL3,assets/pinn_subsonic/joint_ci_mode_atlas_v2/HM2_NEUTRAL3/model_state.pt,0.98,0.9275,0.1845701695832781,501,pin,5.0,0.98,near_neutral_map5,True,True,central_max_ci,,pq_etaaware,0.1733089736811119,0.1890471275733052,963,5.429305229734922e-14,0.1891191838250605,0.0349057598300425,0.9574487680902626,0.9058042316822544,0.9445376339882604,7.205625175532582e-05,assets/pinn_subsonic/joint_ci_mode_global_validation_v1/gep_n_convergence/profiles/CONV_14__N501.npz,5.853661650144291e-05,5.8536616501442985e-05,0.0002260421150653,0.0001815173625582,0.9999999982867324,601,0.189100808114676,0.0349023682220606,1.8375710384488375e-05,3.3916079818993583e-06,1.747822097703837e-05,0.999999999847256,1.7478220977044403e-05,0.9999999998472561,6.9457984645674e-05,0.9999999977990454,4.845830476555061e-05,0.9999999998260857,6.9457984645674e-05
59,CONV_14,near_neutral_HM2_eta930,HM2_NEUTRAL3,assets/pinn_subsonic/joint_ci_mode_atlas_v2/HM2_NEUTRAL3/model_state.pt,0.98,0.9275,0.1845701695832781,601,pin,5.0,0.98,near_neutral_map5,True,True,central_max_ci,,pq_etaaware,0.1733089736811119,0.1890471275733052,1161,-5.5855974257772355e-14,0.189100808114676,0.0349023682220606,0.9579410128856006,0.9055215445887852,0.9448361458113969,5.3680541370754176e-05,assets/pinn_subsonic/joint_ci_mode_global_validation_v1/gep_n_convergence/profiles/CONV_14__N601.npz,4.419034297882902e-05,4.419034297882563e-05,0.0001669267649257,0.0001346253627923,0.9999999990236068,601,0.189100808114676,0.0349023682220606,0.0,0.0,0.0,1.0,0.0,1.0,0.0,1.0,0.0,0.9999999999999999,0.0
60,CONV_15,near_neutral_HM2_eta950,HM2_NEUTRAL3,assets/pinn_subsonic/joint_ci_mode_atlas_v2/HM2_NEUTRAL3/model_state.pt,0.98,0.95,0.1890476130502579,301,pin,5.0,0.98,near_neutral_map5,True,True,central_max_ci,,pq_etaaware,0.2026026342145678,0.1800078622646489,571,3.871468231789087e-14,0.1801984064595168,0.0340660786166318,0.9580515727709306,0.9076867110606444,0.9454603573433592,0.0001905441948679,assets/pinn_subsonic/joint_ci_mode_global_validation_v1/gep_n_convergence/profiles/CONV_15__N301.npz,0.0001633625578913,0.0001633625578913,0.000616973839184,0.0005035319368477,0.9999999866563372,601,0.1800683607757125,0.0340414937905211,0.00013004568380428627,2.4584826110701785e-05,0.00011008888152680562,0.999999993940219,0.00011008888152680334,0.9999999939402191,0.0004340991586481836,0.9999999214057235,0.0003446378740703903,0.9999999949673928,0.0004340991586481836
61,CONV_15,near_neutral_HM2_eta950,HM2_NEUTRAL3,assets/pinn_subsonic/joint_ci_mode_atlas_v2/HM2_NEUTRAL3/model_state.pt,0.98,0.95,0.1890476130502579,401,pin,5.0,0.98,near_neutral_map5,True,True,central_max_ci,,pq_etaaware,0.2026026342145678,0.1800078622646489,766,-2.320472307584769e-13,0.1801225267848635,0.0340517337452596,0.9586670943809928,0.9073356086068062,0.945834222937446,0.0001146645202146,assets/pinn_subsonic/joint_ci_mode_global_validation_v1/gep_n_convergence/profiles/CONV_15__N401.npz,9.954375960429988e-05,9.95437596042968e-05,0.0003656475376389,0.0003031656292293,0.9999999950455198,601,0.1800683607757125,0.0340414937905211,5.4166009151007666e-05,1.0239954738498758e-05,4.693215788210002e-05,0.9999999988986865,4.693215788209363e-05,0.9999999988986863,0.00018527639118790925,0.9999999854581204,0.0001446602111442414,0.9999999990092728,0.00018527639118790925
62,CONV_15,near_neutral_HM2_eta950,HM2_NEUTRAL3,assets/pinn_subsonic/joint_ci_mode_atlas_v2/HM2_NEUTRAL3/model_state.pt,0.98,0.95,0.1890476130502579,501,pin,5.0,0.98,near_neutral_map5,True,True,central_max_ci,,pq_etaaware,0.2026026342145678,0.1800078622646489,962,-2.087087735377649e-13,0.1800874244656689,0.0340450977356033,0.9575840645704504,0.90796193234709,0.9451785315146104,7.956220102003919e-05,assets/pinn_subsonic/joint_ci_mode_global_validation_v1/gep_n_convergence/profiles/CONV_15__N501.npz,7.047101043235974e-05,7.047101043235306e-05,0.0002504228026448,0.0002104099358063,0.9999999975169184,601,0.1800683607757125,0.0340414937905211,1.906368995638341e-05,3.603945082197857e-06,1.8901506085378704e-05,0.9999999998213662,1.890150608537532e-05,0.9999999998213667,7.198342358696797e-05,0.9999999976568966,5.244516269749161e-05,0.999999999811171,7.198342358696797e-05
63,CONV_15,near_neutral_HM2_eta950,HM2_NEUTRAL3,assets/pinn_subsonic/joint_ci_mode_atlas_v2/HM2_NEUTRAL3/model_state.pt,0.98,0.95,0.1890476130502579,601,pin,5.0,0.98,near_neutral_map5,True,True,central_max_ci,,pq_etaaware,0.2026026342145678,0.1800078622646489,1160,2.4514082292246483e-13,0.1800683607757125,0.0340414937905211,0.9580749949932864,0.9076868909439336,0.9454779689809484,6.049851106365578e-05,assets/pinn_subsonic/joint_ci_mode_global_validation_v1/gep_n_convergence/profiles/CONV_15__N601.npz,5.445491690297879e-05,5.4454916902980405e-05,0.0001889161824617,0.0001594232403072,0.999999998517331,601,0.1800683607757125,0.0340414937905211,0.0,0.0,0.0,1.0,0.0,1.0,0.0,1.0,0.0,1.0,0.0
64,CONV_16,branch_correction_case,HM2_NEUTRAL3,assets/pinn_subsonic/joint_ci_mode_atlas_v2/HM2_NEUTRAL3/model_state.pt,0.98,0.9725,0.1935250565172377,301,pin,5.0,0.98,near_neutral_map5,True,True,central_max_ci,,pq_etaaware,0.0221039321772877,0.1706017603720829,570,1.8472766021334705e-14,0.1707749511278209,0.03304923206874,0.9584133997846506,0.9096961058316312,0.9462340762963958,0.0001731907557379,assets/pinn_subsonic/joint_ci_mode_global_validation_v1/gep_n_convergence/profiles/CONV_16__N301.npz,0.0001556908518228,0.0001556908518228,0.0005881200909309,0.000483605340379,0.9999999878801792,601,0.1706390071656939,0.0330229235057862,0.00013594396212698867,2.6308562953797354e-05,0.0001243372453675047,0.9999999922701247,0.00012433724536750848,0.9999999922701246,0.0004591961094300943,0.999999912248637,0.00037990003561387786,0.99999999399358,0.0004591961094300943
65,CONV_16,branch_correction_case,HM2_NEUTRAL3,assets/pinn_subsonic/joint_ci_mode_atlas_v2/HM2_NEUTRAL3/model_state.pt,0.98,0.9725,0.1935250565172377,401,pin,5.0,0.98,near_neutral_map5,True,True,central_max_ci,,pq_etaaware,0.0221039321772877,0.1706017603720829,767,-2.4705421006378493e-14,0.1706956312248971,0.0330338816800437,0.95902616642452,0.9093527753404184,0.9466078186534944,9.387085281417629e-05,assets/pinn_subsonic/joint_ci_mode_global_validation_v1/gep_n_convergence/profiles/CONV_16__N401.npz,8.34047399468521e-05,8.34047399468497e-05,0.0003227924881876,0.0002622360410504,0.9999999965218248,601,0.1706390071656939,0.0330229235057862,5.662405920317526e-05,1.0958174257502673e-05,5.2692095862932585e-05,0.9999999986117715,5.269209586292867e-05,0.9999999986117714,0.00019674810844781004,0.999999983720834,0.00015888520645812194,0.9999999988660121,0.00019674810844781004
66,CONV_16,branch_correction_case,HM2_NEUTRAL3,assets/pinn_subsonic/joint_ci_mode_atlas_v2/HM2_NEUTRAL3/model_state.pt,0.98,0.9725,0.1935250565172377,501,pin,5.0,0.98,near_neutral_map5,True,True,central_max_ci,,pq_etaaware,0.0221039321772877,0.1706017603720829,963,-5.285564824310047e-14,0.170658936183614,0.0330267802701055,0.957951028887698,0.9099645238804356,0.9459544026358826,5.717581153105722e-05,assets/pinn_subsonic/joint_ci_mode_global_validation_v1/gep_n_convergence/profiles/CONV_16__N501.npz,5.041238721791236e-05,5.0412387217910254e-05,0.0001975360349041,0.0001598579721562,0.9999999987292956,601,0.1706390071656939,0.0330229235057862,1.9929017920083947e-05,3.856764319298822e-06,2.0672575253159043e-05,0.9999999997863221,2.067257525315911e-05,0.9999999997863223,7.318689002308751e-05,0.9999999977195873,5.711177666396521e-05,0.9999999997946661,7.318689002308751e-05
67,CONV_16,branch_correction_case,HM2_NEUTRAL3,assets/pinn_subsonic/joint_ci_mode_atlas_v2/HM2_NEUTRAL3/model_state.pt,0.98,0.9725,0.1935250565172377,601,pin,5.0,0.98,near_neutral_map5,True,True,central_max_ci,,pq_etaaware,0.0221039321772877,0.1706017603720829,1161,6.32822838664696e-15,0.1706390071656939,0.0330229235057862,0.9584390000507236,0.9096958049858062,0.9462532012844942,3.724679361094552e-05,assets/pinn_subsonic/joint_ci_mode_global_validation_v1/gep_n_convergence/profiles/CONV_16__N601.npz,3.224241115691363e-05,3.2242411156914634e-05,0.0001329374671376,0.0001041226863842,0.9999999994802136,601,0.1706390071656939,0.0330229235057862,0.0,0.0,1.6523839521052619e-16,1.0000000000000002,1.4758372126396382e-16,1.0000000000000002,1.6110039011112462e-16,1.0000000000000002,1.6616500493730238e-16,1.0,1.6616500493730238e-16
68,CONV_17,HM2_LOW_MID_seam_1,HM2_MID,assets/pinn_subsonic/joint_ci_mode_atlas_v2/HM2_MID/model_state.pt,0.915,0.375,0.1512951895302688,201,pin,5.0,0.98,standard_map5,True,True,central_max_ci,,pq_etaaware,0.3206994584381918,0.3215071769711018,378,1.3861073769807836e-14,0.3217298862428722,0.0486761841166671,0.9976082195358112,0.9925466021347804,0.9963428151855536,0.0002227092717703,assets/pinn_subsonic/joint_ci_mode_global_validation_v1/gep_n_convergence/profiles/CONV_17__N201.npz,0.0001100329159619,0.0001100329159619,0.0008057566085535,0.0003554914494917,0.9999999939463786,501,0.3215369345143923,0.0486469914483366,0.0001929517284798843,2.9192668330499383e-05,9.743351504261956e-05,0.9999999952533549,9.743351504261903e-05,0.9999999952533551,0.0006942296722925351,0.9999997627953148,0.00030866033682430227,0.9999999823325348,0.0006942296722925351
69,CONV_17,HM2_LOW_MID_seam_1,HM2_MID,assets/pinn_subsonic/joint_ci_mode_atlas_v2/HM2_MID/model_state.pt,0.915,0.375,0.1512951895302688,301,pin,5.0,0.98,standard_map5,True,True,central_max_ci,,pq_etaaware,0.3206994584381918,0.3215071769711018,575,2.6245394914771813e-13,0.3216021854803186,0.0486568636055934,0.99735207627017,0.9923093690527792,0.996091399465822,9.50085092168429e-05,assets/pinn_subsonic/joint_ci_mode_global_validation_v1/gep_n_convergence/profiles/CONV_17__N301.npz,4.882563518745175e-05,4.8825635187454e-05,0.0003522227399529,0.0001524689846524,0.9999999988080286,501,0.3215369345143923,0.0486469914483366,6.525096592630009e-05,9.872157256805847e-06,3.748545619658546e-05,0.9999999992974204,3.7485456196592896e-05,0.9999999992974206,0.0002444843803800049,0.9999999706786469,0.00010633228657930095,0.9999999977585703,0.0002444843803800049
70,CONV_17,HM2_LOW_MID_seam_1,HM2_MID,assets/pinn_subsonic/joint_ci_mode_atlas_v2/HM2_MID/model_state.pt,0.915,0.375,0.1512951895302688,401,pin,5.0,0.98,standard_map5,True,True,central_max_ci,,pq_etaaware,0.3206994584381918,0.3215071769711018,770,1.8010136347394341e-13,0.3215575708310139,0.048650113623771,0.9974208350009772,0.9923621713571932,0.9961561690900312,5.039385991212342e-05,assets/pinn_subsonic/joint_ci_mode_global_validation_v1/gep_n_convergence/profiles/CONV_17__N401.npz,2.7246279959570845e-05,2.724627995956948e-05,0.0001951351741613,8.216982737841889e-05,0.9999999996288202,501,0.3215369345143923,0.0486469914483366,2.0636316621580608e-05,3.1221754344043506e-06,1.780026322223472e-05,0.9999999998415753,1.780026322223749e-05,0.9999999998415754,9.189306158677172e-05,0.9999999958228647,3.8015594132217174e-05,0.999999999621608,9.189306158677172e-05
71,CONV_17,HM2_LOW_MID_seam_1,HM2_MID,assets/pinn_subsonic/joint_ci_mode_atlas_v2/HM2_MID/model_state.pt,0.915,0.375,0.1512951895302688,501,pin,5.0,0.98,standard_map5,True,True,central_max_ci,,pq_etaaware,0.3206994584381918,0.3215071769711018,967,-2.200756692056315e-13,0.3215369345143923,0.0486469914483366,0.9972973060729772,0.9922588991212158,0.9960377043350368,2.9757543290487295e-05,assets/pinn_subsonic/joint_ci_mode_global_validation_v1/gep_n_convergence/profiles/CONV_17__N501.npz,1.7491420017234516e-05,1.7491420017233188e-05,0.0001218415074857,4.93255966230252e-05,0.9999999998470254,501,0.3215369345143923,0.0486469914483366,0.0,0.0,0.0,1.0000000000000002,0.0,1.0000000000000004,0.0,0.9999999999999998,0.0,1.0000000000000002,0.0
72,CONV_18,HM2_LOW_MID_seam_2,HM2_MID,assets/pinn_subsonic/joint_ci_mode_atlas_v2/HM2_MID/model_state.pt,0.98,0.375,0.0746240577829965,201,pin,5.0,0.98,standard_map5,True,True,central_max_ci,,pq_etaaware,0.3754027830343006,0.3745213091245153,386,3.854538154440916e-14,0.3747515171858821,0.0279654788727448,0.9775775985675492,0.9400907744471584,0.9682058925374516,0.0002302080613667,assets/pinn_subsonic/joint_ci_mode_global_validation_v1/gep_n_convergence/profiles/CONV_18__N201.npz,0.0002045414861811,0.000204541486181,0.0011928927085116,0.0003898140836413,0.99999997908139,501,0.3745524552098488,0.0279506240603429,0.0001990619760333101,1.48548124018974e-05,0.0001984007162606022,0.9999999803185773,0.000198400716260585,0.999999980318578,0.0011414145539489031,0.9999993517881473,0.0003467920498064549,0.9999999512520934,0.0011414145539489031
73,CONV_18,HM2_LOW_MID_seam_2,HM2_MID,assets/pinn_subsonic/joint_ci_mode_atlas_v2/HM2_MID/model_state.pt,0.98,0.375,0.0746240577829965,301,pin,5.0,0.98,standard_map5,True,True,central_max_ci,,pq_etaaware,0.3754027830343006,0.3745213091245153,582,-2.91838144140222e-13,0.3746201249461459,0.0279556738506545,0.9758323030307804,0.9375897374983172,0.9662716616476646,9.881582163057125e-05,assets/pinn_subsonic/joint_ci_mode_global_validation_v1/gep_n_convergence/profiles/CONV_18__N301.npz,4.384076611259068e-05,4.384076611258845e-05,0.0003080616006705,0.0001547167703956,0.9999999990389936,501,0.3745524552098488,0.0279506240603429,6.766973629707129e-05,5.049790311597441e-06,3.138944321147693e-05,0.9999999995073512,3.1389443211479704e-05,0.9999999995073513,0.00022235375307763422,0.9999999757791943,9.906875525452084e-05,0.9999999969704624,0.00022235375307763422
74,CONV_18,HM2_LOW_MID_seam_2,HM2_MID,assets/pinn_subsonic/joint_ci_mode_atlas_v2/HM2_MID/model_state.pt,0.98,0.375,0.0746240577829965,401,pin,5.0,0.98,standard_map5,True,True,central_max_ci,,pq_etaaware,0.3754027830343006,0.3745213091245153,781,-9.353529142888317e-13,0.3745739942580611,0.0279522313915213,0.9762876457776914,0.9382164901292324,0.9667698568655768,5.268513354572679e-05,assets/pinn_subsonic/joint_ci_mode_global_validation_v1/gep_n_convergence/profiles/CONV_18__N401.npz,2.3580630495392885e-05,2.3580630495393617e-05,0.0001668981723573,9.008423824456791e-05,0.9999999997219768,501,0.3745524552098488,0.0279506240603429,2.1539048212282363e-05,1.6073311783978972e-06,1.126428397228994e-05,0.9999999999365577,1.1264283972286677e-05,0.999999999936558,7.988342896838644e-05,0.9999999968552322,3.34261198569206e-05,0.9999999996581489,7.988342896838644e-05
75,CONV_18,HM2_LOW_MID_seam_2,HM2_MID,assets/pinn_subsonic/joint_ci_mode_atlas_v2/HM2_MID/model_state.pt,0.98,0.375,0.0746240577829965,501,pin,5.0,0.98,standard_map5,True,True,central_max_ci,,pq_etaaware,0.3754027830343006,0.3745213091245153,979,5.49399912146049e-13,0.3745524552098488,0.0279506240603429,0.9754639111789744,0.9370721808291016,0.965865978591506,3.114608533344443e-05,assets/pinn_subsonic/joint_ci_mode_global_validation_v1/gep_n_convergence/profiles/CONV_18__N501.npz,1.490412111481614e-05,1.490412111481727e-05,0.0001045231422429,5.9284733707886775e-05,0.9999999998889336,501,0.3745524552098488,0.0279506240603429,0.0,0.0,0.0,0.9999999999999998,0.0,1.0000000000000002,0.0,1.0000000000000004,0.0,1.0,0.0
76,CONV_19,vlow_transition,HM1_VLOW_EXTREME,assets/pinn_subsonic/joint_ci_mode_atlas_v2/HM1_VLOW_EXTREME/model_state.pt,0.7,0.11125,0.0794483912675392,201,pin,10.0,0.99,longwave_map10,True,True,central_max_ci,,pQscaled,0.5755079322665787,0.5750292309225415,379,-1.13903984185219e-14,0.5756798406406144,0.0457368372240501,0.9833197831096512,0.8690627752272336,0.9547555311390468,0.0006506097180728,assets/pinn_subsonic/joint_ci_mode_global_validation_v1/gep_n_convergence/profiles/CONV_19__N201.npz,0.0001219235829513,0.0001219235829513,0.0022566355960555,0.0006499252795824,0.99999999256732,501,0.5751252786597141,0.0456927781668094,0.0005545619809003144,4.4059057240697364e-05,0.00010406633455961755,0.999999994585099,0.00010406633455961762,0.999999994585099,0.0019366398949642654,0.9999981359189175,0.0005561317672226058,0.999999858052035,0.0019366398949642654
77,CONV_19,vlow_transition,HM1_VLOW_EXTREME,assets/pinn_subsonic/joint_ci_mode_atlas_v2/HM1_VLOW_EXTREME/model_state.pt,0.7,0.11125,0.0794483912675392,301,pin,10.0,0.99,longwave_map10,True,True,central_max_ci,,pQscaled,0.5755079322665787,0.5750292309225415,575,3.8698967220138216e-14,0.5753122227679336,0.0457076305754644,0.9829771893911636,0.8691856692016148,0.9545293093437766,0.000282991845392,assets/pinn_subsonic/joint_ci_mode_global_validation_v1/gep_n_convergence/profiles/CONV_19__N301.npz,5.315292239408927e-05,5.315292239409909e-05,0.0009985501443796,0.0002833719787523,0.9999999985873836,501,0.5751252786597141,0.0456927781668094,0.00018694410821951113,1.4852408654994487e-05,3.539826387502857e-05,0.9999999993734813,3.539826387502953e-05,0.9999999993734815,0.0006854987211005952,0.9999997665805744,0.00019061329527351407,0.9999999832730242,0.0006854987211005952
78,CONV_19,vlow_transition,HM1_VLOW_EXTREME,assets/pinn_subsonic/joint_ci_mode_atlas_v2/HM1_VLOW_EXTREME/model_state.pt,0.7,0.11125,0.0794483912675392,401,pin,10.0,0.99,longwave_map10,True,True,central_max_ci,,pQscaled,0.5755079322665787,0.5750292309225415,770,-8.480841147587684e-14,0.5751843365415272,0.0456974702205112,0.9833387839277942,0.8691588643496562,0.9547938040332598,0.0001551056189856,assets/pinn_subsonic/joint_ci_mode_global_validation_v1/gep_n_convergence/profiles/CONV_19__N401.npz,2.9260032967660432e-05,2.9260032967660483e-05,0.0005574888990903,0.0001557390537104,0.9999999995719252,501,0.5751252786597141,0.0456927781668094,5.9057881813151525e-05,4.692053701793597e-06,1.1882189998285472e-05,0.9999999999294067,1.1882189998279826e-05,0.9999999999294066,0.0002765268678096299,0.9999999618870115,6.54537289614563e-05,0.9999999980016228,0.0002765268678096299
79,CONV_19,vlow_transition,HM1_VLOW_EXTREME,assets/pinn_subsonic/joint_ci_mode_atlas_v2/HM1_VLOW_EXTREME/model_state.pt,0.7,0.11125,0.0794483912675392,501,pin,10.0,0.99,longwave_map10,True,True,central_max_ci,,pQscaled,0.5755079322665787,0.5750292309225415,966,-1.0702081157614327e-13,0.5751252786597141,0.0456927781668094,0.9831280808667155,0.8692017614255311,0.9546465010064196,9.604773717253325e-05,assets/pinn_subsonic/joint_ci_mode_global_validation_v1/gep_n_convergence/profiles/CONV_19__N501.npz,1.8245462237199183e-05,1.824546223720353e-05,0.0003536459576228,9.675183152693683e-05,0.9999999998335516,501,0.5751252786597141,0.0456927781668094,0.0,0.0,0.0,1.0,0.0,1.0000000000000002,0.0,0.9999999999999997,0.0,1.0000000000000002,0.0
