point_id,p1e_group,Mach,eta,alpha,gep_regime,ci_ref,solver_family,config,ci,omega_i,success,mismatch,stage1_mismatch,stage2_mismatch,y_limit,runtime_s,rtol,atol,min_L,max_L,match,n_scan,robust_source,error,abs_err_vs_ci_ref,abs_delta_solver_strict,branch_shift_gt_1e3,p_overlap_801,p_rel_l2_801,u_rel_l2_801,v_rel_l2_801,rho_rel_l2_801,metric_ymin_801,metric_ymax_801,metric_n_801,p_overlap_1601,p_rel_l2_1601,u_rel_l2_1601,v_rel_l2_1601,rho_rel_l2_1601,metric_ymin_1601,metric_ymax_1601,metric_n_1601,p_overlap_3201,p_rel_l2_3201,u_rel_l2_3201,v_rel_l2_3201,rho_rel_l2_3201,metric_ymin_3201,metric_ymax_3201,metric_n_3201
OFFGRID_0378,stratified_standard_N301,0.4712146652765024,0.9565833439390627,0.8437242630226424,standard_N301,0.0253820073304805,robust,robust_nominal,0.02538151209507928,0.021414997586821048,True,4.1429540186509184e-08,2.5433632471335005e-05,2.795570206302879e-26,,7.386474583065137,,,,,,,secondary_neutral,,4.95235401219013e-07,,False,,,,,,,,,,,,,,,,,,,,,,,,
OFFGRID_0378,stratified_standard_N301,0.4712146652765024,0.9565833439390627,0.8437242630226424,standard_N301,0.0253820073304805,primary,primary_nominal,0.025372593879441283,0.021407473071904402,True,4.1429540186509184e-08,,,,1.9651826840126887,1e-08,1e-10,8.0,80.0,0.0,81.0,,,9.413451039216175e-06,1.0075663323290407e-06,False,,,,,,,,,,,,,,,,,,,,,,,,
OFFGRID_0378,stratified_standard_N301,0.4712146652765024,0.9565833439390627,0.8437242630226424,standard_N301,0.0253820073304805,primary,primary_tol_strict,0.0253726893431128,0.0214075536169203,True,4.125259343498722e-08,,,,4.348391089006327,1e-10,1e-12,8.0,80.0,0.0,81.0,,,9.31798736769976e-06,9.121026608126248e-07,False,,,,,,,,,,,,,,,,,,,,,,,,
OFFGRID_0378,stratified_standard_N301,0.4712146652765024,0.9565833439390627,0.8437242630226424,standard_N301,0.0253820073304805,primary,primary_scan_dense,0.02537360144577361,0.021408323180065594,True,3.8447630611344874e-08,,,,3.558913093060255,1e-08,1e-10,8.0,80.0,0.0,161.0,,,8.405884706887135e-06,0.0,False,,,,,,,,,,,,,,,,,,,,,,,,
OFFGRID_0378,stratified_standard_N301,0.4712146652765024,0.9565833439390627,0.8437242630226424,standard_N301,0.0253820073304805,primary,primary_L40,0.025372620467021472,0.021407495504490903,True,4.138962925669641e-08,,,,2.3390431600855663,1e-08,1e-10,40.0,40.0,0.0,81.0,,,9.386863459026618e-06,9.80978752139483e-07,False,,,,,,,,,,,,,,,,,,,,,,,,
OFFGRID_0378,stratified_standard_N301,0.4712146652765024,0.9565833439390627,0.8437242630226424,standard_N301,0.0253820073304805,primary,primary_L80,0.025372618784479217,0.021407494084889178,True,4.139458307118177e-08,,,,2.741465733968653,1e-08,1e-10,80.0,80.0,0.0,81.0,,,9.388546001281445e-06,9.826612943943103e-07,False,,,,,,,,,,,,,,,,,,,,,,,,
OFFGRID_0378,stratified_standard_N301,0.4712146652765024,0.9565833439390627,0.8437242630226424,standard_N301,0.0253820073304805,primary,primary_L120,0.025372612241277615,0.02140748856423123,True,4.137426752332668e-08,,,,3.1395352879771963,1e-08,1e-10,120.0,120.0,0.0,81.0,,,9.395089202883511e-06,9.892044959963764e-07,False,,,,,,,,,,,,,,,,,,,,,,,,
OFFGRID_0378,stratified_standard_N301,0.4712146652765024,0.9565833439390627,0.8437242630226424,standard_N301,0.0253820073304805,primary,primary_match_m05,0.025371970857672312,0.021406947413321532,True,1.718350524158733e-05,,,,1.9763720479095355,1e-08,1e-10,8.0,80.0,-0.5,81.0,,,1.0036472808186425e-05,1.6305881012992907e-06,False,,,,,,,,,,,,,,,,,,,,,,,,
OFFGRID_0378,stratified_standard_N301,0.4712146652765024,0.9565833439390627,0.8437242630226424,standard_N301,0.0253820073304805,primary,primary_match_p05,0.025371970857672312,0.021406947413321532,True,1.718350524158733e-05,,,,1.966101024998352,1e-08,1e-10,8.0,80.0,0.5,81.0,,,1.0036472808186425e-05,1.6305881012992907e-06,False,,,,,,,,,,,,,,,,,,,,,,,,
OFFGRID_0378,stratified_standard_N301,0.4712146652765024,0.9565833439390627,0.8437242630226424,standard_N301,0.0253820073304805,primary,primary_strict_ref,0.02537360144577361,0.021408323180065594,True,3.855319465301092e-08,,,,10.179332996020094,1e-10,1e-12,120.0,120.0,0.0,161.0,,,8.405884706887135e-06,0.0,False,,,,,,,,,,,,,,,,,,,,,,,,
OFFGRID_0378,stratified_standard_N301,0.4712146652765024,0.9565833439390627,0.8437242630226424,standard_N301,0.0253820073304805,mstab17,mstab_nominal,0.025382007330480537,0.021415415428944998,True,2.293158496302353e-05,2.293158496302353e-05,2.892930433149125e-26,10.0,7.419147410080768,1e-10,1e-12,10.0,80.0,1.0,61.0,,,3.8163916471489756e-17,2.7223496822395554e-05,False,0.9999999914607556,0.00013068469286471352,0.002224709633464344,0.00014974377270498976,0.00013068469286470932,-10.0,10.0,801.0,0.999999991348883,0.00013153795669778448,0.0022902446331567886,0.00014993481837147224,0.0001315379566977905,-10.0,10.0,1601.0,0.9999999913610638,0.00013144532111613786,0.0022885691069984755,0.00014973652826822737,0.00013144532111613176,-10.0,10.0,3201.0
OFFGRID_0378,stratified_standard_N301,0.4712146652765024,0.9565833439390627,0.8437242630226424,standard_N301,0.0253820073304805,mstab17,mstab_tol_strict,0.025382007368480834,0.02141541546100677,True,2.2931755688483013e-05,2.2931755688483013e-05,5.965760595733902e-30,10.0,17.880045420955867,1e-12,1e-14,10.0,80.0,1.0,61.0,,,3.8000335517152095e-11,2.7223534822692907e-05,False,0.9999999914607554,0.00013068469432265305,0.002224709852485531,0.00014974380012117966,0.00013068469432267083,-10.0,10.0,801.0,0.9999999913488825,0.00013153795808029529,0.002290244888896663,0.00014993484449399346,0.0001315379580803001,-10.0,10.0,1601.0,0.9999999913610633,0.00013144532249959742,0.002288569379645492,0.00014973655425823575,0.00013144532249960314,-10.0,10.0,3201.0
OFFGRID_0378,stratified_standard_N301,0.4712146652765024,0.9565833439390627,0.8437242630226424,standard_N301,0.0253820073304805,mstab17,mstab_scan_dense,0.025402596225209056,0.021432786778976268,True,8.109343759444698e-05,8.109343759444698e-05,3.0382238207488625e-26,10.0,12.754303888999857,1e-10,1e-12,10.0,80.0,1.0,121.0,,,2.0588894728557072e-05,4.781239155091446e-05,False,0.9999999913593876,0.00013145807271591135,0.0022070275141597134,0.00016173313638369476,0.00013145807271591523,-10.0,10.0,801.0,0.9999999912480135,0.00013230257767776882,0.002274328302236289,0.0001618178116765301,0.00013230257767777112,-10.0,10.0,1601.0,0.9999999912601689,0.00013221067483476265,0.0022727788692942104,0.00016163313357495695,0.00013221067483476647,-10.0,10.0,3201.0
OFFGRID_0378,stratified_standard_N301,0.4712146652765024,0.9565833439390627,0.8437242630226424,standard_N301,0.0253820073304805,mstab17,mstab_L40,0.025380574919781476,0.021414206869283588,True,1.5449568891458464e-05,1.5449568891458464e-05,3.155443620884047e-28,40.0,7.632169118034653,1e-10,1e-12,40.0,40.0,1.0,61.0,,,1.4324106990225294e-06,2.579108612333486e-05,False,0.9999999922194923,0.0001247437969348492,0.0020186691373513055,0.0001412707305430083,0.00012474379693486486,-12.0,12.0,801.0,0.9999999921849556,0.0001250203536148203,0.002120606581707015,0.00014124582415961107,0.00012502035361481594,-12.0,12.0,1601.0,0.9999999921757877,0.00012509366065606702,0.0020668026886459375,0.00014137074447490881,0.00012509366065606884,-12.0,12.0,3201.0
OFFGRID_0378,stratified_standard_N301,0.4712146652765024,0.9565833439390627,0.8437242630226424,standard_N301,0.0253820073304805,mstab17,mstab_L80,0.025376572584780436,0.021410830002134465,True,8.754321738208767e-06,8.754321738208767e-06,2.2264810188957837e-26,80.0,7.644548077019863,1e-10,1e-12,80.0,80.0,1.0,61.0,,,5.434745700062804e-06,2.1788751122294586e-05,False,0.9999999954179335,9.572947792787347e-05,0.001678665711623326,0.0001077026129949134,9.572947792786129e-05,-12.0,12.0,801.0,0.9999999953788914,9.613645344581338e-05,0.0015927732515288924,0.0001085964021914775,9.613645344580425e-05,-12.0,12.0,1601.0,0.9999999953736999,9.619043733770812e-05,0.001573509551075551,0.00010883786759617316,9.619043733769392e-05,-12.0,12.0,3201.0
OFFGRID_0378,stratified_standard_N301,0.4712146652765024,0.9565833439390627,0.8437242630226424,standard_N301,0.0253820073304805,mstab17,mstab_L120,0.02536592339788828,0.02140184502477209,True,2.6585597903521e-05,2.6585597903521e-05,7.270142102516845e-27,120.0,7.979726954945363,1e-10,1e-12,120.0,120.0,1.0,61.0,,,1.6083932592218797e-05,1.1139564230138593e-05,False,0.9999999999948651,3.2047132661749763e-06,3.737177100458565e-05,1.5028952548317048e-05,3.204713266168847e-06,-12.0,12.0,801.0,0.9999999999948649,3.204706327420437e-06,3.7299038984228995e-05,1.5028533427725637e-05,3.204706327420693e-06,-12.0,12.0,1601.0,0.9999999999948649,3.2047052138241014e-06,3.721033706764235e-05,1.5028401150775376e-05,3.20470521381872e-06,-12.0,12.0,3201.0
OFFGRID_0378,stratified_standard_N301,0.4712146652765024,0.9565833439390627,0.8437242630226424,standard_N301,0.0253820073304805,mstab17,mstab_match_05,0.025385253477111656,0.021418154281619,True,1.404280821415606e-06,1.404280821415606e-06,2.915634836077517e-26,10.0,6.838996435049921,1e-10,1e-12,10.0,80.0,0.5,61.0,,,3.246146631157021e-06,3.046964345351441e-05,False,0.9999999913980544,0.00013116360347938363,0.0022249681440869975,0.00015169698819058618,0.0001311636034793792,-10.0,10.0,801.0,0.9999999912852522,0.00013202081402115465,0.002290566178419243,0.0001518737253136965,0.00013202081402115,-10.0,10.0,1601.0,0.999999991297551,0.00013192762275787226,0.002286809016759682,0.00015166663879731226,0.00013192762275786028,-10.0,10.0,3201.0
OFFGRID_0378,stratified_standard_N301,0.4712146652765024,0.9565833439390627,0.8437242630226424,standard_N301,0.0253820073304805,mstab17,mstab_match_15,0.025401678660806934,0.02143201260762731,True,0.000201093154478581,0.000201093154478581,2.923222691909612e-26,10.0,7.834058231092058,1e-10,1e-12,10.0,80.0,1.5,61.0,,,1.9671330326435227e-05,4.689482714879262e-05,False,0.9999999913318248,0.00013166757318937725,0.0022057218648005262,0.00016130028441527133,0.00013166757318934776,-10.0,10.0,801.0,0.9999999912191803,0.00013252033681981988,0.0022736477316687505,0.00016139838039337797,0.00013252033681981042,-10.0,10.0,1601.0,0.9999999912323332,0.00013242104560302998,0.0022723615618282533,0.00016121210974288732,0.00013242104560302174,-10.0,10.0,3201.0
OFFGRID_0378,stratified_standard_N301,0.4712146652765024,0.9565833439390627,0.8437242630226424,standard_N301,0.0253820073304805,mstab17,mstab_strict_ref,0.02535478383365814,0.021392446304151623,True,8.155787385865829e-05,8.155787385865829e-05,4.543838814073028e-26,120.0,28.69929671799764,1e-12,1e-14,120.0,120.0,1.0,121.0,,,2.722349682235739e-05,0.0,False,1.0,0.0,0.0,0.0,0.0,-12.0,12.0,801.0,0.9999999999999998,0.0,0.0,0.0,0.0,-12.0,12.0,1601.0,1.0,0.0,0.0,0.0,0.0,-12.0,12.0,3201.0
