Mach,alpha,cr,ci,omega_i,delta_kappa,delta_q,residual_norm,accepted,parameterization,settings_name,spectral_extent,matching_y,max_step,rtol,atol,optimizer_success,optimizer_status,optimizer_message,optimizer_nfev,objective_calls,integration_failures,active_lower_ci,active_upper_ci,ci_lower,ci_upper,seed_cr,seed_ci,attempt_timestamp,purpose,source_path,source_Mach,source_alpha,source_cr,source_ci,mach_distance,anchor_score,direction,requested_alpha,seed_alpha,trial_alpha,trial_step
1.8,0.1,0.4487940454669281,0.02700281220708,0.002700281220708,2.383510055992133e-15,5.7115770446536366e-15,6.188960536635373e-15,True,log_ci,nominal,20.0,1.0,0.5,1e-09,1e-11,True,1,`gtol` termination condition is satisfied.,6,31,0,False,False,0.0002558329242282,0.2,0.4086724851271471,0.0255832924228237,2026-07-23T11:48:44.880927+00:00,anchor,/lustre/fswork/projects/rech/fdb/usv13rn/These_PINN_KH_RT/classic_supersonic/data/spectral/supersonic_primary_modal_spectral_133pts.csv,1.7,0.1,0.4086724851271471,0.0255832924228237,0.1,26.79849219446645,,,,,
1.8,0.095,0.4465756797669952,0.0273592335192714,0.0025991271843307,6.914607775243553e-15,1.0488138135755776e-14,1.2562358148060946e-14,True,log_ci,nominal,20.0,1.0,0.5,1e-09,1e-11,True,1,`gtol` termination condition is satisfied.,4,21,0,False,False,0.0002700281220708,0.2,0.4487940454669281,0.02700281220708,2026-07-23T11:48:45.727768+00:00,continuation,,,,,,,,low,0.095,0.1,0.095,-0.005
1.8,0.09,0.4442871003458634,0.0276197212582427,0.0024857749132418,9.859127403366585e-14,9.152054114558441e-14,1.3452229840127622e-13,True,log_ci,nominal,20.0,1.0,0.5,1e-09,1e-11,True,1,`gtol` termination condition is satisfied.,3,16,0,False,False,0.0002772035938411,0.2,0.4443573140670623,0.0277203593841149,2026-07-23T11:48:46.358903+00:00,continuation,,,,,,,,low,0.09,0.095,0.09,-0.005
1.8,0.085,0.441926097080702,0.0277755688738338,0.0023609233542758,1.2187299780475058e-13,1.1328091242823753e-13,1.6638988164696417e-13,True,log_ci,nominal,20.0,1.0,0.5,1e-09,1e-11,True,1,`gtol` termination condition is satisfied.,3,16,0,False,False,0.0002788268910551,0.2,0.4419985209247315,0.0278826891055148,2026-07-23T11:48:47.012198+00:00,continuation,,,,,,,,low,0.085,0.09,0.085,-0.0049999999999999
1.8,0.08,0.4394907156196457,0.0278170962157899,0.0022253676972631,1.5710349687836358e-13,1.4754343580225537e-13,2.1552395268216533e-13,True,log_ci,nominal,20.0,1.0,0.5,1e-09,1e-11,True,1,`gtol` termination condition is satisfied.,3,16,0,False,False,0.0002793229587843,0.2,0.4395650938155406,0.0279322958784332,2026-07-23T11:48:47.646015+00:00,continuation,,,,,,,,low,0.08,0.085,0.08,-0.005
1.8,0.075,0.4369793799676383,0.0277335285499966,0.0020800146412497,2.1077410650161e-13,2.0265560063403854e-13,2.9239530851211533e-13,True,log_ci,nominal,20.0,1.0,0.5,1e-09,1e-11,True,1,`gtol` termination condition is satisfied.,3,16,0,False,False,0.000278586856454,0.2,0.4370553341585895,0.0278586856454079,2026-07-23T11:48:48.269112+00:00,continuation,,,,,,,,low,0.075,0.08,0.075,-0.005
1.8,0.07,0.4343910527812386,0.0275128617079455,0.0019259003195561,2.958458131252506e-13,2.89831526834039e-13,4.1415825367930434e-13,True,log_ci,nominal,20.0,1.0,0.5,1e-09,1e-11,True,1,`gtol` termination condition is satisfied.,3,16,0,False,False,0.0002765021193681,0.2,0.4344680443156309,0.027650211936819,2026-07-23T11:48:48.884297+00:00,continuation,,,,,,,,low,0.07,0.075,0.07,-0.0049999999999999
1.8,0.065,0.4317254458441309,0.0271417206997999,0.0017642118454869,4.368675560195712e-13,4.333686187685261e-13,6.15354874227753e-13,True,log_ci,nominal,20.0,1.0,0.5,1e-09,1e-11,True,1,`gtol` termination condition is satisfied.,3,16,0,False,False,0.0002729395064158,0.2,0.4318027255948388,0.0272939506415827,2026-07-23T11:48:49.519509+00:00,continuation,,,,,,,,low,0.065,0.07,0.065,-0.005
1.8,0.06,0.4289832943873604,0.0266052142001806,0.0015963128520108,6.832165042047755e-13,6.737336383233483e-13,9.595320771220786e-13,True,log_ci,nominal,20.0,1.0,0.5,1e-09,1e-11,True,1,`gtol` termination condition is satisfied.,3,16,0,False,False,0.0002677558628273,0.2,0.4290598389070232,0.0267755862827313,2026-07-23T11:48:50.153508+00:00,continuation,,,,,,,,low,0.06,0.065,0.06,-0.005
1.8,0.055,0.4261667128438313,0.0258867984148366,0.001423773912816,1.132627845679135e-12,1.0901965094567425e-12,1.5720605160232934e-12,True,log_ci,nominal,20.0,1.0,0.5,1e-09,1e-11,True,1,`gtol` termination condition is satisfied.,3,16,0,False,False,0.0002607931274757,0.2,0.4262411429305899,0.026079312747578,2026-07-23T11:48:50.771295+00:00,continuation,,,,,,,,low,0.055,0.06,0.055,-0.0049999999999999
1.8,0.05,0.423279653101262,0.0249681660027234,0.0012484083001361,1.996403476561825e-12,1.835072892253376e-12,2.7116635781584912e-12,True,log_ci,nominal,20.0,1.0,0.5,1e-09,1e-11,True,1,`gtol` termination condition is satisfied.,3,16,0,False,False,0.0002518778188096,0.2,0.4233501313003022,0.0251877818809607,2026-07-23T11:48:51.375393+00:00,continuation,,,,,,,,low,0.05,0.055,0.05,-0.0049999999999999
1.8,0.105,0.4509445706882605,0.0265583024386921,0.0027886217560626,8.045647481580431e-15,1.6295992333326126e-14,1.817393214265106e-14,True,log_ci,nominal,20.0,1.0,0.5,1e-09,1e-11,True,1,`gtol` termination condition is satisfied.,4,21,0,False,False,0.0002700281220708,0.2,0.4487940454669281,0.02700281220708,2026-07-23T11:48:52.231885+00:00,continuation,,,,,,,,high,0.105,0.1,0.105,0.0049999999999999
1.8,0.11,0.4530297217834196,0.0260327857055341,0.0028636064276087,6.061297297410563e-14,6.94028168268801e-14,9.21449047764722e-14,True,log_ci,nominal,20.0,1.0,0.5,1e-09,1e-11,True,1,`gtol` termination condition is satisfied.,3,16,0,False,False,0.0002612111001683,0.2,0.4530950959095929,0.0261211100168339,2026-07-23T11:48:52.884952+00:00,continuation,,,,,,,,high,0.11,0.105,0.11,0.005
1.8,0.115,0.4550520054455996,0.0254326671624637,0.0029247567236833,5.24389559553029e-14,6.431834231879209e-14,8.298610281438404e-14,True,log_ci,nominal,20.0,1.0,0.5,1e-09,1e-11,True,1,`gtol` termination condition is satisfied.,3,16,0,False,False,0.0002551766752241,0.2,0.4551148728785787,0.025517667522414,2026-07-23T11:48:53.529111+00:00,continuation,,,,,,,,high,0.115,0.11,0.115,0.005
1.8,0.12,0.4570139296353342,0.0247637524176646,0.0029716502901197,4.87370560575684e-14,6.572086624911935e-14,8.182012523635731e-14,True,log_ci,nominal,20.0,1.0,0.5,1e-09,1e-11,True,1,`gtol` termination condition is satisfied.,3,16,0,False,False,0.0002484638280025,0.2,0.4570742891077795,0.0248463828002531,2026-07-23T11:48:54.176464+00:00,continuation,,,,,,,,high,0.12,0.115,0.12,0.0049999999999999
1.8,0.125,0.4589179743617375,0.0240313151236926,0.0030039143904615,4.648365026227452e-14,6.77131961612787e-14,8.213285990443326e-14,True,log_ci,nominal,20.0,1.0,0.5,1e-09,1e-11,True,1,`gtol` termination condition is satisfied.,3,16,0,False,False,0.0002411243106694,0.2,0.4589758538250689,0.0241124310669422,2026-07-23T11:48:54.844115+00:00,continuation,,,,,,,,high,0.125,0.12,0.125,0.005
1.8,0.13,0.460766570274683,0.0232401554047952,0.0030212202026233,4.4856479641808284e-14,7.75421393761633e-14,8.958173443782104e-14,True,log_ci,nominal,20.0,1.0,0.5,1e-09,1e-11,True,1,`gtol` termination condition is satisfied.,3,16,0,False,False,0.0002332054112131,0.2,0.4608220190881407,0.0233205411213152,2026-07-23T11:48:55.484398+00:00,continuation,,,,,,,,high,0.13,0.125,0.13,0.005
1.8,0.135,0.4625620837767313,0.0223946521316,0.003023278037766,4.8495929494407625e-14,9.42050257246585e-14,1.0595490573498769e-13,True,log_ci,nominal,20.0,1.0,0.5,1e-09,1e-11,True,1,`gtol` termination condition is satisfied.,3,16,0,False,False,0.0002247504227126,0.2,0.4626151661876286,0.022475042271263,2026-07-23T11:48:56.120839+00:00,continuation,,,,,,,,high,0.135,0.13,0.135,0.005
1.8,0.14,0.4643068067440054,0.0214988079117178,0.0030098331076405,5.2600285238568745e-14,1.1880774142269956e-13,1.2993101796392514e-13,True,log_ci,nominal,20.0,1.0,0.5,1e-09,1e-11,True,1,`gtol` termination condition is satisfied.,3,16,0,False,False,0.0002157990922865,0.2,0.4643575972787797,0.0215799092286575,2026-07-23T11:48:56.757062+00:00,continuation,,,,,,,,high,0.14,0.135,0.14,0.005
1.8,0.145,0.4660029490764631,0.0205562890486093,0.0029806619120483,6.085756898421836e-14,1.5778350848094654e-13,1.6911321430102913e-13,True,log_ci,nominal,20.0,1.0,0.5,1e-09,1e-11,True,1,`gtol` termination condition is satisfied.,3,16,0,False,False,0.0002063879978616,0.2,0.4660515297112794,0.0206387997861666,2026-07-23T11:48:57.415090+00:00,continuation,,,,,,,,high,0.145,0.14,0.145,0.0049999999999999
1.8,0.15,0.4676526345136819,0.0195704597694281,0.0029355689654142,7.792377854087817e-14,2.283607331010629e-13,2.4128974218673853e-13,True,log_ci,nominal,20.0,1.0,0.5,1e-09,1e-11,True,1,`gtol` termination condition is satisfied.,3,16,0,False,False,0.0001965509070015,0.2,0.4676990914089208,0.0196550907001526,2026-07-23T11:48:58.070300+00:00,continuation,,,,,,,,high,0.15,0.145,0.15,0.005
1.8,0.155,0.4692578990851787,0.0185444137844578,0.0028743841365909,1.1267028976469365e-13,3.703426454393366e-13,3.8710240147364913e-13,True,log_ci,nominal,20.0,1.0,0.5,1e-09,1e-11,True,1,`gtol` termination condition is satisfied.,3,16,0,False,False,0.0001863190844812,0.2,0.4693023199509006,0.0186319084481211,2026-07-23T11:48:58.735689+00:00,continuation,,,,,,,,high,0.155,0.15,0.155,0.005
1.8,0.16,0.4708206894052918,0.017481000149528,0.0027969600239244,1.6174561690007754e-13,5.930317001356933e-13,6.146936163262292e-13,True,log_ci,nominal,20.0,1.0,0.5,1e-09,1e-11,True,1,`gtol` termination condition is satisfied.,3,16,0,False,False,0.0001757216164877,0.2,0.4708631636566756,0.0175721616487725,2026-07-23T11:48:59.420829+00:00,continuation,,,,,,,,high,0.16,0.155,0.16,0.005
1.8,0.165,0.4723428638418336,0.0163828471279768,0.0027031697761161,2.2181562142620242e-13,1.0111941665946757e-12,1.0352370803172542e-12,True,log_ci,nominal,20.0,1.0,0.5,1e-09,1e-11,True,1,`gtol` termination condition is satisfied.,3,16,0,False,False,0.0001647856706497,0.2,0.472383479725405,0.016478567064973,2026-07-23T11:49:00.092705+00:00,continuation,,,,,,,,high,0.165,0.16,0.165,0.005
1.8,0.17,0.4738261942242381,0.0152523837741779,0.0025929052416102,3.267316972532797e-13,1.798988909229582e-12,1.828418633005322e-12,True,log_ci,nominal,20.0,1.0,0.5,1e-09,1e-11,True,1,`gtol` termination condition is satisfied.,3,16,0,False,False,0.0001535367986515,0.2,0.4738650382783753,0.0153536798651595,2026-07-23T11:49:00.775544+00:00,continuation,,,,,,,,high,0.17,0.165,0.17,0.005
1.8,0.175,0.4752723669441529,0.0140918578078222,0.0024660751163688,4.625883009978793e-13,3.357470985260181e-12,3.38918859803996e-12,True,log_ci,nominal,20.0,1.0,0.5,1e-09,1e-11,True,1,`gtol` termination condition is satisfied.,3,16,0,False,False,0.0001419992562816,0.2,0.4753095246066427,0.0141999256281612,2026-07-23T11:49:01.445123+00:00,continuation,,,,,,,,high,0.175,0.17,0.175,0.0049999999999999
1.8,0.18,0.476682986410943,0.0129033521196374,0.0023226033815347,6.690654974494947e-13,6.5383002831320694e-12,6.572443931467369e-12,True,log_ci,nominal,20.0,1.0,0.5,1e-09,1e-11,True,1,`gtol` termination condition is satisfied.,3,16,0,False,False,0.0001301963413824,0.2,0.4767185396640677,0.0130196341382436,2026-07-23T11:49:02.147142+00:00,continuation,,,,,,,,high,0.18,0.175,0.18,0.005
1.8,0.185,0.4780595779848273,0.0116887998532646,0.0021624279728539,8.20055828798516e-13,1.3521707191432863e-11,1.3546551477523482e-11,True,log_ci,nominal,20.0,1.0,0.5,1e-09,1e-11,True,1,`gtol` termination condition is satisfied.,3,16,0,False,False,0.000118150848663,0.2,0.4780936058777331,0.0118150848663071,2026-07-23T11:49:02.849927+00:00,continuation,,,,,,,,high,0.185,0.18,0.185,0.005
1.8,0.19,0.479403589263352,0.0104499966754561,0.0019854993683366,6.21998980099292e-13,2.987129163814495e-11,2.9877766764976806e-11,True,log_ci,nominal,20.0,1.0,0.5,1e-09,1e-11,True,1,`gtol` termination condition is satisfied.,3,16,0,False,False,0.0001058856960136,0.2,0.4794361695587116,0.0105885696013632,2026-07-23T11:49:03.550141+00:00,continuation,,,,,,,,high,0.19,0.185,0.19,0.005
1.8,0.195,0.4807163962561933,0.009188612409919,0.0017917794199342,-1.314004460795104e-12,7.157884506468759e-11,7.159090492875153e-11,True,log_ci,nominal,20.0,1.0,0.5,1e-09,1e-11,True,1,`gtol` termination condition is satisfied.,3,16,0,False,False,9.342484419950546e-05,0.2,0.4807476005418767,0.0093424844199505,2026-07-23T11:49:04.243330+00:00,continuation,,,,,,,,high,0.195,0.19,0.195,0.005
1.8,0.2,0.4819993035983659,0.0079062030739905,0.0015812406147981,-1.0953245255240772e-11,1.9052596067666006e-10,1.9084054934260088e-10,True,log_ci,nominal,20.0,1.0,0.5,1e-09,1e-11,True,1,`gtol` termination condition is satisfied.,3,16,0,False,False,8.079485634480632e-05,0.2,0.4820292032490346,0.0080794856344806,2026-07-23T11:49:04.966357+00:00,continuation,,,,,,,,high,0.2,0.195,0.2,0.005
1.8,0.205,0.483253549415489,0.0066042173213696,0.0013538645508807,-5.604933184244487e-11,5.821463051197684e-10,5.848383094194352e-10,True,log_ci,nominal,20.0,1.0,0.5,1e-09,1e-11,True,1,`gtol` termination condition is satisfied.,3,16,0,False,False,6.80277328704172e-05,0.2,0.4832822109405384,0.0068027732870417,2026-07-23T11:49:05.690378+00:00,continuation,,,,,,,,high,0.205,0.2,0.205,0.0049999999999999
1.8,0.21,0.4844803096378324,0.0052840046266204,0.0011096409715903,-3.161360062620133e-14,-5.454837970209071e-14,6.304716863330517e-14,True,log_ci,nominal,20.0,1.0,0.5,1e-09,1e-11,True,1,`gtol` termination condition is satisfied.,4,21,0,False,False,5.516641302999646e-05,0.2,0.484507795232612,0.0055166413029996,2026-07-23T11:49:06.606246+00:00,continuation,,,,,,,,high,0.21,0.205,0.21,0.005
1.8,0.215,0.4856806962816507,0.0039468291404883,0.0008485682652049,1.975641872320466e-13,-7.635764850272286e-14,2.1180674814916682e-13,True,log_ci,nominal,20.0,1.0,0.5,1e-09,1e-11,True,1,`gtol` termination condition is satisfied.,4,21,0,False,False,4.227708377161075e-05,0.2,0.4857070698601759,0.004227708377161,2026-07-23T11:49:07.511608+00:00,continuation,,,,,,,,high,0.215,0.21,0.215,0.005
1.8,0.22,0.4868557665371605,0.0025938712316997,0.0005706516709739,-9.488937413593137e-14,1.3220902237570664e-13,1.6273665512553973e-13,True,log_ci,nominal,20.0,1.0,0.5,1e-09,1e-11,True,1,`gtol` termination condition is satisfied.,3,16,0,False,False,2.6096536543561413e-05,0.2,0.486881082925469,0.0026096536543561,2026-07-23T11:49:08.235853+00:00,continuation,,,,,,,,high,0.22,0.215,0.22,0.005
1.8,0.225,0.4880064912957754,0.0012262526181953,0.0002759068390939,-8.173114962595207e-13,-1.7153102939773679e-12,1.900075652847197e-12,True,log_ci,nominal,20.0,1.0,0.5,1e-09,1e-11,True,1,`gtol` termination condition is satisfied.,3,16,0,False,False,1.2409133229112444e-05,0.1240913322911244,0.4880308367926703,0.0012409133229112,2026-07-23T11:49:08.966393+00:00,continuation,,,,,,,,high,0.225,0.22,0.225,0.005
1.8,0.23,0.4891503165221626,1.0532133342415233e-12,2.422390668755503e-13,-0.0365584159683001,-0.0394282539355531,0.0537689965176747,False,linear_ci,nominal,20.0,1.0,0.5,1e-09,1e-11,True,3,`xtol` termination condition is satisfied.,15,28,0,True,False,1e-12,0.005,0.4891572160543904,1e-12,2026-07-23T11:49:10.409096+00:00,continuation,,,,,,,,high,0.23,0.225,0.23,0.005
1.8,0.23,0.4886803525927257,1.218289560486216e-12,2.802065989118297e-13,0.041610185243129,-0.0080782419643871,0.042387091303871,False,linear_ci,strict_L30,30.0,1.0,0.25,1e-10,1e-12,True,3,`xtol` termination condition is satisfied.,14,47,0,True,False,1e-12,0.005,0.4891572160543904,1e-12,2026-07-23T11:49:15.085484+00:00,continuation,,,,,,,,high,0.23,0.225,0.23,0.005
1.8,0.23,0.489114645875421,1.0006881677653342e-12,2.301582785860269e-13,0.0370416750545441,0.0003686299057454,0.0370435092675336,False,linear_ci,strict_L40,40.0,1.0,0.2,1e-11,1e-13,True,3,`xtol` termination condition is satisfied.,14,35,0,True,False,1e-12,0.005,0.4891572160543904,1e-12,2026-07-23T11:49:20.202748+00:00,continuation,,,,,,,,high,0.23,0.225,0.23,0.005
1.8,0.23,0.4889007930900202,1.009842806533454e-12,2.3226384550269445e-13,0.0001539098162306,-0.0002010341118995,0.0002531855953236,False,linear_ci,strict_L30_y0p5,30.0,0.5,0.2,1e-11,1e-13,True,3,`xtol` termination condition is satisfied.,19,36,0,True,False,1e-12,0.005,0.4891572160543904,1e-12,2026-07-23T11:49:24.793105+00:00,continuation,,,,,,,,high,0.23,0.225,0.23,0.005
1.8,0.23,0.4893602452049255,1.0113638745651349e-12,2.326136911499811e-13,-0.094803086495033,-0.083062501731282,0.1260436607007427,False,linear_ci,strict_L30_y1p5,30.0,1.5,0.2,1e-11,1e-13,True,3,`xtol` termination condition is satisfied.,15,24,0,True,False,1e-12,0.005,0.4891572160543904,1e-12,2026-07-23T11:49:27.814408+00:00,continuation,,,,,,,,high,0.23,0.225,0.23,0.005
1.8,0.2275,0.4885724307798977,0.0005372817128568,0.0001222315896749,-5.080345373553729e-09,1.848969417356976e-08,1.9174949797762922e-08,False,linear_ci,nominal,20.0,1.0,0.5,1e-09,1e-11,True,1,`gtol` termination condition is satisfied.,2,11,0,False,False,1e-12,0.0542443311443084,0.4885818536750829,0.000542443311443,2026-07-23T11:49:28.343751+00:00,continuation,,,,,,,,high,0.23,0.225,0.2275,0.0025
1.8,0.2275,0.4885730960774624,0.0005372147355419,0.0001222163523357,-3.7775294003949966e-10,3.1496379789485635e-10,4.91832774114167e-10,True,linear_ci,strict_L30,30.0,1.0,0.25,1e-10,1e-12,True,1,`gtol` termination condition is satisfied.,3,16,0,False,False,1e-12,0.0542443311443084,0.4885818536750829,0.000542443311443,2026-07-23T11:49:29.825178+00:00,continuation,,,,,,,,high,0.23,0.225,0.2275,0.0025
1.8,0.23,0.4891474684078337,1.0292743130663905e-12,2.367330920052698e-13,-0.0333277685761718,-0.0373190638904655,0.0500345149664461,False,linear_ci,nominal,20.0,1.0,0.5,1e-09,1e-11,True,3,`xtol` termination condition is satisfied.,14,31,0,True,False,1e-12,0.005,0.4891397008591495,1e-12,2026-07-23T11:49:31.543832+00:00,continuation,,,,,,,,high,0.23,0.2275,0.23,0.0025
1.8,0.23,0.4952301945128195,1.2854788280672096e-12,2.956601304554585e-13,0.0491583319147259,-0.0054499527766741,0.0494595145741073,False,linear_ci,strict_L30,30.0,1.0,0.25,1e-10,1e-12,True,3,`xtol` termination condition is satisfied.,14,27,0,True,False,1e-12,0.005,0.4891397008591495,1e-12,2026-07-23T11:49:34.199776+00:00,continuation,,,,,,,,high,0.23,0.2275,0.23,0.0025
1.8,0.23,0.4891482494079898,1.0336248337376738e-12,2.37733711759665e-13,-0.0098132119407441,-0.0273614346541525,0.0290679761064891,False,linear_ci,strict_L40,40.0,1.0,0.2,1e-11,1e-13,True,3,`xtol` termination condition is satisfied.,13,26,0,True,False,1e-12,0.005,0.4891397008591495,1e-12,2026-07-23T11:49:38.126659+00:00,continuation,,,,,,,,high,0.23,0.2275,0.23,0.0025
1.8,0.23,0.4891180179815553,1.0093287691436766e-12,2.321456169030456e-13,-6.507573186585844e-05,-0.0002042397296472,0.0002143565208811,False,linear_ci,strict_L30_y0p5,30.0,0.5,0.2,1e-11,1e-13,True,3,`xtol` termination condition is satisfied.,12,21,0,True,False,1e-12,0.005,0.4891397008591495,1e-12,2026-07-23T11:49:40.685163+00:00,continuation,,,,,,,,high,0.23,0.2275,0.23,0.0025
1.8,0.23,0.4891796941586299,1.0465446513209084e-12,2.4070526980380895e-13,0.1770209988877378,0.0577484023771632,0.1862023416188078,False,linear_ci,strict_L30_y1p5,30.0,1.5,0.2,1e-11,1e-13,True,3,`xtol` termination condition is satisfied.,9,30,0,True,False,1e-12,0.005,0.4891397008591495,1e-12,2026-07-23T11:49:44.349089+00:00,continuation,,,,,,,,high,0.23,0.2275,0.23,0.0025
1.8,0.22875,0.4888419741267875,0.0001903038574121,4.353200738302872e-05,3.900780393140124e-11,-4.76073562048881e-10,4.776689703648969e-10,True,linear_ci,nominal,20.0,1.0,0.5,1e-09,1e-11,True,1,`gtol` termination condition is satisfied.,3,16,0,False,False,1e-12,0.0192695794215276,0.488856398468306,0.0001926957942152,2026-07-23T11:49:45.087097+00:00,continuation,,,,,,,,high,0.23,0.2275,0.22875,0.00125
1.8,0.23,0.4890885006253106,1.01127558853045e-12,2.325933853620035e-13,-0.027863602108542,-0.0338493748166066,0.0438424508660073,False,linear_ci,nominal,20.0,1.0,0.5,1e-09,1e-11,True,3,`xtol` termination condition is satisfied.,20,37,0,True,False,1e-12,0.005,0.4891108521761126,1e-12,2026-07-23T11:49:47.114088+00:00,continuation,,,,,,,,high,0.23,0.22875,0.23,0.00125
1.8,0.23,0.5266390588623749,1.000001127335349e-12,2.3000025928713026e-13,-0.0157868827982474,-0.016733222634468,0.0230049213913082,False,linear_ci,strict_L30,30.0,1.0,0.25,1e-10,1e-12,True,3,`xtol` termination condition is satisfied.,15,40,0,True,False,1e-12,0.005,0.4891108521761126,1e-12,2026-07-23T11:49:50.845876+00:00,continuation,,,,,,,,high,0.23,0.22875,0.23,0.00125
1.8,0.23,0.4891108521761126,1.0099999999999997e-12,2.323e-13,-0.0060367318153963,-0.0238286443883267,0.0245814243768817,False,linear_ci,strict_L40,40.0,1.0,0.2,1e-11,1e-13,True,3,`xtol` termination condition is satisfied.,20,25,0,True,False,1e-12,0.005,0.4891108521761126,1e-12,2026-07-23T11:49:54.199470+00:00,continuation,,,,,,,,high,0.23,0.22875,0.23,0.00125
1.8,0.23,0.4891108521650529,1.009761517974282e-12,2.3224514913408485e-13,0.0007039958970854,-0.0002042108306166,0.0007330158841759,False,linear_ci,strict_L30_y0p5,30.0,0.5,0.2,1e-11,1e-13,True,3,`xtol` termination condition is satisfied.,11,20,0,True,False,1e-12,0.005,0.4891108521761126,1e-12,2026-07-23T11:49:56.474543+00:00,continuation,,,,,,,,high,0.23,0.22875,0.23,0.00125
1.8,0.23,0.4873983714583828,1.010378406063252e-12,2.32387033394548e-13,0.0630696333726614,-0.045234327139147,0.0776139356397632,False,linear_ci,strict_L30_y1p5,30.0,1.5,0.2,1e-11,1e-13,True,3,`xtol` termination condition is satisfied.,14,31,0,True,False,1e-12,0.005,0.4891108521761126,1e-12,2026-07-23T11:50:00.154239+00:00,continuation,,,,,,,,high,0.23,0.22875,0.23,0.00125
1.8,0.229375,0.4923879508918722,1.7390763757310567e-05,3.989006436833112e-06,-0.0001099975358158,-4.28320953867794e-05,0.0001180425613106,False,linear_ci,nominal,20.0,1.0,0.5,1e-09,1e-11,True,3,`xtol` termination condition is satisfied.,18,31,0,False,False,1e-12,0.005,0.4889764131514501,1.6848418347246763e-05,2026-07-23T11:50:01.591521+00:00,continuation,,,,,,,,high,0.23,0.22875,0.229375,0.000625
1.8,0.229375,0.4889723481671247,1.6815387685517347e-05,3.857029550365542e-06,0.0001165978714277,-5.341010510790907e-05,0.0001282485982345,False,linear_ci,strict_L30,30.0,1.0,0.25,1e-10,1e-12,True,3,`xtol` termination condition is satisfied.,17,30,0,False,False,1e-12,0.005,0.4889764131514501,1.6848418347246763e-05,2026-07-23T11:50:04.119479+00:00,continuation,,,,,,,,high,0.23,0.22875,0.229375,0.000625
1.8,0.229375,0.4890166334797429,1.655635864889668e-05,3.797614765090676e-06,6.666245589009856e-07,-2.285688556613243e-06,2.3809158910727323e-06,False,linear_ci,strict_L40,40.0,1.0,0.2,1e-11,1e-13,True,3,`xtol` termination condition is satisfied.,22,47,0,False,False,1e-12,0.005,0.4889764131514501,1.6848418347246763e-05,2026-07-23T11:50:10.064979+00:00,continuation,,,,,,,,high,0.23,0.22875,0.229375,0.000625
1.8,0.229375,0.4890120803990254,1.572722203914639e-05,3.607431555229204e-06,-9.524080803527402e-09,1.1463604543979298e-08,1.4903769465905663e-08,False,linear_ci,strict_L30_y0p5,30.0,0.5,0.2,1e-11,1e-13,True,1,`gtol` termination condition is satisfied.,2,11,0,False,False,1e-12,0.005,0.4889764131514501,1.6848418347246763e-05,2026-07-23T11:50:11.209700+00:00,continuation,,,,,,,,high,0.23,0.22875,0.229375,0.000625
1.8,0.229375,0.4889767942333013,1.6353108929272524e-05,3.750994360651885e-06,5.044891711325494e-08,-4.4967886110364505e-07,4.524999131064794e-07,False,linear_ci,strict_L30_y1p5,30.0,1.5,0.2,1e-11,1e-13,True,3,`xtol` termination condition is satisfied.,20,45,0,False,False,1e-12,0.005,0.4889764131514501,1.6848418347246763e-05,2026-07-23T11:50:15.838572+00:00,continuation,,,,,,,,high,0.23,0.22875,0.229375,0.000625
1.8,0.2290625,0.4888861859965813,9.959325822211724e-05,2.281308071150373e-05,3.425485242680715e-10,-8.89443502905689e-10,9.531260338168176e-10,True,linear_ci,nominal,20.0,1.0,0.5,1e-09,1e-11,True,1,`gtol` termination condition is satisfied.,7,32,0,False,False,1e-12,0.0103576137879697,0.4889091936391188,0.0001035761378796,2026-07-23T11:50:17.227684+00:00,continuation,,,,,,,,high,0.23,0.22875,0.2290625,0.0003125
1.8,0.22953125,0.4889500850808087,2.474195177066177e-12,5.679051117359709e-13,0.1072527473215982,0.015942575606294,0.1084311649157796,False,linear_ci,nominal,20.0,1.0,0.5,1e-09,1e-11,True,3,`xtol` termination condition is satisfied.,18,27,0,True,False,1e-12,0.005,0.4889525038012721,1e-12,2026-07-23T11:50:18.530654+00:00,continuation,,,,,,,,high,0.23,0.2290625,0.22953125,0.00046875
1.8,0.22953125,0.4889514351874591,1.1501027072395656e-12,2.639845120210816e-13,0.0758632425442541,-0.0130592952877782,0.076979067042552,False,linear_ci,strict_L30,30.0,1.0,0.25,1e-10,1e-12,True,3,`xtol` termination condition is satisfied.,9,18,0,True,False,1e-12,0.005,0.4889525038012721,1e-12,2026-07-23T11:50:20.148865+00:00,continuation,,,,,,,,high,0.23,0.2290625,0.22953125,0.00046875
1.8,0.22953125,0.4885668203184879,1.0101084330950535e-12,2.3185145128384933e-13,-0.0445225510242159,-0.0384939327718621,0.0588560991737352,False,linear_ci,strict_L40,40.0,1.0,0.2,1e-11,1e-13,True,3,`xtol` termination condition is satisfied.,13,30,0,True,False,1e-12,0.005,0.4889525038012721,1e-12,2026-07-23T11:50:24.246066+00:00,continuation,,,,,,,,high,0.23,0.2290625,0.22953125,0.00046875
1.8,0.22953125,0.4889514493172608,1.0111883055587128e-12,2.320993157602733e-13,0.0006119112317422,-0.0002013322125221,0.0006441816632995,False,linear_ci,strict_L30_y0p5,30.0,0.5,0.2,1e-11,1e-13,True,3,`xtol` termination condition is satisfied.,9,18,0,True,False,1e-12,0.005,0.4889525038012721,1e-12,2026-07-23T11:50:26.231121+00:00,continuation,,,,,,,,high,0.23,0.2290625,0.22953125,0.00046875
1.8,0.22953125,0.4893227956911152,1.0173539711310414e-12,2.3351452868617184e-13,-0.097812493848367,-0.0809141851621317,0.1269424645785979,False,linear_ci,strict_L30_y1p5,30.0,1.5,0.2,1e-11,1e-13,True,3,`xtol` termination condition is satisfied.,12,25,0,True,False,1e-12,0.005,0.4889525038012721,1e-12,2026-07-23T11:50:29.164431+00:00,continuation,,,,,,,,high,0.23,0.2290625,0.22953125,0.00046875
1.8,0.229296875,0.4911169322593167,3.842042218730537e-05,8.809682743729785e-06,-1.633561674818651e-09,-4.517480451475768e-09,4.8037645003582384e-09,True,linear_ci,nominal,20.0,1.0,0.5,1e-09,1e-11,True,3,`xtol` termination condition is satisfied.,26,79,0,False,False,1e-12,0.005,0.4889193448989267,3.156030882959059e-05,2026-07-23T11:50:32.626825+00:00,continuation,,,,,,,,high,0.23,0.2290625,0.229296875,0.000234375
1.8,0.2296484375,0.4944631408289482,1.1930229742771799e-12,2.739758619443571e-13,-0.0268704878892308,-0.0343819600234998,0.0436364789420829,False,linear_ci,nominal,20.0,1.0,0.5,1e-09,1e-11,True,3,`xtol` termination condition is satisfied.,18,31,0,True,False,1e-12,0.005,0.4944630516534198,1e-12,2026-07-23T11:50:34.155788+00:00,continuation,,,,,,,,high,0.23,0.229296875,0.2296484375,0.0003515625
1.8,0.2296484375,0.4944630597636493,1.0105392943045029e-12,2.3206876996938174e-13,0.0019387736330259,-0.0206978327429186,0.0207884372537704,False,linear_ci,strict_L30,30.0,1.0,0.25,1e-10,1e-12,True,3,`xtol` termination condition is satisfied.,11,20,0,True,False,1e-12,0.005,0.4944630516534198,1e-12,2026-07-23T11:50:35.944287+00:00,continuation,,,,,,,,high,0.23,0.229296875,0.2296484375,0.0003515625
1.8,0.2296484375,0.4944630516519901,1.0100081648996366e-12,2.319467969314439e-13,-0.0624330059498606,-0.0456454129990822,0.07733940754746,False,linear_ci,strict_L40,40.0,1.0,0.2,1e-11,1e-13,True,3,`xtol` termination condition is satisfied.,14,23,0,True,False,1e-12,0.005,0.4944630516534198,1e-12,2026-07-23T11:50:39.134461+00:00,continuation,,,,,,,,high,0.23,0.229296875,0.2296484375,0.0003515625
1.8,0.2296484375,0.4921812500753464,1.0096952154598949e-12,2.318749285815908e-13,-0.0015735245431429,-0.0002524995394142,0.0015936547635161,False,linear_ci,strict_L30_y0p5,30.0,0.5,0.2,1e-11,1e-13,True,3,`xtol` termination condition is satisfied.,18,35,0,True,False,1e-12,0.005,0.4944630516534198,1e-12,2026-07-23T11:50:42.968807+00:00,continuation,,,,,,,,high,0.23,0.229296875,0.2296484375,0.0003515625
1.8,0.2296484375,0.4968684654247072,1.0159284422379892e-12,2.3330637937176325e-13,0.2978641296580337,0.0313662177931879,0.2995110671671209,False,linear_ci,strict_L30_y1p5,30.0,1.5,0.2,1e-11,1e-13,True,3,`xtol` termination condition is satisfied.,10,31,0,True,False,1e-12,0.005,0.4944630516534198,1e-12,2026-07-23T11:50:46.704348+00:00,continuation,,,,,,,,high,0.23,0.229296875,0.2296484375,0.0003515625
1.8,0.22947265625,0.4798688102981915,2.828396968998527e-12,6.49039765405541e-13,0.1038751726132573,0.0182708427801288,0.1054697832619854,False,linear_ci,nominal,20.0,1.0,0.5,1e-09,1e-11,True,3,`xtol` termination condition is satisfied.,13,26,0,True,False,1e-12,0.005,0.4927899919563683,1e-12,2026-07-23T11:50:48.103869+00:00,continuation,,,,,,,,high,0.23,0.229296875,0.22947265625,0.00017578125
1.8,0.22947265625,0.4929133290950604,1.0072858841093252e-12,2.3114456742969653e-13,-0.0072784975230387,-0.0169671576125516,0.0184624203083466,False,linear_ci,strict_L30,30.0,1.0,0.25,1e-10,1e-12,True,3,`xtol` termination condition is satisfied.,14,31,0,True,False,1e-12,0.005,0.4927899919563683,1e-12,2026-07-23T11:50:51.118079+00:00,continuation,,,,,,,,high,0.23,0.229296875,0.22947265625,0.00017578125
1.8,0.22947265625,0.49258083729831,1.0046549161633864e-12,2.3054083222663335e-13,-0.0215452026195153,-0.0448242041459283,0.0497333392527771,False,linear_ci,strict_L40,40.0,1.0,0.2,1e-11,1e-13,True,3,`xtol` termination condition is satisfied.,13,34,0,True,False,1e-12,0.005,0.4927899919563683,1e-12,2026-07-23T11:50:56.180309+00:00,continuation,,,,,,,,high,0.23,0.229296875,0.22947265625,0.00017578125
1.8,0.22947265625,0.4928203533408674,1.0099445265305632e-12,2.3175465316811695e-13,0.000360816662606,-0.0002630721361352,0.0004465373588233,False,linear_ci,strict_L30_y0p5,30.0,0.5,0.2,1e-11,1e-13,True,3,`xtol` termination condition is satisfied.,18,31,0,True,False,1e-12,0.005,0.4927899919563683,1e-12,2026-07-23T11:51:00.135949+00:00,continuation,,,,,,,,high,0.23,0.229296875,0.22947265625,0.00017578125
1.8,0.22947265625,0.4918043695176863,1.0227428713285625e-12,2.346915233445172e-13,-0.0340267744457178,-0.0689028237886542,0.0768467338618245,False,linear_ci,strict_L30_y1p5,30.0,1.5,0.2,1e-11,1e-13,True,3,`xtol` termination condition is satisfied.,24,41,0,True,False,1e-12,0.005,0.4927899919563683,1e-12,2026-07-23T11:51:05.344612+00:00,continuation,,,,,,,,high,0.23,0.229296875,0.22947265625,0.00017578125
1.8,0.229384765625,0.4924428994066632,1.7561523703213452e-05,4.0283459986795e-06,-0.0001526605714164,0.0001269001478287,0.0001985167438382,False,linear_ci,nominal,20.0,1.0,0.5,1e-09,1e-11,True,3,`xtol` termination condition is satisfied.,32,93,0,False,False,1e-12,0.005,0.4919534621078425,1.5480608674250915e-05,2026-07-23T11:51:09.964370+00:00,continuation,,,,,,,,high,0.23,0.229296875,0.229384765625,8.789062500000008e-05
1.8,0.229384765625,0.4881494654043299,1.530226573067733e-05,3.5101066381628893e-06,-0.0001657383979336,-3.892571643803125e-05,0.0001702481364062,False,linear_ci,strict_L30,30.0,1.0,0.25,1e-10,1e-12,True,3,`xtol` termination condition is satisfied.,19,36,0,False,False,1e-12,0.005,0.4919534621078425,1.5480608674250915e-05,2026-07-23T11:51:13.292942+00:00,continuation,,,,,,,,high,0.23,0.229296875,0.229384765625,8.789062500000008e-05
1.8,0.229384765625,0.4890422654944749,1.1189471261225248e-05,2.566694242723827e-06,1.5391393363407835e-05,-4.777991001906247e-06,1.6115960650282434e-05,False,linear_ci,strict_L40,40.0,1.0,0.2,1e-11,1e-13,True,3,`xtol` termination condition is satisfied.,20,41,0,False,False,1e-12,0.005,0.4919534621078425,1.5480608674250915e-05,2026-07-23T11:51:19.042267+00:00,continuation,,,,,,,,high,0.23,0.229296875,0.229384765625,8.789062500000008e-05
1.8,0.229384765625,0.4890126315562482,1.658560948464639e-05,3.80448614438339e-06,-8.161155575121815e-10,2.5855454583703554e-09,2.711289346512649e-09,True,linear_ci,strict_L30_y0p5,30.0,0.5,0.2,1e-11,1e-13,True,1,`gtol` termination condition is satisfied.,4,21,0,False,False,1e-12,0.005,0.4919534621078425,1.5480608674250915e-05,2026-07-23T11:51:21.419574+00:00,continuation,,,,,,,,high,0.23,0.229296875,0.229384765625,8.789062500000008e-05
1.8,0.2295166015625,0.4859013043023192,1.0036224750705872e-12,2.3034801972994613e-13,0.0048894208658116,-0.0091786437084185,0.0103997084925072,False,linear_ci,nominal,20.0,1.0,0.5,1e-09,1e-11,True,3,`xtol` termination condition is satisfied.,17,30,0,True,False,1e-12,0.005,0.4858561805016458,1e-12,2026-07-23T11:51:23.033610+00:00,continuation,,,,,,,,high,0.23,0.229384765625,0.2295166015625,0.0001318359375
1.8,0.2295166015625,0.4853640425656171,1.1455806650481634e-12,2.629297810575631e-13,0.1218843951597067,0.0202150846268856,0.1235494048141053,False,linear_ci,strict_L30,30.0,1.0,0.25,1e-10,1e-12,True,3,`xtol` termination condition is satisfied.,15,32,0,True,False,1e-12,0.005,0.4858561805016458,1e-12,2026-07-23T11:51:26.242503+00:00,continuation,,,,,,,,high,0.23,0.229384765625,0.2295166015625,0.0001318359375
1.8,0.2295166015625,0.4872421636779764,1.011878494011383e-12,2.322429131396732e-13,0.1237005626506929,0.0220144913980649,0.1256442081100975,False,linear_ci,strict_L40,40.0,1.0,0.2,1e-11,1e-13,True,3,`xtol` termination condition is satisfied.,14,31,0,True,False,1e-12,0.005,0.4858561805016458,1e-12,2026-07-23T11:51:30.963175+00:00,continuation,,,,,,,,high,0.23,0.229384765625,0.2295166015625,0.0001318359375
1.8,0.2295166015625,0.4857809411475112,1.0371301256143102e-12,2.380385818090852e-13,-0.0009310811750738,-0.00015671447393,0.0009441777273988,False,linear_ci,strict_L30_y0p5,30.0,0.5,0.2,1e-11,1e-13,True,3,`xtol` termination condition is satisfied.,17,26,0,True,False,1e-12,0.005,0.4858561805016458,1e-12,2026-07-23T11:51:34.216649+00:00,continuation,,,,,,,,high,0.23,0.229384765625,0.2295166015625,0.0001318359375
1.8,0.2295166015625,0.4868957634437012,1.00662902444967e-12,2.31038072725863e-13,-0.1207764811814224,-0.104472821062286,0.1596919808483786,False,linear_ci,strict_L30_y1p5,30.0,1.5,0.2,1e-11,1e-13,True,3,`xtol` termination condition is satisfied.,12,25,0,True,False,1e-12,0.005,0.4858561805016458,1e-12,2026-07-23T11:51:37.593951+00:00,continuation,,,,,,,,high,0.23,0.229384765625,0.2295166015625,0.0001318359375
1.8,0.22945068359375,0.4712832291423777,1.539092516660931e-07,3.5314583006187574e-08,-0.034650436134872,-0.0428402427158365,0.0550993568046727,False,linear_ci,nominal,20.0,1.0,0.5,1e-09,1e-11,True,3,`xtol` termination condition is satisfied.,19,36,0,False,False,1e-12,0.005,0.487434406028947,2.094999576538841e-07,2026-07-23T11:51:39.574067+00:00,continuation,,,,,,,,high,0.23,0.229384765625,0.22945068359375,6.591796875000006e-05
1.8,0.22945068359375,0.4856598344630775,6.268373124597014e-07,1.4382824984594757e-07,0.0214076013405563,-0.0570241042941812,0.0609100473297291,False,linear_ci,strict_L30,30.0,1.0,0.25,1e-10,1e-12,True,3,`xtol` termination condition is satisfied.,22,59,0,False,False,1e-12,0.005,0.487434406028947,2.094999576538841e-07,2026-07-23T11:51:45.370297+00:00,continuation,,,,,,,,high,0.23,0.229384765625,0.22945068359375,6.591796875000006e-05
1.8,0.22945068359375,0.487434406028947,2.094999576538841e-07,4.8069908496545375e-08,-0.0133489428724078,-0.0185205683083704,0.0228299304921373,False,linear_ci,strict_L40,40.0,1.0,0.2,1e-11,1e-13,True,3,`xtol` termination condition is satisfied.,17,22,0,False,False,1e-12,0.005,0.487434406028947,2.094999576538841e-07,2026-07-23T11:51:48.601266+00:00,continuation,,,,,,,,high,0.23,0.229384765625,0.22945068359375,6.591796875000006e-05
1.8,0.22945068359375,0.4861854568037116,2.2442778509940659e-07,5.1495108708490055e-08,4.850421869230124e-05,-2.086064115831672e-05,5.279986345140149e-05,False,linear_ci,strict_L30_y0p5,30.0,0.5,0.2,1e-11,1e-13,True,3,`xtol` termination condition is satisfied.,25,50,0,False,False,1e-12,0.005,0.487434406028947,2.094999576538841e-07,2026-07-23T11:51:54.607558+00:00,continuation,,,,,,,,high,0.23,0.229384765625,0.22945068359375,6.591796875000006e-05
1.8,0.22945068359375,0.4874344060287042,2.095031034402213e-07,4.80706302993709e-08,-0.0316925469428863,-0.0471402588066737,0.0568033584578168,False,linear_ci,strict_L30_y1p5,30.0,1.5,0.2,1e-11,1e-13,True,3,`xtol` termination condition is satisfied.,21,34,0,False,False,1e-12,0.005,0.487434406028947,2.094999576538841e-07,2026-07-23T11:51:58.631680+00:00,continuation,,,,,,,,high,0.23,0.229384765625,0.22945068359375,6.591796875000006e-05
1.8,0.229417724609375,0.4801150058212523,1.167570788541695e-05,2.678614336276094e-06,0.0005350067322681,-5.8575020437594014e-05,0.0005382037129113,False,linear_ci,nominal,20.0,1.0,0.5,1e-09,1e-11,True,3,`xtol` termination condition is satisfied.,20,45,0,False,False,1e-12,0.005,0.4882235187925976,8.397554721150138e-06,2026-07-23T11:52:00.868311+00:00,continuation,,,,,,,,high,0.23,0.229384765625,0.229417724609375,3.295898437500003e-05
1.8,0.229417724609375,0.4882235187836626,8.397554592424845e-06,1.926547866877116e-06,0.000491619411905,-0.0002194231990822,0.0005383643621724,False,linear_ci,strict_L30,30.0,1.0,0.25,1e-10,1e-12,True,3,`xtol` termination condition is satisfied.,17,26,0,False,False,1e-12,0.005,0.4882235187925976,8.397554721150138e-06,2026-07-23T11:52:03.333616+00:00,continuation,,,,,,,,high,0.23,0.229384765625,0.229417724609375,3.295898437500003e-05
1.8,0.229417724609375,0.4889480319583439,8.520745566960337e-06,1.95481005994746e-06,-2.901389771492457e-08,4.923734453043896e-08,5.714999874909231e-08,False,linear_ci,strict_L40,40.0,1.0,0.2,1e-11,1e-13,True,3,`xtol` termination condition is satisfied.,26,79,0,False,False,1e-12,0.005,0.4882235187925976,8.397554721150138e-06,2026-07-23T11:52:14.588658+00:00,continuation,,,,,,,,high,0.23,0.229384765625,0.229417724609375,3.295898437500003e-05
1.8,0.229417724609375,0.4890603937459328,8.660272272082125e-06,1.986819959158744e-06,4.148440517753177e-09,-5.0450714742710174e-08,5.062098553741965e-08,False,linear_ci,strict_L30_y0p5,30.0,0.5,0.2,1e-11,1e-13,True,1,`gtol` termination condition is satisfied.,3,16,0,False,False,1e-12,0.005,0.4882235187925976,8.397554721150138e-06,2026-07-23T11:52:16.486522+00:00,continuation,,,,,,,,high,0.23,0.229384765625,0.229417724609375,3.295898437500003e-05
1.8,0.229417724609375,0.488940604071843,8.489625969779569e-06,1.9476706727714877e-06,-6.339946999667223e-06,-1.7583695974794198e-07,6.3423849295831e-06,False,linear_ci,strict_L30_y1p5,30.0,1.5,0.2,1e-11,1e-13,True,3,`xtol` termination condition is satisfied.,23,60,0,False,False,1e-12,0.005,0.4882235187925976,8.397554721150138e-06,2026-07-23T11:52:23.443027+00:00,continuation,,,,,,,,high,0.23,0.229384765625,0.229417724609375,3.295898437500003e-05
1.8,0.2294012451171875,0.47992635307840936,1.165484498320202e-05,2.67363595079435e-06,0.0005365627362776057,-0.00037355561059897267,0.0006537915295961571,False,linear_ci,nominal,20.0,1.0,0.5,1e-09,1e-11,True,3,`xtol` termination condition is satisfied.,20,49,0,False,False,1e-12,0.005,0.48861807517442296,1.2491582102898265e-05,2026-07-23T11:52:25.832968+00:00,continuation,,,,,,,,high,0.23,0.22938476562500001,0.2294012451171875,1.6479492187500015e-05
1.8,0.2294012451171875,0.48926284089775274,1.2518411458245956e-05,2.8717391754108896e-06,-7.460104001349999e-07,1.46889107441919e-06,1.64747458421001e-06,False,linear_ci,strict_L30,30.0,1.0,0.25,1e-10,1e-12,True,3,`xtol` termination condition is satisfied.,19,40,0,False,False,1e-12,0.005,0.48861807517442296,1.2491582102898265e-05,2026-07-23T11:52:29.664298+00:00,continuation,,,,,,,,high,0.23,0.22938476562500001,0.2294012451171875,1.6479492187500015e-05
1.8,0.2294012451171875,0.4889735499520382,1.3698740892745099e-05,3.1425082173334587e-06,-1.1237692073347294e-05,-2.97806376676296e-06,1.1625600497792748e-05,False,linear_ci,strict_L40,40.0,1.0,0.2,1e-11,1e-13,True,3,`xtol` termination condition is satisfied.,28,69,0,False,False,1e-12,0.005,0.48861807517442296,1.2491582102898265e-05,2026-07-23T11:52:39.638749+00:00,continuation,,,,,,,,high,0.23,0.22938476562500001,0.2294012451171875,1.6479492187500015e-05
1.8,0.2294012451171875,0.48901463447963156,1.7893443646206228e-05,4.1047782518739365e-06,1.1631296625283158e-08,1.1593562556510987e-08,1.642247709503828e-08,False,linear_ci,strict_L30_y0p5,30.0,0.5,0.2,1e-11,1e-13,True,1,`gtol` termination condition is satisfied.,6,27,0,False,False,1e-12,0.005,0.48861807517442296,1.2491582102898265e-05,2026-07-23T11:52:42.677784+00:00,continuation,,,,,,,,high,0.23,0.22938476562500001,0.2294012451171875,1.6479492187500015e-05
1.8,0.2294012451171875,0.489006132516904,1.2515444408179938e-05,2.8710585304314198e-06,-7.891102626889079e-07,-2.441787088262011e-06,2.566129223379841e-06,False,linear_ci,strict_L30_y1p5,30.0,1.5,0.2,1e-11,1e-13,True,3,`xtol` termination condition is satisfied.,18,31,0,False,False,1e-12,0.005,0.48861807517442296,1.2491582102898265e-05,2026-07-23T11:52:46.184445+00:00,continuation,,,,,,,,high,0.23,0.22938476562500001,0.2294012451171875,1.6479492187500015e-05
