status,error,source,alpha_set,Mach,alpha,is_anchor,cr_reference,ci_reference,cr_used,ci_used,cr_abs_error,ci_abs_error,complex_spectral_error,ln_p_start_right,stage1_mismatch,stage2_mismatch,stage1_seconds,stage2_seconds,reconstruction_seconds,fixed_c_total_seconds,alignment_real,alignment_imag,shooting_y_min,shooting_y_max,n_shooting_points,n_core20,n_core40,p_rel_l2_core20,p_rel_l2_core40,rho_rel_l2_core20,rho_rel_l2_core40,u_rel_l2_core20,u_rel_l2_core40,v_rel_l2_core20,v_rel_l2_core40,p_overlap_error_core20,p_overlap_error_core40
COMPLETED,,pinn,all,1.05,0.05,False,3.9623304327421566e-10,0.0216720758392142,3.8529715338679394e-08,0.0216720601405729,3.813348229540518e-08,1.5698641300104788e-08,4.12384506333996e-08,-5.000002977918847,,9.346302429681254e-20,,1.0218503717333078,0.17342484835535288,1.1952752200886607,1.1024917434595773,0.004268327733242627,-1199.9999999999932,1199.9999999999932,4517,1601,3201,1.5327628645081093e-07,7.187971172886719e-07,1.5327628645207912e-07,7.187971172898265e-07,1.2272692348520458e-06,1.1822611132680946e-06,4.0189979467777063e-07,8.445358268799299e-07,1.1546319456101628e-14,2.1049828546892968e-13
COMPLETED,,pinn,all,1.05,0.055,False,4.874110988424948e-10,0.0242070753369968,4.826897308456188e-08,0.0242070768701017,4.7781561985719385e-08,1.5331048999756014e-09,4.780615103132099e-08,-5.000004459929692,,3.6486477254673104e-19,,1.1122728241607547,0.1949400408193469,1.3072128649801016,1.102489977576779,0.004710042589888451,-1199.9999999999932,1199.9999999999932,4517,1601,3201,1.7666073659280926e-07,9.054457687290457e-07,1.766607365938497e-07,9.054457687273736e-07,1.1892203521322832e-06,1.22965054434256e-06,4.391410322964093e-07,9.736577374332321e-07,1.5210055437364645e-14,3.3162361745553426e-13
COMPLETED,,pinn,all,1.05,0.06,False,4.818920439745717e-10,0.026850382922755,5.709618877428976e-08,0.0268503974495145,5.661429673031519e-08,1.4526759500171904e-08,5.8448313370396e-08,-5.0000061924504795,,1.7364019189391202e-19,,1.0782475611194968,0.18464928027242422,1.262896841391921,1.1024880100304033,0.005156351878155456,-1199.9999999999932,1199.9999999999932,4517,1601,3201,2.028626295313699e-07,1.1048523193685251e-06,2.0286262953109912e-07,1.1048523193657596e-06,1.1700804977705322e-06,1.3210420045046504e-06,5.144040445757678e-07,1.1411631019908685e-06,2.0095036745715333e-14,4.959366251000574e-13
COMPLETED,,pinn,all,1.05,0.065,False,5.69640621572975e-10,0.0296177538519902,6.445004163061722e-08,0.0296177432987618,6.388040100904425e-08,1.0553228402265802e-08,6.474624516361309e-08,-5.000008079819872,,9.760841400636965e-21,,1.0806137807667255,0.18065184354782104,1.2612656243145466,1.1024857670569719,0.005607813551744813,-1199.9999999999932,1199.9999999999932,4517,1601,3201,2.2366131923422597e-07,1.264210792784008e-06,2.2366131923410834e-07,1.2642107927864827e-06,1.1992709006040912e-06,1.4326880040186019e-06,5.815603928631288e-07,1.3990948471707603e-06,2.4868995751603507e-14,6.750155989720952e-13
COMPLETED,,pinn,all,1.05,0.07,False,4.743779014405197e-10,0.0325278215395402,3.9208310165975314e-08,0.0325278298290532,3.8733932264534795e-08,8.289512999637427e-09,3.9611027939763535e-08,-5.000005601651276,,1.1755846305217676e-22,,1.0690567372366786,0.1790376678109169,1.2480944050475955,1.1024833891309185,0.00606508314570221,-1199.9999999999932,1199.9999999999932,4517,1601,3201,2.4306711496711456e-07,1.507935055655891e-06,2.4306711496771776e-07,1.507935055655e-06,1.1701497410226293e-06,1.5795566173633654e-06,3.5766678915538285e-07,1.514590071600551e-06,2.9753977059954195e-14,9.628964292573983e-13
COMPLETED,,pinn,all,1.05,0.075,False,3.8536165476661847e-10,0.0356029301043054,4.8079364070232855e-08,0.0356029449039988,4.769400241546624e-08,1.4799693394407232e-08,4.9937448783202374e-08,-5.000007411721452,,1.3525243940966968e-22,,1.064742051064968,0.17679504957050085,1.241537100635469,1.1024807618998047,0.006528687387546987,-1149.6794948355275,1149.6794948355275,4517,1601,3201,2.7263157649038525e-07,1.7572231940377001e-06,2.726315764893583e-07,1.7572231940427825e-06,1.1707851231151232e-06,1.761133784036899e-06,4.2698265239467015e-07,1.7530757575952035e-06,3.708144902248023e-14,1.3241630014704242e-12
COMPLETED,,pinn,all,1.05,0.08,True,3.0085735893864327e-10,0.03887030128094,5.62973773749636e-08,0.0388702861779173,5.599652001602496e-08,1.5103022700524438e-08,5.7997513296671954e-08,-5.000008377468907,,8.897120387880868e-23,,1.0647967187687755,0.17655384354293346,1.241350562311709,1.1024778172567564,0.0069994327215727225,-995.9512301404479,995.9512301404479,4517,1601,3201,3.000867042150705e-07,1.9704359810663047e-06,3.0008670421344975e-07,1.9704359810750117e-06,1.2083796127401722e-06,1.9354081462861813e-06,5.229005206759128e-07,2.088418062237451e-06,4.518607710224387e-14,1.722844089613318e-12
COMPLETED,,pinn,all,1.05,0.085,False,2.2233667796181407e-10,0.0423637176862112,6.278104015388504e-08,0.0423637209353839,6.255870347592323e-08,3.2491727017247563e-09,6.26430243828802e-08,-5.000008986087077,,4.3548987386635435e-23,,1.054919463582337,0.17556574661284685,1.2304852101951838,1.1024747241865922,0.007477108844832687,-868.4590288259226,868.4590288259226,4517,1601,3201,3.347059202197212e-07,2.275786680152798e-06,3.347059202237178e-07,2.2757866801564155e-06,1.1781512926493964e-06,2.1646357446552423e-06,5.310078527726253e-07,2.3331926920165884e-06,5.595524044110789e-14,2.3090418466154006e-12
COMPLETED,,pinn,all,1.05,0.09,False,1.56395609562825e-10,0.0461260301076705,5.869521212294172e-08,0.0461260199759697,5.85388165133789e-08,1.013170080471637e-08,5.940912724475367e-08,-5.000008055491262,,1.9871690981304072e-23,,1.052158330567181,0.17448824923485518,1.2266465798020363,1.1024712932323109,0.007964275769075121,-761.4280221967821,761.4280221967821,4517,1601,3201,3.663193368499946e-07,2.5636761831066213e-06,3.663193368542315e-07,2.563676183098231e-06,1.212981503539761e-06,2.405707952847658e-06,5.289742959652906e-07,2.665200304339382e-06,6.705747068735946e-14,2.992051051364797e-12
COMPLETED,,pinn,all,1.05,0.095,False,4.0200318217775485e-10,0.0502130418038415,1.4794366528202152e-07,0.0502130309650017,1.4754166209984377e-07,1.0838839797910893e-08,1.4793925274702874e-07,-5.0000193916828115,,2.676576652422305e-24,,1.0456349356099963,0.17329118121415377,1.21892611682415,1.1024676026643268,0.00846089680219917,-670.5453043575568,670.5453043575568,4516,1601,3201,4.551941143855674e-07,2.8819007059728963e-06,4.551941143904577e-07,2.881900705972883e-06,1.3151555829348999e-06,2.695002014654176e-06,1.1133001622195323e-06,3.1051933051343916e-06,1.035838081975271e-13,3.825939565160752e-12
COMPLETED,,pinn,all,1.05,0.1,False,3.017815208068885e-10,0.0546998175409827,1.5728512351917417e-07,0.0546998103785622,1.5698334199836728e-07,7.162420503914468e-09,1.5714665103797548e-07,-5.00001959623876,,7.4223922572245e-25,,1.041245536878705,0.17428184486925602,1.215527381747961,1.1024636053630905,0.008968473092248555,-592.5229691765719,592.5229691765719,4516,1601,3201,5.02798795739295e-07,3.227651770181412e-06,5.027987957417434e-07,3.2276517701773054e-06,1.3200625246781709e-06,2.975593552063574e-06,1.139399965933292e-06,3.439748888852935e-06,1.2634338020234281e-13,4.8575587996424474e-12
COMPLETED,,pinn,all,1.05,0.105,False,1.861849458323276e-10,0.0596915838649033,5.753924545532909e-08,0.0596915852015915,5.7353060509496767e-08,1.336688197628444e-09,5.736863502946254e-08,-5.000006775597746,,8.445532229521669e-24,,1.0352963143959641,0.17275370750576258,1.2080500219017267,1.1024592769144947,0.009488421953679601,-524.7964154495805,524.7964154495805,4516,1601,3201,4.940448938566529e-07,3.6000367007184567e-06,4.940448938604696e-07,3.6000367007259987e-06,1.2419210963924153e-06,3.2590367962454864e-06,5.349770176294536e-07,3.6845842804883395e-06,1.2223555501122974e-13,6.104228233994036e-12
COMPLETED,,pinn,all,1.05,0.11,False,1.3408725151546628e-10,0.0653440616983339,1.7631465437587963e-09,0.0653441148406212,1.62905929224333e-09,5.314228730679549e-08,5.3167250581308424e-08,-5.0000001891401356,,2.9122990194106544e-23,,1.0283008199185133,0.1706286333501339,1.1989294532686472,1.1024546701184523,0.010022077864597195,-465.3020417083182,465.3020417083182,4516,1601,3201,5.45898709430329e-07,4.011149966302692e-06,5.458987094303086e-07,4.011149966309986e-06,1.2284192186107254e-06,3.5981204684041847e-06,4.630386312916284e-07,3.982832326987101e-06,1.48991929904696e-13,7.577605209974081e-12
COMPLETED,,pinn,all,1.05,0.115,False,1.2100138419185254e-10,0.0719056899252925,6.325834317240008e-08,0.0719066696607979,6.313734178820823e-08,9.797355053908774e-07,9.817677854012113e-07,-5.000006473593663,,6.231728520917149e-23,,1.0233504539355636,0.17010966129601002,1.1934601152315736,1.1024516154245534,0.01056837293482005,-412.287551566486,412.287551566486,4515,1601,3201,1.8814960455385046e-06,5.675374011103062e-06,1.8814960455418189e-06,5.675374011113403e-06,4.067888252932153e-06,5.996241987989971e-06,5.720270350988142e-06,6.1402081126831785e-06,1.7703616350672746e-12,1.3520295993885156e-11
COMPLETED,,pinn,all,1.05,0.12,False,6.803041450145497e-10,0.0798199008171065,0.0041814275206723,0.080017815684803,0.0041814268403681555,0.00019791486769649147,0.004186108063130542,-5.40465461150811,,6.3172787064181654e-21,,1.0181401455774903,0.16795043740421534,1.1860905829817057,1.1029866903866012,0.0021628146084470617,-370.6264751763655,370.6264751763655,4515,1601,3201,0.007905462396176255,0.015399982246115667,0.007905462396176255,0.015399982246115659,0.017253299621845637,0.019088795147463006,0.023254099305441884,0.023583940740174402,3.124865608794547e-05,0.00010320801436181082
COMPLETED,,pinn,all,1.05,0.125,False,1.9696640297120387e-10,0.0900435605323562,0.0102130226911702,0.0914808524142336,0.010213022494203796,0.0014372918818773978,0.010313662609413951,-5.903308145887729,,1.1271730729609136e-20,,1.0081498166546226,0.16768128238618374,1.1758310990408063,1.1056024474693746,-0.0091619965270098,-328.62393553907106,328.62393553907106,4515,1601,3201,0.01918862213919865,0.03595462438321919,0.019188622139198655,0.0359546243832192,0.04026383591226655,0.04457097180702159,0.052184194411010666,0.05324016821888616,0.00018411855962230383,0.0005769044571729554
COMPLETED,,pinn,all,1.05,0.13,False,5.561380768025613e-10,0.1057320985786008,0.0161667478422847,0.1119204979819057,0.016166747286146622,0.006188399403304901,0.017310690482732156,-6.203297019634585,,1.2334236075133767e-20,,0.9962026281282306,0.16487486008554697,1.1610774882137775,1.1141341478153428,-0.017868836354456002,-275.95211542813684,275.95211542813684,4514,1601,3201,0.030620155653859983,0.05426983334868033,0.030620155653859994,0.05426983334868031,0.06310822897670174,0.06894301518854969,0.0759621670729593,0.07796674357829278,0.0004689069029754078,0.0013553011090701172
COMPLETED,,pinn,all,1.05,0.135,False,0.0246424871987254,0.1304782261154136,0.0220017855207649,0.1182003620388396,0.002640701677960499,0.012277864076573997,0.01255863255433527,-6.577551823454549,,1.1065046120338389e-20,,0.9874410880729556,0.16482839081436396,1.1522694788873196,1.0807491394997566,0.014068706983476004,-259.4716168052445,259.4716168052445,4514,1601,3201,0.021264946679068204,0.03621379252804465,0.021264946679068218,0.036213792528044644,0.04016163015176422,0.044234988887306585,0.047377347503661085,0.049402821680704714,0.00022612454478698751,0.0006083406258831081
COMPLETED,,pinn,all,1.05,0.14,False,0.0443825798422026,0.1272560731093161,0.0439926149190538,0.1203127297798835,0.00038996492314880005,0.006943343329432611,0.006954285673716804,-8.302165195463658,,1.2277684408620066e-21,,1.0006793746724725,0.1686549922451377,1.1693343669176102,1.090284695672781,0.00891727279196509,-262.78676516977583,262.78676516977583,4514,1601,3201,0.011962891906663907,0.020133164563872926,0.011962891906663902,0.020133164563872895,0.020393949396948968,0.02304088338490178,0.02589560289512532,0.02732136485245292,7.15579516549214e-05,0.00018892431292416578
COMPLETED,,pinn,all,1.05,0.145,False,0.0574927471084788,0.1240499420403578,0.0566259419780707,0.1234490638500723,0.0008668051304080993,0.0006008781902854948,0.0010547064680102105,-9.266124925049532,,5.350977310923649e-23,,0.9972429974004626,0.1682653659954667,1.1655083633959293,1.1012776855475446,0.009754070280289578,-256.6096458196211,256.6096458196211,4514,1601,3201,0.0018403983021739265,0.0030638143147358595,0.0018403983021739252,0.003063814314735856,0.0029434724912785087,0.0033822529576423015,0.003876824715640699,0.004137442613244002,1.693534389057838e-06,4.397637643038799e-06
COMPLETED,,pinn,all,1.05,0.15,False,0.0679330273204825,0.1208595246198709,0.0676276135209199,0.1206861314194035,0.00030541379956260106,0.00017339320046740048,0.0003512019233028099,-10.37440018555491,,2.780574473254216e-23,,1.013134508393705,0.1719100782647729,1.1850445866584778,1.1021104251991993,0.008183310952794577,-259.79707300806075,259.79707300806075,4514,1601,3201,0.0006287598356723682,0.0010458164818758007,0.0006287598356723671,0.0010458164818757981,0.0009458078731649082,0.0011108817641515753,0.0012907076362011127,0.0013982167684274318,1.9766948489152725e-07,5.121761644799605e-07
COMPLETED,,pinn,all,1.05,0.155,False,0.0768053285639184,0.1176845235712699,0.0768053224504106,0.117684531016378,6.113507797222972e-09,7.445108099468634e-09,9.633515049008826e-09,-11.42474452509715,,5.755983863918272e-23,,1.01851861551404,0.17247509118169546,1.1909937066957355,1.102479446165454,0.00711724274068873,-262.62136843765865,262.62136843765865,4514,1601,3201,1.4700570292026524e-06,1.0949451018670536e-05,1.4700570292049517e-06,1.0949451018677395e-05,2.0730361383844622e-06,8.531322740338542e-06,1.3866057307885993e-06,1.1579119636321273e-05,1.081024159077515e-12,5.742761821636577e-11
COMPLETED,,pinn,all,1.05,0.16,False,0.0846089596558761,0.1145246495812782,0.0846089456180145,0.1145246425970116,1.4037861595372902e-08,6.984266595622124e-09,1.5679334745121316e-08,-12.440473831801011,,1.5624226546679418e-21,,1.0320049049332738,0.17505133990198374,1.2070562448352575,1.1024803673735661,0.006626749478691057,-265.3243994866812,265.3243994866812,4514,1601,3201,1.5820501140061447e-06,1.2166612484397398e-05,1.5820501140090918e-06,1.2166612484399763e-05,2.1747022005547943e-06,9.483106351220323e-06,1.5087434224905564e-06,1.2889941458648934e-05,1.2518874825673265e-12,7.062883611297366e-11
COMPLETED,,pinn,all,1.05,0.165,False,0.0916214499019698,0.1113796189415974,0.0916214327245721,0.111379638852589,1.7177397698686647e-08,1.991099160547627e-08,2.6296588721965285e-08,-13.45826342919722,,8.691559925121584e-21,,1.0340909725055099,0.17496520187705755,1.2090561743825674,1.1024829432479026,0.006200737436588393,-267.96170351715244,267.96170351715244,4514,1601,3201,1.701145022928792e-06,1.346954484983201e-05,1.7011450229266525e-06,1.346954484983765e-05,2.266726249887364e-06,1.0513936490318531e-05,1.6431367860040757e-06,1.4267062647936064e-05,1.446620601086579e-12,8.62384608169009e-11
COMPLETED,,pinn,all,1.05,0.17,True,0.0980164090081825,0.1082491587696718,0.0980164066635065,0.1082491850888954,2.3446759950251916e-09,2.631922360607497e-08,2.6423456184765485e-08,-14.490425909698354,,8.987155998623648e-21,,1.3972691828384995,0.1784992553293705,1.57576843816787,1.1024863228245736,0.005792999349976941,-270.65277944186556,270.65277944186556,4514,1601,3201,1.8140831062846887e-06,1.4749833375750701e-05,1.8140831062948332e-06,1.4749833375753969e-05,2.37843542790663e-06,1.154547152001226e-05,1.7591698186296233e-06,1.5622132170139742e-05,1.6454615447969445e-12,1.0305289954715136e-10
COMPLETED,,pinn,all,1.05,0.175,False,0.1039112225827462,0.1051330012128099,0.1039112232011111,0.1051329898881799,6.183649009505743e-10,1.1324629997644386e-08,1.1341499889092038e-08,-14.99999335625205,,0.2987082140275151,,5.50849743001163,0.1800596732646227,5.688557103276253,1.1024881541080158,0.005427676942975183,-273.48065209644574,273.48065209644574,4514,1601,3201,1.9288445601260384e-06,1.604644766043992e-05,1.928844560123667e-06,1.604644766044359e-05,2.5109823732920007e-06,1.2600150477702693e-05,1.8692270027394495e-06,1.70104052358587e-05,1.8599566331545248e-12,1.216305944851115e-10
COMPLETED,,pinn,all,1.05,0.18,False,0.1093898015648453,0.1020308850845139,0.1093898088962324,0.1020308804460946,7.331387094633435e-09,4.638419301428165e-09,8.675492513236296e-09,-14.99999335625205,,2.672417014409509,,5.527907597832382,0.18082122784107924,5.708728825673461,1.102489230183329,0.005076607342092648,-276.50787023651696,276.50787023651696,4514,1601,3201,2.0580739224812302e-06,1.750500168079622e-05,2.0580739224919875e-06,1.7505001680804902e-05,2.637545924535615e-06,1.3793414713538794e-05,2.0060953498250687e-06,1.854293906112024e-05,2.117306330262636e-12,1.443107855436665e-10
COMPLETED,,pinn,all,1.05,0.185,False,0.1145146832193396,0.0989425552723295,0.1145146758903656,0.0989425499403068,7.328973997133836e-09,5.332022698367744e-09,9.063350699745252e-09,-14.99999335625205,,7.631671280858475,,5.555873177014291,0.1809848165139556,5.736857993528247,1.1024903540853275,0.004758416026527997,-279.7857842735573,279.7857842735573,4514,1601,3201,2.2062611331608887e-06,1.9198762032394117e-05,2.2062611331647537e-06,1.9198762032400378e-05,2.776376132287661e-06,1.5178613258857161e-05,2.1687340866899777e-06,2.0325991222024456e-05,2.4341639814906557e-12,1.7314172318094734e-10
COMPLETED,,pinn,all,1.05,0.19,False,0.1193340156875175,0.0958677623501994,0.1193340137243481,0.0958677591506012,1.963169404817222e-09,3.199598211378607e-09,3.753859723839929e-09,-14.99999335625205,,15.501391004298748,,5.588423499837518,0.18206220120191574,5.7704857010394335,1.1024920403131455,0.004447115238535924,-283.35931422752583,283.35931422752583,4514,1601,3201,2.3432836324354948e-06,2.09632901193327e-05,2.3432836324337817e-06,2.096329011933295e-05,2.9155274845569263e-06,1.6637793475378345e-05,2.3114278132948166e-06,2.217216096580172e-05,2.745359495293087e-12,2.0588319937786537e-10
COMPLETED,,pinn,all,1.05,0.195,False,0.123885847670916,0.0928062622620242,0.1238858476812377,0.0928062710687945,1.0321701826576657e-11,8.806770299130129e-09,8.806776347743206e-09,-14.99999335625205,,26.68734354889644,,5.610731827095151,0.18276404216885567,5.793495869264007,1.1024938523595131,0.0041519734407116605,-287.2703762007474,287.2703762007474,4514,1601,3201,2.508082434419418e-06,2.273578944665055e-05,2.5080824344227213e-06,2.273578944664957e-05,3.0729625066250584e-06,1.8119983830507395e-05,2.490727944359267e-06,2.401580548492176e-05,3.144928761855681e-12,2.414923816473902e-10
COMPLETED,,pinn,all,1.05,0.2,False,0.1282008959116724,0.0897578157381898,0.1282008966935717,0.0897829503583085,7.8189929531014e-10,2.513462011868861e-05,2.5134620130850452e-05,-14.99999335625205,,41.614103424394294,,5.6429404858499765,0.18537519313395023,5.828315678983927,1.1025492626897009,0.00386447217055346,-291.4824784290145,291.4824784290145,4514,1601,3201,5.7329146384682905e-05,0.00011082374959169346,5.7329146384691355e-05,0.00011082374959170282,6.350611338389026e-05,9.842536877862815e-05,9.331866781434063e-05,0.0001274071774921949,1.6433158167572515e-09,5.566317962113487e-09
COMPLETED,,pinn,all,1.05,0.205,False,0.1323044050267023,0.08672218899306,0.1323044066043758,0.0867654581222455,1.577673519603806e-09,4.326912918549419e-05,4.326912921425666e-05,-14.99999335625205,,60.9382463407056,,5.677106026560068,0.1842986522242427,5.861404678784311,1.1025914666406396,0.003600339789766623,-296.130165785911,296.130165785911,4514,1601,3201,0.00010008708387003579,0.0001860709272185968,0.00010008708387004298,0.00018607092721860906,0.00011010154602255483,0.00016630420946978411,0.00016015780248301148,0.00021546104162276146,5.008712111731484e-09,1.565048202145647e-08
COMPLETED,,pinn,all,1.05,0.21,False,0.1362174367641526,0.0836991521051234,0.1362174426119288,0.0837596952360152,5.847776207712485e-09,6.054313089180752e-05,6.054313117422177e-05,-14.99999335625205,,85.3739804413496,,5.715894542634487,0.1859993077814579,5.901893850415945,1.1026344935486276,0.003348084660177935,-301.24026522002106,301.24026522002106,4514,1601,3201,0.00014256494992776004,0.00026252674266575085,0.00014256494992775893,0.0002625267426657526,0.00015557485817687829,0.0002348302350244942,0.0002239517747340123,0.0003032008396653697,1.0162382491074595e-08,3.104170098744419e-08
COMPLETED,,pinn,all,1.05,0.215,False,0.1399577929819498,0.0806884797267323,0.1399578003173671,0.0807629768987115,7.335417301357339e-09,7.449717197918759e-05,7.449717234033115e-05,-14.99999335625205,,115.82156126707642,,5.7499155309051275,0.1871658219024539,5.937081352807581,1.1026705475430925,0.0030945259288564413,-306.8707653519531,306.8707653519531,4514,1601,3201,0.00017877808401570185,0.0003294674960989935,0.00017877808401569936,0.00032946749609899593,0.0001936502954253987,0.00029453597737942437,0.0002756614176763649,0.0003782353010251038,1.5980801792991883e-08,4.8680061981443146e-08
COMPLETED,,pinn,all,1.05,0.22,False,0.1435406899321354,0.0776899506702274,0.1435636933557629,0.0776968934300555,2.3003423627515618e-05,6.94275982809911e-06,2.4028304405796313e-05,-14.99999335625205,,154.1572601556973,,5.778883781284094,0.1870825570076704,5.965966338291764,1.1025181187939725,0.002795085347816496,-313.3964605192357,313.3964605192357,4514,1601,3201,5.774384362696866e-05,0.00010097663433194198,5.774384362697059e-05,0.00010097663433194494,6.3154482640661e-05,9.298037272905111e-05,8.818703794736032e-05,0.00011410716735774783,1.6671758418240756e-09,4.582975665634592e-09
COMPLETED,,pinn,all,1.05,0.225,False,0.1469792621771554,0.0747033476696535,0.1469792863466801,0.0747885941747403,2.4169524687200905e-08,8.524650508680287e-05,8.524650851313637e-05,-14.99999335625205,,199.4397040974975,,5.818093288689852,0.18877767026424408,6.006870958954096,1.1027084387682533,0.002628320640781086,-319.95535883492346,319.95535883492346,4514,1601,3201,0.00021281086111366528,0.0003997700711874469,0.00021281086111367732,0.000399770071187455,0.00022779365694612001,0.00035659475213104257,0.0003163318003410082,0.00045143947430013615,2.2644231600921216e-08,7.094254894646213e-08
COMPLETED,,pinn,all,1.05,0.23,False,0.1502849463910669,0.0717284575596431,0.1502849646207212,0.0718090367310021,1.8229654286106012e-08,8.057917135899373e-05,8.057917342106688e-05,-14.99999335625205,,255.65532505593904,,5.849260702729225,0.19297032617032528,6.04223102889955,1.1027026031731102,0.002403160389074117,-327.556975541765,327.556975541765,4515,1601,3201,0.0002053781395180796,0.00039210351721806583,0.0002053781395180831,0.00039210351721807304,0.00021884025022709467,0.000349353886952524,0.0002998117821872826,0.00043866846863187053,2.1090090229769487e-08,6.785004358356161e-08
COMPLETED,,pinn,all,1.05,0.235,False,0.1534677774511452,0.0687650704883522,0.1534677611061556,0.0687650853565637,1.634498961178288e-08,1.486821149532247e-08,2.2095755214043478e-08,-14.99999335625205,,325.3472683245609,,5.890924213454127,0.19149189814925194,6.082416111603379,1.102500726377604,0.002189329814278955,-336.3095789834309,336.3095789834309,4515,1601,3201,4.1063955854194835e-06,4.2761519060217564e-05,4.106395585421273e-06,4.27615190602154e-05,4.771517679056302e-06,3.5318758411990676e-05,4.158124633287409e-06,4.4671752340428915e-05,8.431477738213289e-12,8.329126277573096e-10
COMPLETED,,pinn,all,1.05,0.24,False,0.1565366214422875,0.0658129804207034,0.1565366286665228,0.065812969807926,7.224235293312731e-09,1.0612777393004258e-08,1.2838248306003725e-08,-14.99999335625205,,408.59334632756105,,5.938508441671729,0.19347747322171926,6.131985914893448,1.1025001118370912,0.001985261672654127,-345.5884175609698,345.5884175609698,4515,1601,3201,4.281072385326009e-06,4.608334375475551e-05,4.281072385316688e-06,4.608334375476296e-05,5.052858434608012e-06,3.824713417655889e-05,4.328482741145858e-06,4.806637888069141e-05,9.163447778348655e-12,9.644814946696556e-10
COMPLETED,,pinn,all,1.05,0.245,False,0.1594993604264298,0.0628719847849637,0.1594993399134159,0.0628719869616907,2.051301389860427e-08,2.176727006975021e-09,2.0628181685917605e-08,-14.99999335625205,,509.69312529926026,,5.976860694587231,0.1955481106415391,6.17240880522877,1.102501337518837,0.0017910509694310016,-355.86591774739924,355.86591774739924,4515,1601,3201,4.597590053716867e-06,4.947855283487141e-05,4.597590053712695e-06,4.947855283487331e-05,5.422983179770911e-06,4.125743685934279e-05,4.659010538290423e-06,5.1533221085364984e-05,1.0568990127524103e-11,1.1064605898170043e-09
COMPLETED,,pinn,all,1.05,0.25,False,0.1623630410048334,0.0599418843900432,0.1623630554863683,0.0599418713862332,1.448153491567794e-08,1.3003810001022131e-08,1.9463142810365506e-08,-14.99999335625205,,632.6557738682733,,6.019232050515711,0.19582286849617958,6.215054919011891,1.1025015223826562,0.0016062648965446521,-367.27776149679545,367.27776149679545,4515,1601,3201,4.803160180538936e-06,5.362451222703057e-05,4.8031601805370655e-06,5.362451222703407e-05,5.7373127432683835e-06,4.4930411853167454e-05,4.865486264847916e-06,5.5753018728244954e-05,1.1535106203552914e-11,1.295254903332932e-09
COMPLETED,,pinn,all,1.05,0.255,False,0.1651339951439308,0.0570224832728613,0.1651339885926734,0.0570224752477267,6.5512573976800326e-09,8.02513459852161e-09,1.0359621557520621e-08,-14.99999335625205,,782.5912718454383,,6.062261641956866,0.19656760338693857,6.258829245343804,1.1025015433301055,0.0014312177142738018,-379.98561899762666,379.98561899762666,4515,1601,3201,5.11213548846855e-06,5.733063966410147e-05,5.112135488466237e-06,5.7330639664113224e-05,6.103954794953792e-06,4.8259403912433705e-05,5.182783422380491e-06,5.9519847086510654e-05,1.3067102955233167e-11,1.4727579156215143e-09
COMPLETED,,pinn,all,1.05,0.26,False,0.1678179387392793,0.0541135887170267,0.1678179288644599,0.0541135895225538,9.87481940661894e-09,8.05527103353576e-10,9.907619907302421e-09,-14.99999335625205,,966.0924764532757,,6.0926351165398955,0.19827356934547424,6.29090868588537,1.1025018077927657,0.00126564866335034,-394.1854193155627,394.1854193155627,4515,1601,3201,5.428401662163716e-06,6.226514443265915e-05,5.428401662159539e-06,6.22651444326639e-05,6.485956693494331e-06,5.2655306197178984e-05,5.508637080457615e-06,6.454020289842098e-05,1.4733547715195527e-11,1.7292062226559324e-09
COMPLETED,,pinn,all,1.05,0.265,True,0.1704200556118148,0.0512150114879134,0.1704200643820586,0.0512150025836136,8.77024378120872e-09,8.9042998044353e-09,1.2498149102531012e-08,-14.99999335625205,,1191.7568353328725,,6.151801645755768,0.19983888790011406,6.351640533655882,1.102502136889691,0.0011201871775899741,-410.11624438761754,410.11624438761754,4515,1601,3201,5.704478905499432e-06,6.64294336652098e-05,5.704478905500842e-06,6.64294336652139e-05,6.891389079974298e-06,5.645042761455285e-05,5.7869622939441175e-06,6.87430485216207e-05,1.627042944818413e-11,1.957241146932631e-09
COMPLETED,,pinn,all,1.05,0.27,False,0.1729450620904541,0.0483265652104133,0.1729450489408375,0.0483265799535668,1.3149616590046875e-08,1.4743153503582462e-08,1.9755328184958908e-08,-14.99999335625205,,1470.9318517948093,,6.198123895563185,0.20082101877778769,6.398944914340973,1.1025025744578087,0.0009734997863359145,-428.072221507044,428.072221507044,4515,1601,3201,6.087968322360015e-06,7.214917208600303e-05,6.087968322362013e-06,7.214917208601088e-05,7.446632663762738e-06,6.16011068614436e-05,6.177916724525127e-06,7.455119548970708e-05,1.853173170474065e-11,2.297222856384451e-09
COMPLETED,,pinn,all,1.05,0.275,False,0.1753972671823849,0.0454480664815938,0.1753972660582841,0.0454480701668055,1.124100812432971e-09,3.6852116983010497e-09,3.852841535517309e-09,-14.99999335625205,,1818.8308703975906,,6.315335783176124,0.2053441470488906,6.520679930225015,1.1025028257908698,0.0008362179857584575,-448.42140976402067,448.42140976402067,4516,1601,3201,6.4011915980563286e-06,7.690589368276604e-05,6.40119159805726e-06,7.690589368277117e-05,8.084144794632858e-06,6.599617681502254e-05,6.4956749370438115e-06,7.934224370777653e-05,2.0487389562617864e-11,2.5942079595608902e-09
COMPLETED,,pinn,all,1.05,0.28,False,0.1777806205260977,0.0425793352053555,0.1777806066043302,0.0425793318952754,1.3921767488822567e-08,3.3100800989060986e-09,1.4309865138218852e-08,-14.99999335625205,,2256.1446864607924,,6.311502728611231,0.2055397480726242,6.517042476683855,1.102504008360272,0.0007086523307617667,-471.6277024048337,471.6277024048337,4516,1601,3201,6.754306419252568e-06,8.335093159943893e-05,6.754306419254232e-06,8.335093159943866e-05,8.851388680248052e-06,7.1880972334228e-05,6.850095543517373e-06,8.587086178981294e-05,2.2810198174738616e-11,3.0290673302957316e-09
COMPLETED,,pinn,all,1.05,0.285,False,0.1800987533442254,0.0397201940322222,0.1800987666967634,0.0397201809359074,1.3352537991950797e-08,1.309631479651241e-08,1.8703040717376395e-08,-14.99999335625205,,2811.550685815988,,6.452686029486358,0.21170401573181152,6.66439004521817,1.1025038242340486,0.0005812282099019604,-498.28633354156966,498.28633354156966,4516,1601,3201,7.098075097096266e-06,8.878515861086729e-05,7.098075097092677e-06,8.878515861087977e-05,9.65703484937173e-06,7.696414934716795e-05,7.200228037165932e-06,9.132147248629648e-05,2.5191515540257114e-11,3.413155869047557e-09
COMPLETED,,pinn,all,1.05,0.29,False,0.1823550141389138,0.0368704687375015,0.1823550357245238,0.0368704558124522,2.1585609993879373e-08,1.2925049301670821e-08,2.5159400991646967e-08,-14.99999335625205,,3525.5930344458084,,6.514615481719375,0.21011298708617687,6.7247284688055515,1.1025046148961797,0.0004733339233475992,-529.1725635158062,529.1725635158062,4516,1601,3201,7.4851003952613075e-06,9.594417200030187e-05,7.485100395259717e-06,9.59441720003093e-05,1.0489344863497337e-05,8.357903693802802e-05,7.590083767078319e-06,9.853709815707582e-05,2.80135914465518e-11,3.9600320800303734e-09
COMPLETED,,pinn,all,1.05,0.295,False,0.184552498864206,0.0340299881358211,0.1845524968463469,0.0340299978735087,2.01785910203256e-09,9.737687600708256e-09,9.944562090139663e-09,-14.99999335625205,,4456.960065949687,,6.47792159486562,0.21098618302494287,6.688907777890563,1.10250427157157,0.0003753617674264062,-565.3157205804465,565.3157205804465,4516,1601,3201,7.977628082385036e-06,0.00010307313596134282,7.977628082384462e-06,0.00010307313596135788,1.1383947998407244e-05,9.022098057230372e-05,8.088401858413038e-06,0.00010571661743044241,3.1821101309503774e-11,4.534555064772405e-09
COMPLETED,,pinn,all,1.05,0.3,False,0.1866940773048012,0.0311985836818802,0.1866940686955383,0.0311985722079918,8.609262885928004e-09,1.1473888398422227e-08,1.4344668780368042e-08,-14.99999335625205,,5692.969996675667,,6.525273899547756,0.21146988589316607,6.736743785440922,1.1025051471920702,0.0002872099655526643,-608.1139213052794,608.1139213052794,4516,1601,3201,8.314806051370661e-06,0.0001100637580545961,8.314806051374058e-06,0.00011006375805460133,1.2327623763016786e-05,9.681620533254241e-05,8.420379791298407e-06,0.00011273687946185145,3.4567904094728874e-11,5.131216562759278e-09
COMPLETED,,pinn,all,1.05,0.305,False,0.1887824160524999,0.0283760898874536,0.1887824248948744,0.0283761036722835,8.84237449927383e-09,1.3784829899082807e-08,1.637709138192907e-08,-14.99999335625205,,7367.58951956795,,6.647322288714349,0.21484906319528818,6.8621713519096375,1.1025049425658944,0.00020891200405715897,-659.5095674039416,659.5095674039416,4516,1601,3201,8.882522414051895e-06,0.00011923283878913698,8.882522414048856e-06,0.00011923283878914986,1.3832862919785505e-05,0.00010543243692280636,9.002077058484003e-06,0.00012194744561844025,3.944966575630815e-11,5.970319794101897e-09
COMPLETED,,pinn,all,1.05,0.31,False,0.1908199984534699,0.0255623444256405,0.1908199833571211,0.0255623369576137,1.509634878216204e-08,7.4680267976579e-09,1.684254050917562e-08,-14.99999335625205,,9694.442980843942,,7.230547519400716,0.2370686698704958,7.467616189271212,1.1025055486310378,0.0001408268511823116,-722.2923131746588,722.2923131746588,4517,1601,3201,9.275998734190715e-06,0.0001270240157841358,9.2759987341944e-06,0.00012702401578413655,1.6038183223089012e-05,0.00011297946343224607,9.39128225427412e-06,0.0001297614446360362,4.302214140494698e-11,6.713962830140474e-09
COMPLETED,,pinn,all,1.05,0.315,False,0.1928091417506186,0.0227571871880615,0.1928091457374142,0.0227572008473557,3.986795588106773e-09,1.3659294202661432e-08,1.4229225459462221e-08,-14.99999335625205,,13029.64732104506,,7.599736535921693,0.24516245163977146,7.844898987561464,1.102505680888459,8.269550298007371e-05,-800.604433986229,800.604433986229,4517,1601,3201,9.811623333473059e-06,0.0001361435000633533,9.811623333481812e-06,0.00013614350006335485,1.9791084940143e-05,0.00012195514394767467,9.931618877127017e-06,0.0001388823910592841,4.813371923262366e-11,7.630750142872955e-09
COMPLETED,,pinn,all,1.05,0.32,False,0.1947520134031705,0.0199604617242692,0.1947519986658806,0.0199604673205528,1.473728988843348e-08,5.596283599723639e-09,1.576407635683929e-08,-14.99999335625205,,18001.26833996873,,8.050148827023804,0.26051075011491776,8.310659577138722,1.102506261742607,3.4936307752566065e-05,-900.888514442331,900.888514442331,4517,1601,3201,1.034954439259448e-05,0.00014698405554418008,1.034954439259333e-05,0.00014698405554417835,2.5876993850597788e-05,0.000132851592796763,1.0469167647583662e-05,0.0001497659693402853,5.355704768561509e-11,8.821955721494135e-09
COMPLETED,,pinn,all,1.05,0.325,True,0.1966506428787071,0.0171720129635716,0.196650655028108,0.0171720127246626,1.2149400901995122e-08,2.3890900022194295e-10,1.2151749659525862e-08,-14.99999335625205,,25797.11118723302,,8.541436633095145,0.27515878714621067,8.816595420241356,1.1025064273729381,-7.806538360075947e-06,-1033.7256610389156,1033.7256610389156,4517,1601,3201,1.0802264400606805e-05,0.00015685783356281948,1.0802264400598513e-05,0.0001568578335628237,3.504314734834942e-05,0.00014357701583735195,1.0919886084745369e-05,0.0001596154555020599,5.834455141240369e-11,9.929686739518218e-09
COMPLETED,,pinn,all,1.05,0.33,False,0.198506936805944,0.0143916908889867,0.1985069440005668,0.0143916971928759,7.194622786421689e-09,6.30388919883873e-09,9.565647707820615e-09,-14.99999335625205,,37692.518926251716,,7.814497711136937,0.25294633116573095,8.067444042302668,1.102506958186274,-3.4215286472995665e-05,-1199.9999999999932,1199.9999999999932,4517,1601,3201,1.141112469320547e-05,0.00016717083714501538,1.1411124693204331e-05,0.00016717083714502449,4.755740719418264e-05,0.0001556062377499884,1.1533429401189188e-05,0.00016991264456070384,6.510703087769798e-11,1.1140681488441828e-08
COMPLETED,,pinn,all,1.05,0.335,False,0.2003226862203569,0.0116193463291404,0.2003226882732191,0.0116193399069861,2.0528622135529417e-09,6.422154299676186e-09,6.742277739509313e-09,-14.99999335625205,,40107.620747177585,,8.6386305866763,0.2790864370763302,8.91771702375263,1.1025075169845069,-4.9774307902429107e-05,-1199.9999999999932,1199.9999999999932,4517,1601,3201,1.1951794221460342e-05,0.0001787344654344139,1.1951794221460828e-05,0.0001787344654344114,6.766553417212341e-05,0.00017101792923226203,1.2073842654259017e-05,0.00018146454004819805,7.14230896647905e-11,1.2583365127660784e-08
COMPLETED,,pinn,all,1.05,0.34,False,0.2020995788393004,0.0088548349733682,0.2020995865160167,0.0088548531688182,7.676716290427876e-09,1.819545000086853e-08,1.9748579030852505e-08,-14.99999335625205,,42624.466197390626,,8.041299879550934,0.2604982862249017,8.301798165775836,1.102508066977989,-5.492004329649895e-05,-1199.9999999999932,1199.9999999999932,4517,1601,3201,1.2615064319325326e-05,0.00019125758758030046,1.2615064319323346e-05,0.0001912575875803044,9.552531109540094e-05,0.00019046243571095925,1.2741630335413806e-05,0.00019396183657617873,7.956968417488497e-11,1.4221332556019206e-08
COMPLETED,,pinn,all,1.05,0.345,False,0.2038392058013355,0.0060980138143092,0.2038392038647981,0.006098026341822,1.9365374026580895e-09,1.2527512799689888e-08,1.2676306798838836e-08,-14.99999335625205,,45245.40074514567,,8.01521470118314,0.2599319741129875,8.275146675296128,1.1025083940579135,-5.146565065439083e-05,-1199.9999999999932,1199.9999999999932,4517,1601,3201,1.3220195445813768e-05,0.00020430907051768345,1.3220195445810278e-05,0.00020430907051768678,0.00012148810727322016,0.00021063160815421717,1.3347153506301169e-05,0.00020698816397890187,8.738654244666577e-11,1.601139443252464e-08
COMPLETED,,pinn,all,1.05,0.35,False,0.2055430635370356,0.0033487427887457,0.2055430506373014,0.0033487278550015,1.2899734197491242e-08,1.4933744200019278e-08,1.973372388064489e-08,-14.99999335625205,,47972.775299145185,,10.380229393020272,0.33425995986908674,10.714489352889359,1.102508889128415,-3.450344821610893e-05,-1199.9999999999932,1199.9999999999932,4517,1601,3201,1.3786427011291865e-05,0.00021795071011627897,1.3786427011282402e-05,0.00021795071011628615,0.0001238048382822826,0.00022278560043210402,1.3908547226635889e-05,0.00022059540253905805,9.503298148416661e-11,1.796857562741394e-08
COMPLETED,,pinn,all,1.05,0.355,False,0.207214037919543,0.0006067672856304,0.207212528672761,0.0006069124758361,1.5092467819943778e-06,1.451902057000463e-07,1.5162143795623383e-06,-14.99999335625205,,50808.921147451154,,8.217485843226314,0.2659539943560958,8.48343983758241,1.1025101922966667,9.755136761142693e-07,-1199.9999999999932,1199.9999999999932,4517,1601,3201,1.5870086203919788e-05,0.00023438221104248256,1.5870086203918074e-05,0.00023438221104247613,0.00010212518125420666,0.00022971739748690905,1.6170453095323155e-05,0.00023804036874567832,1.2592982212566994e-10,2.0415971913045894e-08
