final_reference_id,Mach,alpha,is_anchor,cr_reference,ci_reference,cr_pinn,ci_pinn,cr_abs_error,ci_abs_error,complex_spectral_error,p_rel_l2_core20,p_rel_l2_core40,overlap_error_core20,overlap_error_core40,envelope_rel_l2_core40,phase_rmse_core40,kappa_rel_l2_core40,q_rel_l2_core40,alignment_real,alignment_imag,n_core20,n_core40
M1.700000_a0.05000000,1.7,0.05,False,0.3840001105701379,0.0318734709789904,0.3889601528644562,0.0581263042986393,0.00496004229431829,0.0262528333196489,0.026717284234567963,0.24927119898899522,0.3256441562759049,0.031566280350282194,0.042819633483263564,0.13249602986231848,0.27807096917668545,1.8768429910078863,0.38817875232585436,0.8765545667652175,-0.3692545633694585,1601,3201
M1.700000_a0.05500000,1.7,0.055,False,0.3876068789766883,0.0328730981616968,0.39016926288604736,0.05047636851668358,0.0025623839093590894,0.01760327035498678,0.017788786875155338,0.2638083762490784,0.3733586307222565,0.0354248911459385,0.056525423919201456,0.14715788672656996,0.3159736403925158,1.665277960071376,0.35657011081854517,0.8702482940640474,-0.35737894526524794,1601,3201
M1.700000_a0.06000000,1.7,0.06,False,0.3910915486397204,0.0336318199900653,0.39214640855789185,0.04399174079298973,0.0010548599181714469,0.01035992080292443,0.010413485895214486,0.2788254301424984,0.41974081040707467,0.0396581965227949,0.07206087405461159,0.16228099087105607,0.35192466399154215,1.5136091457223098,0.33259641552511726,0.8637682793198372,-0.34449157921412144,1601,3201
M1.700000_a0.06500000,1.7,0.065,False,0.3944539587741758,0.0341765236862786,0.39471712708473206,0.03870304673910141,0.0002631683105562832,0.004526523052822813,0.0045341667930742695,0.2939407788776601,0.46377445217602153,0.04417636641857692,0.08896590779908631,0.17776626018896036,0.38505016767386047,1.4033398735066882,0.31410554606537733,0.8572010924958138,-0.33068089193968025,1601,3201
M1.700000_a0.07000000,1.7,0.07,True,0.3976958604626479,0.0345304998550194,0.39770597219467163,0.0345386303961277,1.011173202375426e-05,8.130541108299083e-06,1.2975084710087974e-05,0.30889603805471477,0.5048932762829557,0.04890419111737221,0.10680969158228559,0.19351769116142303,0.4149156208557798,1.3222723610757514,0.29956262391649574,0.8506063627540459,-0.31603034897062654,1601,3201
M1.700000_a0.07500000,1.7,0.075,False,0.4008202608716605,0.0347139445851855,0.4009411931037903,0.031375765800476074,0.00012093223212977788,0.0033381787847094266,0.0033403685729949013,0.3235275796291686,0.5428126671137552,0.053781259317227215,0.12520083824673323,0.2094386538406194,0.4413598661600018,1.2620790445055772,0.2878730601583744,0.8440193677526184,-0.3006220886810437,1601,3201
M1.700000_a0.08000000,1.7,0.08,False,0.4038309634965792,0.0347444091807322,0.4042629301548004,0.02907479926943779,0.0004319666582212056,0.005669609911294407,0.00568604183418154,0.3377437500331352,0.5774380274374907,0.058761900838286696,0.1437955482014306,0.2254290607449783,0.4644106440640774,1.2169188777037634,0.2782635972606306,0.83745157375749,-0.2845398091023727,1601,3201
M1.700000_a0.08500000,1.7,0.085,False,0.4067322472926893,0.0346371917969951,0.40753743052482605,0.027500413358211517,0.0008051832321367414,0.007136778438783582,0.007182055870125238,0.35150540194644564,0.6088066058616076,0.06381414644181493,0.16230109558913763,0.24138291076449572,0.4842353993797807,1.182605492331803,0.27019767030388075,0.8308933518337819,-0.26787342630278876,1601,3201
M1.700000_a0.09000000,1.7,0.09,False,0.4095286433248272,0.0344056712495281,0.4106675684452057,0.02653338573873043,0.0011389251203784978,0.007872285510797668,0.007954246010361012,0.3648117227973721,0.6370461841686711,0.06891868942094359,0.18047573525065574,0.25718571723105976,0.5011095850701032,1.1560898604441383,0.2633137913902007,0.8243152720890816,-0.25072491587009543,1601,3201
M1.700000_a0.09500000,1.7,0.095,False,0.4122247805750896,0.0340615906188966,0.41359418630599976,0.026074886322021484,0.001369405730910156,0.007986704296875119,0.008103253518283447,0.377684355138735,0.6623359778503627,0.074065592018831,0.19811988165708883,0.2727125448981355,0.5153844663453881,1.1351154610022658,0.2573776160266737,0.8176713484638112,-0.23321679199930095,1601,3201
M1.700000_a0.10000000,1.7,0.1,False,0.4148252797640019,0.0336152959532578,0.41628995537757874,0.02604522369801998,0.0014646756135768269,0.007570072255237821,0.007710464875902625,0.39015275408927363,0.6848683559585319,0.07924985556528163,0.21506029739856736,0.2878262013189458,0.5274516965655078,1.1179892399082079,0.2522441600937793,0.8109041343488002,-0.21550319202315174,1601,3201
M1.700000_a0.10500000,1.7,0.105,False,0.4173346821643851,0.0330759368401351,0.41874995827674866,0.026379048824310303,0.0014152761123635837,0.006696888015824798,0.006844802084116442,0.4022344362461277,0.7048049414643713,0.0844632949478431,0.23112346637869896,0.3023769333971387,0.5376934286087549,1.103421311334587,0.24782458224309087,0.8039525606357986,-0.19778149526420016,1601,3201
M1.700000_a0.11000000,1.7,0.11,False,0.4197574022504138,0.0324516348625227,0.42098405957221985,0.027018597349524498,0.0012266573218060461,0.005433037512998201,0.0055697921687246155,0.41391093326927536,0.7222272657898647,0.08968261616062878,0.24609868874423146,0.3162042542682261,0.5464143146370536,1.090422989672251,0.24405566181483482,0.7967639966896826,-0.18030762918663948,1601,3201
M1.700000_a0.11500000,1.7,0.115,False,0.4220976974978769,0.0317496256303763,0.4230114817619324,0.02790578454732895,0.0009137842640554728,0.0038438410830473543,0.00395096392706363,0.4250984651809415,0.7370851224849443,0.0948528877023318,0.25969445381776235,0.3291427607955461,0.5537541473710332,1.0782493321579896,0.24086922905477165,0.7893116314365033,-0.1634087785711902,1601,3201
M1.700000_a0.12000000,1.7,0.12,False,0.4243596505971577,0.0309763785020722,0.42485806345939636,0.028974028304219246,0.000498412862238673,0.0020023501978529527,0.002063448980732673,0.43561337182023824,0.7491481437996217,0.09986612646151172,0.27149433378045096,0.34103387799373236,0.5595836890117052,1.0663818708880364,0.23816044073422696,0.7816169894152485,-0.1474915381678059,1601,3201
M1.700000_a0.12500000,1.7,0.125,True,0.4265471598376808,0.0301376975396052,0.42655500769615173,0.03014061227440834,7.84785847091074e-06,2.9147348031416387e-06,8.371652259386471e-06,0.44513915388433334,0.7579762672016113,0.10453859174214541,0.2809293381782053,0.3517451011726829,0.563402430081194,1.0545533616070473,0.23575747905130479,0.7737738718709921,-0.13303837828609516,1601,3201
M1.700000_a0.13000000,1.7,0.13,False,0.4286639360949106,0.029238807814941,0.4281381368637085,0.031301211565732956,0.0005257992312021065,0.0020624037507919572,0.002128373572193909,0.45320774324415586,0.7629326669886521,0.10859507435535232,0.2872934688730764,0.36119713444678503,0.5642769680304067,1.0427949848036986,0.23339652190889942,0.7658253467108921,-0.12055770044003347,1601,3201
M1.700000_a0.13500000,1.7,0.135,False,0.4307135025933534,0.0282844270120357,0.4296468496322632,0.03232858330011368,0.0010666529610902087,0.004044156288077978,0.004182457246858976,0.45921042578949706,0.7632593725337944,0.11167247884227527,0.2898257877724745,0.3693963291536887,0.560866983033546,1.0314818162932116,0.23071150468291393,0.7579679026352483,-0.1105627815954294,1601,3201
M1.700000_a0.14000000,1.7,0.14,False,0.4326991990780491,0.0272788284589627,0.43112272024154663,0.033077534288167953,0.0015764788365024707,0.005798705829205254,0.006009182541377753,0.4624627800494883,0.7582326593526241,0.11336130409907186,0.28787378411970144,0.3764651532936371,0.5516016133608015,1.0213126210477244,0.2272495351852039,0.7507270110455609,-0.10349355633265529,1601,3201
M1.700000_a0.14500000,1.7,0.145,False,0.4346241871849611,0.0262258940125742,0.43260765075683594,0.03339731693267822,0.0020165364281251597,0.007171422920104021,0.0074495453461905356,0.46233055718702615,0.7473757739018001,0.11329235038196828,0.28110336491214494,0.3826582520426121,0.535020001554168,1.013163856841669,0.22252077404760764,0.7444488117721705,-0.09952160563679883,1601,3201
M1.700000_a0.15000000,1.7,0.15,False,0.4364914566474787,0.0251291595710998,0.4341418743133545,0.033150989562273026,0.0023495823341241895,0.008021829991173225,0.008358845228386197,0.45840391787991064,0.7306747671465355,0.11125602782784083,0.2696817159333599,0.3883495303864707,0.5102226129593461,1.0078008567088514,0.2160811531015091,0.7393960040900709,-0.09845768817517321,1601,3201
M1.700000_a0.15500000,1.7,0.155,False,0.4383038326670098,0.0239918542277745,0.4357620179653168,0.03223968297243118,0.0025418147016930126,0.008247828744656682,0.008630614171594496,0.4506679660407017,0.7087133257746189,0.10730834865294259,0.25434225364246577,0.3939799338786163,0.4772759857664469,1.0055478948187737,0.2076284459582072,0.7356760782228726,-0.09968559370483196,1601,3201
M1.700000_a0.16000000,1.7,0.16,False,0.4400639840039697,0.0228169341517216,0.43749919533729553,0.030627742409706116,0.002564788666674145,0.007810808257984515,0.008221123192587448,0.4395944767522772,0.6826560501237262,0.1018036428436756,0.23628479454185636,0.399972073418223,0.43736614564233656,1.0061052041071594,0.19707784181936408,0.7332280686626925,-0.10221218149153118,1601,3201
M1.700000_a0.16500000,1.7,0.165,False,0.4417744301561991,0.0216071120197366,0.43937617540359497,0.02836311236023903,0.0023982547526041342,0.00675600034050243,0.007169042227470645,0.42610404331283874,0.6540818658353134,0.0953258353017642,0.21695136566431406,0.4066401377364569,0.3925995248261068,1.0086537473219073,0.18458422023104112,0.7318633916127205,-0.10483839720600399,1601,3201
M1.700000_a0.17000000,1.7,0.17,False,0.4434375499103153,0.0203648828704671,0.4414033889770508,0.025584958493709564,0.0020341609332645283,0.005220075623242466,0.00560241021479058,0.4114029413530105,0.6247338624286926,0.08854642474446839,0.19776703856652,0.41413352465358555,0.3455208943144955,1.012180915346513,0.17050191329563305,0.7313332511231802,-0.10639848352497112,1601,3201
M1.700000_a0.17500000,1.7,0.175,False,0.4450555880576098,0.0190925449656912,0.44357290863990784,0.022509567439556122,0.0014826794177019709,0.0034170224738649217,0.0037248329952596537,0.39675906289749463,0.5962799139212751,0.0820772113033138,0.17993234690926774,0.42243562056033224,0.29856279381364964,1.0158186301893082,0.1553019086193496,0.73138295585346,-0.10597122007833672,1601,3201
M1.700000_a0.18000000,1.7,0.18,False,0.4466306636295581,0.017792221109122,0.44585171341896057,0.019391106441617012,0.0007789502105975399,0.001598885332495012,0.0017785380898529097,0.3833029137168861,0.5701511604274396,0.07637730845537083,0.16431405342825856,0.43140789844960853,0.25364838985004445,1.0190176987878068,0.13948324208643045,0.7317755891016371,-0.10298608284044013,1601,3201
M1.700000_a0.18500000,1.7,0.185,True,0.4481647764917723,0.0164658740674279,0.4481763541698456,0.016466224566102028,1.1577678073304565e-05,3.504986741294236e-07,1.1582982296871726e-05,0.37190530414339495,0.5474596003759363,0.07172932570827684,0.151428223325222,0.4408501143134861,0.21203331386542307,1.021540468002664,0.1235080801426177,0.7322971519588618,-0.09721453250411774,1601,3201
M1.700000_a0.19000000,1.7,0.19,False,0.4496598147311717,0.015115322697238,0.4504535496234894,0.01390416081994772,0.0007937348923176546,0.0012111618772902809,0.0014480774054876472,0.3631357268509527,0.5289651382563564,0.06826374768154986,0.14148437228396715,0.45055176610591263,0.17434401268445143,1.0233534231330055,0.1077723124216772,0.732753135198277,-0.08869031963117709,1601,3201
M1.700000_a0.19500000,1.7,0.195,False,0.4511175608667579,0.0137422547294503,0.45256948471069336,0.011784340254962444,0.0014519238439354432,0.001957914474487855,0.002437521679492785,0.35728097532110215,0.5150716527699416,0.06600304889491149,0.13445865317810335,0.4603245199878894,0.140725799184967,1.0245131581507967,0.09260977502797134,0.7329731828149922,-0.07760645413130657,1601,3201
M1.700000_a0.20000000,1.7,0.2,False,0.452539697415948,0.0123482379413871,0.45440930128097534,0.010106176137924194,0.001869603865027325,0.0022420618034629056,0.0029192909657436428,0.35439365933606515,0.5058442318390362,0.0649036765004406,0.13016883021209746,0.4700169378918275,0.11102013903141844,1.0250874800534637,0.0783234559187675,0.7328059863421942,-0.06422624625180642,1601,3201
M1.700000_a0.20500000,1.7,0.205,False,0.4539278147332475,0.0109347319530853,0.45588263869285583,0.008818323723971844,0.0019548239596083317,0.002116408229113456,0.002881062391778066,0.3543514135329628,0.5010533028563365,0.06488766678693036,0.12833824521200077,0.47951745861360345,0.0849563862319853,1.0251208639704477,0.0652416028240692,0.7321243854384105,-0.048823840875283755,1601,3201
M1.700000_a0.21000000,1.7,0.21,False,0.4552834131668948,0.0095030958822338,0.45694494247436523,0.007849021814763546,0.001661529307470433,0.0016540740674702535,0.0023444915568755554,0.35691568433290716,0.5002471270075863,0.06586339635084859,0.1286453200316905,0.4887510155070168,0.06244289410472221,1.024628482784108,0.05380535280125442,0.7308177275846917,-0.03164810927650571,1601,3201
M1.700000_a0.21500000,1.7,0.215,False,0.4566079133063973,0.0080545975156262,0.4576053023338318,0.007126885000616312,0.0009973890274345143,0.0009277125150098878,0.0013621436717735534,0.36178540338811555,0.5028435280688172,0.06773859787326941,0.1307601083284362,0.49767296870600636,0.044305673350348906,1.023605080056813,0.04468650297756852,0.7287890135478877,-0.012908284591767086,1601,3201
M1.700000_a0.22000000,1.7,0.22,True,0.4579026542666269,0.006590418920113,0.457917720079422,0.006590735167264938,1.5065812795089784e-05,3.1624715193800945e-07,1.5069131608616335e-05,0.36864174380267045,0.5082240281753825,0.07042845099146511,0.13437092833507192,0.5062625539421526,0.03424800808883666,1.022038382122841,0.03883628481275127,0.7259452898938724,0.007229224455061084,1601,3201
M1.700000_a0.22500000,1.7,0.225,False,0.4591689061072109,0.0051116684727593,0.4579622149467468,0.006192140746861696,0.0012066911604640684,0.001080472274102396,0.0016197295736776935,0.37718272854406965,0.5158149953885461,0.07386113930574689,0.13920408668262263,0.5145170518972764,0.038185667822520905,1.019920574221451,0.037123739621310645,0.7221885352020001,0.028636212622702256,1601,3201
M1.700000_a0.23000000,1.7,0.23,False,0.460407864505971,0.0036193799030056,0.4578248858451843,0.005894535221159458,0.002582978660786661,0.0022751553181538584,0.003442108435799639,0.387146997502866,0.5251458839822761,0.07798199457683241,0.1450382543230211,0.5224469254345083,0.05395641642903251,1.0172563042390306,0.0395013779939846,0.7174051942670405,0.05121411458155615,1601,3201
M1.700000_a0.23500000,1.7,0.235,False,0.4616206622806005,0.0021145234432839,0.4575832486152649,0.005671168211847544,0.00403741366533561,0.0035566447685636436,0.005380560483331625,0.39832769841021626,0.535882991293177,0.08275682358535874,0.15171462199576058,0.5300723298906408,0.07610098041686425,1.0140668211979522,0.04487946378206714,0.7114506811733781,0.0748817108215348,1601,3201
M1.700000_a0.24000000,1.7,0.24,False,0.4628080238673403,0.0005983786311341,0.45729804039001465,0.005502919666469097,0.005509983477325675,0.004904541035334997,0.007376614446186464,0.410576659936748,0.5478408397617955,0.08817391662928131,0.15914257866260462,0.5374201078666172,0.10262592808895889,1.010391278715296,0.0520081752725418,0.7041012584023442,0.09955497220402842,1601,3201
