Mach,alpha,cr,ci,omega_i,residual_norm
1.0,0.05,-2.1381009935921505e-07,0.0025771484770576,0.0001288574238528,5.991391589085264e-11
1.0,0.055,-1.963662682691355e-07,0.0031382028597574,0.0001726011572866,8.451015664533825e-12
1.0,0.06,-5.2656520336501e-08,0.0037616026999093,0.0002256961619945,1.5563677929210545e-12
1.0,0.065,5.318523598496773e-08,0.0044499855836279,0.0002892490629358,2.481842215517575e-12
1.0,0.07,2.448412287104524e-08,0.0052061575793201,0.0003644310305524,7.350451494504428e-12
1.0,0.075,-9.544762484683384e-09,0.0060334923763868,0.000452511928229,5.999854428294575e-11
1.0,0.08,-9.711206350131143e-09,0.0069360107429715,0.0005548808594377,1.0902922807405409e-11
1.0,0.085,-3.258289311069424e-09,0.0079182452555799,0.0006730508467242,1.6572616475014307e-11
1.0,0.09,1.4646562006685288e-10,0.0089853661922371,0.0008086829573013,3.5123839076440813e-12
1.0,0.095,8.092975981496505e-10,0.0101433175874361,0.0009636151708064,5.721895031739986e-12
1.0,0.1,5.334085810194177e-10,0.0113989626576282,0.0011398962657628,3.924747755713501e-12
1.0,0.105,2.340442123779967e-10,0.012760261732706,0.0013398274819341,2.6984004860318984e-12
1.0,0.11,4.635943253909663e-11,0.0142365019789538,0.0015660152176849,1.0020495313857886e-11
1.0,0.115,-1.3681579423593154e-11,0.0158385965300184,0.0018214386009521,2.2907875654115328e-12
1.0,0.12,-4.034584077683783e-11,0.0175794785598835,0.002109537427186,4.361576371316479e-12
1.0,0.125,-2.4879102619033463e-11,0.0194746295545811,0.0024343286943226,1.1154318453945023e-11
1.0,0.13,-5.1686894434190026e-11,0.0215428006593863,0.0028005640857202,4.720442890700721e-12
1.0,0.135,4.486303830662882e-11,0.0238070220816896,0.0032139479810281,9.22129494124252e-12
1.0,0.14,-1.3824653512991852e-11,0.026296053046404,0.0036814474264965,4.552757349613427e-12
1.0,0.145,-5.6069094750228085e-11,0.0290465325718309,0.0042117472229154,7.743189015978955e-12
1.0,0.15,-8.405645788231906e-11,0.0321062949597958,0.0048159442439693,5.797247790669094e-12
1.0,0.155,-1.1093810174199796e-10,0.0355397248680497,0.0055086573545477,5.010930994860127e-12
1.0,0.16,-8.877935056053396e-11,0.0394369303198964,0.0063099088511834,7.988446252239749e-13
1.0,0.165,-1.5719701197920907e-10,0.0439306948164425,0.007248564644713,3.0300697586392844e-12
1.0,0.17,-2.0811513141572367e-10,0.0492311866975815,0.0083693017385888,1.7488282028394386e-11
1.0,0.175,-7.090404905498365e-11,0.0557083229229324,0.0097489565115131,1.1578643529410288e-10
1.0,0.18,-4.0809311066342696e-10,0.0641392460321991,0.0115450642857958,3.416905445485184e-12
1.0,0.185,-5.547851828880535e-10,0.0769056941994695,0.0142275534269018,6.078031508081249e-12
1.0,0.19,0.0191129885284331,0.1010233002787392,0.0191944270529604,2.675991931448228e-09
1.0,0.195,0.0382070565534107,0.0978340054927779,0.0190776310710917,1.2640802453738308e-10
1.0,0.2,0.050369431044004,0.0946633168869308,0.0189326633773861,2.970688867171385e-10
1.0,0.205,0.059979811826426,0.0915107939103272,0.018759712751617,7.871738145851432e-14
1.0,0.21,0.068129548844677,0.0883759719063646,0.0185589541003365,8.754632250591985e-16
1.0,0.215,0.0752967720188064,0.0852583958304331,0.0183305551035431,1.0694003932003861e-15
1.0,0.22,0.0817424379261732,0.082157624353902,0.0180746773578584,1.5193859583637366e-10
1.0,0.225,0.0876278286687524,0.0790732279991764,0.0177914762998146,5.2266074754247135e-11
1.0,0.23,0.0930610599734061,0.0760047899975906,0.0174811016994458,2.10852050946776e-11
1.0,0.235,0.0981188972948216,0.0729519045736324,0.0171436975748036,9.56490634109472e-12
1.0,0.24,0.1028582442907003,0.0699141772819918,0.016779402547678,4.748384317733981e-12
1.0,0.245,0.1073227166314896,0.0668912242537501,0.0163883499421687,2.532547800755604e-12
1.0,0.25,0.111546652099929,0.0638826719697617,0.0159706679924404,1.4336345447168554e-12
1.0,0.255,0.1155576834965087,0.0608881568885657,0.0155264800065842,8.574171269587102e-13
1.0,0.26,0.1193784584953749,0.0579073250083236,0.0150559045021641,5.410778251628773e-13
1.0,0.265,0.1230278287323319,0.0549398320238557,0.0145590554863217,3.632567263539199e-13
1.0,0.27,0.1265216952031328,0.051985341826045,0.0140360422930321,3.293907644392459e-13
1.0,0.275,0.1298736305102899,0.0490435280560056,0.0134869702154015,3.857238896699837e-13
1.0,0.28,0.1330953299345456,0.0461140721276878,0.0129119401957525,5.471943408622458e-13
1.0,0.285,0.1361969665986558,0.0431966635770222,0.0123110491194513,8.689975824063213e-13
1.0,0.29,0.1391874590368678,0.040290999984792,0.0116843899955896,1.4657637443694257e-12
1.0,0.295,0.1420746815122738,0.0373967867420934,0.0110320520889175,2.525448998704468e-12
1.0,0.3,0.1448656309735745,0.0345137362903051,0.0103541208870915,4.506013263002472e-12
1.0,0.305,0.1475665612791113,0.0316415687502149,0.0096506784688155,8.325677808192933e-12
1.0,0.31,0.1501830911082068,0.0287800107969297,0.0089218033470482,1.6052319285014127e-11
1.0,0.315,0.1527202937243574,0.0259287963122211,0.0081675708383496,3.246287779574924e-11
1.0,0.32,0.1551827691540694,0.0230876654706422,0.0073880529506055,6.984322839717852e-11
1.0,0.325,0.1575747050177987,0.0202563643575863,0.0065833184162155,1.6201179541229163e-10
1.0,0.33,0.1598999343016857,0.0174346473149311,0.0057534336139272,4.7968250462257877e-14
1.0,0.335,0.1621619650587023,0.0146222731676132,0.0048984615111504,2.7202670973692526e-14
1.0,0.34,0.1643640295114108,0.0118190064873413,0.004018462205696,2.5345926992890992e-14
1.0,0.345,0.1665091101224234,0.0090246176943539,0.0031134931045521,1.8877601000123085e-13
1.0,0.35,0.1685999676593348,0.0062388836682454,0.0021836092838859,2.490449375262248e-12
1.0,0.355,0.1706391613231045,0.0034615899609482,0.0012288644361366,6.526712171309388e-10
1.0,0.36,0.1726277897845503,0.0006922200572213,0.0002491992205996,2.0409885189527007e-11
1.05,0.05,3.9623304327421566e-10,0.0216720758392142,0.0010836037919607,1.1523976692166596e-12
1.05,0.055,4.874110988424948e-10,0.0242070753369968,0.0013313891435348,7.92007514601098e-13
1.05,0.06,4.818920439745717e-10,0.026850382922755,0.0016110229753653,3.4976151177404426e-12
1.05,0.065,5.69640621572975e-10,0.0296177538519902,0.0019251540003793,1.978383743921245e-12
1.05,0.07,4.743779014405197e-10,0.0325278215395402,0.0022769475077678,4.148321732601729e-13
1.05,0.075,3.8536165476661847e-10,0.0356029301043054,0.0026702197578229,8.955367278271904e-13
1.05,0.08,3.0085735893864327e-10,0.03887030128094,0.0031096241024752,1.173419578801942e-12
1.05,0.085,2.2233667796181407e-10,0.0423637176862112,0.0036009160033279,6.10986532475651e-13
1.05,0.09,1.56395609562825e-10,0.0461260301076705,0.0041513427096903,1.2773650702232152e-12
1.05,0.095,4.0200318217775485e-10,0.0502130418038415,0.0047702389713649,1.0830664129354712e-10
1.05,0.1,3.017815208068885e-10,0.0546998175409827,0.0054699817540982,2.5425350903394127e-12
1.05,0.105,1.861849458323276e-10,0.0596915838649033,0.0062676163058148,2.7378018364255588e-12
1.05,0.11,1.3408725151546628e-10,0.0653440616983339,0.0071878467868167,2.2886385828129816e-12
1.05,0.115,1.2100138419185254e-10,0.0719056899252925,0.0082691543414086,1.1678395965249008e-11
1.05,0.12,6.803041450145497e-10,0.0798199008171065,0.0095783880980527,1.88979532809243e-10
1.05,0.125,1.9696640297120387e-10,0.0900435605323562,0.0112554450665445,1.5381661708409282e-11
1.05,0.13,5.561380768025613e-10,0.1057320985786008,0.0137451728152181,5.4475954118759115e-11
1.05,0.135,0.0246424871987254,0.1304782261154136,0.0176145605255808,1.4678518270929626e-14
1.05,0.14,0.0443825798422026,0.1272560731093161,0.0178158502353042,3.891523945165033e-12
1.05,0.145,0.0574927471084788,0.1240499420403578,0.0179872415958518,1.2864651137025452e-10
1.05,0.15,0.0679330273204825,0.1208595246198709,0.0181289286929806,7.361062707117837e-14
1.05,0.155,0.0768053285639184,0.1176845235712699,0.0182411011535468,1.158545953552156e-15
1.05,0.16,0.0846089596558761,0.1145246495812782,0.0183239439330045,5.7215822177396e-10
1.05,0.165,0.0916214499019698,0.1113796189415974,0.0183776371253635,1.6652898264474467e-10
1.05,0.17,0.0980164090081825,0.1082491587696718,0.0184023569908442,6.007661226145289e-11
1.05,0.175,0.1039112225827462,0.1051330012128099,0.0183982752122417,2.5191201269123795e-11
1.05,0.18,0.1093898015648453,0.1020308850845139,0.0183655593152125,1.1807160777364702e-11
1.05,0.185,0.1145146832193396,0.0989425552723295,0.0183043727253809,6.029041615441304e-12
1.05,0.19,0.1193340156875175,0.0958677623501994,0.0182148748465378,3.2957241472405388e-12
1.05,0.195,0.123885847670916,0.0928062622620242,0.0180972211410947,1.9074423847221853e-12
1.05,0.2,0.1282008959116724,0.0897578157381898,0.0179515631476379,1.1544543713576018e-12
1.05,0.205,0.1323044050267023,0.08672218899306,0.0177780487435773,7.236701725638031e-13
1.05,0.21,0.1362174367641526,0.0836991521051234,0.0175768219420759,4.778707965211702e-13
1.05,0.215,0.1399577929819498,0.0806884797267323,0.0173480231412474,3.19074125918836e-13
1.05,0.22,0.1435406899321354,0.0776899506702274,0.01709178914745,2.217312417429293e-13
1.05,0.225,0.1469792621771554,0.0747033476696535,0.016808253225672,1.5916337523927906e-13
1.05,0.23,0.1502849463910669,0.0717284575596431,0.0164975452387179,1.1701170714736906e-13
1.05,0.235,0.1534677774511452,0.0687650704883522,0.0161597915647627,9.106204919213713e-14
1.05,0.24,0.1565366214422875,0.0658129804207034,0.0157951153009688,7.488228055869435e-14
1.05,0.245,0.1594993604264298,0.0628719847849637,0.0154036362723161,6.688654377621423e-14
1.05,0.25,0.1623630410048334,0.0599418843900432,0.0149854710975108,7.637624476146309e-14
1.05,0.255,0.1651339951439308,0.0570224832728613,0.0145407332345796,1.0307435252516498e-13
1.05,0.26,0.1678179387392793,0.0541135887170267,0.0140695330664269,1.4836016587144154e-13
1.05,0.265,0.1704200556118148,0.0512150114879134,0.013571978044297,2.357013176263528e-13
1.05,0.27,0.1729450620904541,0.0483265652104133,0.0130481726068116,3.657026431389554e-13
1.05,0.275,0.1753972671823849,0.0454480664815938,0.0124982182824383,6.100920573891355e-13
1.05,0.28,0.1777806205260977,0.0425793352053555,0.0119222138574995,9.99672310307603e-13
1.05,0.285,0.1800987533442254,0.0397201940322222,0.0113202552991833,1.681361694318014e-12
1.05,0.29,0.1823550141389138,0.0368704687375015,0.0106924359338754,2.892170654651401e-12
1.05,0.295,0.184552498864206,0.0340299881358211,0.0100388465000672,5.131143515814001e-12
1.05,0.3,0.1866940773048012,0.0311985836818802,0.009359575104564,9.395862163624276e-12
1.05,0.305,0.1887824160524999,0.0283760898874536,0.0086547074156733,1.7914024166293546e-11
1.05,0.31,0.1908199984534699,0.0255623444256405,0.0079243267719485,3.590858163437617e-11
1.05,0.315,0.1928091417506186,0.0227571871880615,0.0071685139642393,7.651800775738985e-11
1.05,0.32,0.1947520134031705,0.0199604617242692,0.0063873477517661,1.7605081679819047e-10
1.05,0.325,0.1966506428787071,0.0171720129635716,0.0055809042131607,1.8734977525928848e-14
1.05,0.33,0.198506936805944,0.0143916908889867,0.0047492579933656,1.7500325224229487e-14
1.05,0.335,0.2003226862203569,0.0116193463291404,0.003892481020262,1.3215175614805154e-14
1.05,0.34,0.2020995788393004,0.0088548349733682,0.0030106438909452,5.1607780869614175e-14
1.05,0.345,0.2038392058013355,0.0060980138143092,0.0021038147659367,2.895768056222787e-12
1.05,0.35,0.2055430635370356,0.0033487427887457,0.001172059976061,8.04947810233612e-10
1.05,0.355,0.207214037919543,0.0006067672856304,0.0002154023863988,1.580539900469916e-11
1.1,0.09,1.812993186489701e-09,0.1849919122211095,0.0166492720998998,1.5096746018751327e-09
1.1,0.095,0.0185431702825212,0.1439719750936911,0.0136773376339006,5.895369412795194e-12
1.1,0.1,0.0456244875305594,0.1408594531338783,0.0140859453133878,1.5584876838092769e-12
1.1,0.105,0.0614720572586166,0.1377614529920954,0.01446495256417,8.055034497148186e-15
1.1,0.11,0.0737351788015254,0.1346775747592678,0.0148145332235194,1.024407610949529e-09
1.1,0.115,0.0840064838857459,0.1316074319054831,0.0151348546691305,2.8566149187488116e-10
1.1,0.12,0.0929554600078068,0.1285506661833083,0.015426079941997,1.0108875232655303e-10
1.1,0.125,0.1009404428915874,0.1255069324594236,0.0156883665574279,4.2028250845898805e-11
1.1,0.13,0.1081805050618824,0.122475903263755,0.0159218674242881,1.9621081779773208e-11
1.1,0.135,0.114821536307718,0.1194572670812644,0.0161267310559707,9.995122488817944e-12
1.1,0.14,0.1209667013989745,0.1164507274034491,0.0163031018364828,5.4491928999439074e-12
1.1,0.145,0.1266922780688296,0.1134560016881082,0.0164511202447757,3.1371270645373506e-12
1.1,0.15,0.1320566414058153,0.1104728205019271,0.016570923075289,1.8871718756862826e-12
1.1,0.155,0.1371057085051619,0.1075009266966481,0.0166626436379804,1.179435810465444e-12
1.1,0.16,0.1418764142379207,0.1045400746294168,0.0167264119407066,7.614472527316583e-13
1.1,0.165,0.1463990255732808,0.1015900294887648,0.0167623548656462,5.043180415326808e-13
1.1,0.17,0.1506987370978195,0.0986505663220147,0.0167705962747425,3.4330497438141133e-13
1.1,0.175,0.1547968043623869,0.0957214701503959,0.0167512572763192,2.398537172560877e-13
1.1,0.18,0.1587113678144348,0.0928025345122517,0.0167044562122053,5.6481799869855634e-14
1.1,0.185,0.1624580667905106,0.0898935613408621,0.0166303088480594,7.2247848630775895e-16
1.1,0.1875,0.1642727872469405,0.0884427509439601,0.0165830158019925,1.7258551617797053e-12
1.1,0.19,0.1660505044719185,0.0869943604140983,0.0165289284786786,9.086308689299251e-16
1.1,0.195,0.1695006064537406,0.0841047488496381,0.0164004260256794,3.575074705432927e-14
1.1,0.2,0.172818900945195,0.0812245506598016,0.0162449101319603,7.675943142950832e-14
1.1,0.205,0.176014741248715,0.0783535962323096,0.0160624872276234,7.441219385342644e-14
1.1,0.21,0.1790964847299399,0.0754917222519709,0.0158532616729139,8.87414682901162e-14
1.1,0.215,0.1820716357575376,0.0726387709774911,0.0156173357601605,4.696592430855946e-14
1.1,0.22,0.1849469655531981,0.0697945900466464,0.0153548098102622,3.8703179844554905e-14
1.1,0.225,0.1877286098412757,0.0669590322340125,0.0150657822526528,3.503488692441572e-14
1.1,0.23,0.1904221496469428,0.0641319550045144,0.0147503496510383,4.7785209423109007e-14
1.1,0.235,0.1930326802611433,0.0613132204151196,0.0144086067975531,4.2466870302529814e-14
1.1,0.24,0.1955648684042731,0.0585026948235119,0.0140406467576428,5.817029181715209e-14
1.1,0.245,0.1980230022868483,0.0557002486180792,0.0136465609114294,8.8160615163461e-14
1.1,0.25,0.200411032708281,0.0529057559191424,0.0132264389797856,1.314760385077784e-13
1.1,0.255,0.2027326097584077,0.0501190946120559,0.0127803691260742,2.083775797068479e-13
1.1,0.26,0.2049911138976746,0.0473401459935351,0.0123084379583191,3.339328102649632e-13
1.1,0.265,0.2071896831590645,0.0445687947481188,0.0118107306082514,5.437049076368516e-13
1.1,0.27,0.2093312368277515,0.0418049284949206,0.0112873306936285,8.92510623892733e-13
1.1,0.275,0.2114184963433446,0.0390484380561166,0.010738320465432,1.475045642553908e-12
1.1,0.28,0.2134540034479028,0.0362992172070976,0.0101637808179873,2.5219402730867997e-12
1.1,0.285,0.2154401364406462,0.0335571621878426,0.0095637912235351,4.41898943562347e-12
1.1,0.29,0.2173791244470361,0.0308221720963001,0.008938429907927,8.000821987817052e-12
1.1,0.295,0.2192730602272913,0.0280941487707899,0.008287773887383,1.5070540767644702e-11
1.1,0.3,0.2211239117409991,0.0253729963228432,0.0076118988968529,2.977021322489805e-11
1.1,0.305,0.222933531423503,0.0226586211744938,0.0069108794582206,6.237342039800839e-11
1.1,0.31,0.2247036667495888,0.0199509324746749,0.0061847890671492,1.4056330422070246e-10
1.1,0.315,0.2264359667445679,0.0172498403916324,0.0054336997233642,1.7057538370547736e-14
1.1,0.32,0.2281319917527765,0.0145552597941017,0.0046576831341125,3.7881109794647005e-14
1.1,0.325,0.2297932172060339,0.0118671046042683,0.0038568089963872,1.858291786191104e-14
1.1,0.33,0.2314210424037635,0.0091852939187754,0.0030311469931959,9.561274521840165e-14
1.1,0.335,0.2330167931103344,0.0065097464852899,0.0021807650725721,1.0661078234230316e-12
1.1,0.34,0.2345817288351911,0.0038403842641137,0.0013057306497986,1.8536081845037075e-10
1.1,0.345,0.2361168831795016,0.0011771278177396,0.0004061090971201,8.124561207589337e-12
1.15,0.06,-2.549736936302885e-09,0.1998472244836177,0.011990833469017,9.536208903643116e-09
1.15,0.065,-2.7143269989556902e-09,0.1599190568707925,0.0103947386966015,1.4619077359992105e-11
1.15,0.07,0.0452428893063274,0.1450959349017018,0.0101567154431191,1.2699612239899806e-11
1.15,0.075,0.0646325378753453,0.1421829713450822,0.0106637228508811,3.7089625732086965e-14
1.15,0.08,0.0790689509372673,0.1392808657517153,0.0111424692601372,1.6169183814995147e-09
1.15,0.085,0.090953586929427,0.1363892725254269,0.0115930881646612,4.3942138506862144e-10
1.15,0.09,0.1011993184208567,0.1335078749432744,0.0120157087448947,1.5477097319711175e-10
1.15,0.095,0.1102724452969259,0.1306363663726639,0.012410454805403,6.467316276370996e-11
1.15,0.1,0.118450325820652,0.1277744569464649,0.0127774456946464,3.0481981270223544e-11
1.15,0.105,0.1259143515352406,0.124921872190643,0.0131167965800175,1.5701634506373696e-11
1.15,0.11,0.132791163489221,0.1220783521564731,0.013428618737212,8.656951219429461e-12
1.15,0.115,0.1391735170370881,0.1192436508743323,0.0137130198505482,5.0340882213792655e-12
1.15,0.12,0.1451318869386702,0.1164175356042111,0.0139701042725053,3.056081004771008e-12
1.15,0.125,0.1507213948393332,0.1135997862286294,0.0141999732785786,1.921701704220586e-12
1.15,0.13,0.1559861792264185,0.1107901946633786,0.0144027253062392,1.2446339192605994e-12
1.15,0.135,0.1609622771307044,0.1079885641008672,0.014578456153617,8.25316471012303e-13
1.15,0.14,0.1656795952978949,0.1051947086301248,0.0147272592082174,5.577729610398204e-13
1.15,0.145,0.1701633002107831,0.1024084525397898,0.0148492256182695,3.8791830083165473e-13
1.15,0.15,0.1744348245057917,0.0996296300519795,0.0149444445077969,2.671790881218127e-13
1.15,0.155,0.1785126112675655,0.0968580842660088,0.0150130030612313,1.9567506204015466e-13
1.15,0.16,0.182412678439002,0.0940936670254569,0.0150549867240731,1.4149581340477096e-13
1.15,0.165,0.186149047302406,0.0913362385162638,0.0150704793551835,1.0468122633335321e-13
1.15,0.17,0.1897340820397551,0.0885856665308793,0.0150595633102494,6.28640298601489e-14
1.15,0.175,0.193178755219419,0.0858418261519786,0.0150223195765962,5.9617887465607e-14
1.15,0.18,0.1964928606786852,0.0831045993477835,0.014958827882601,3.2540190805491125e-14
1.15,0.185,0.1996851855588252,0.0803738745892947,0.0148691667990195,3.8299693034661643e-16
1.15,0.1875,0.2012381863031565,0.0790109172963611,0.0148145469930677,6.268691572357415e-16
1.15,0.19,0.2027636515624523,0.0776495464050718,0.0147534138169636,1.4567600853928306e-14
1.15,0.195,0.2057354310669795,0.074931515120691,0.0146116454485347,1.1469311566209195e-14
1.15,0.2,0.2086070430962784,0.0722196863696432,0.0144439372739286,3.1679318974458546e-14
1.15,0.205,0.211384435185444,0.0695139708760752,0.0142503640295954,2.7605032455099782e-14
1.15,0.21,0.2140730510339401,0.0668142840877893,0.0140309996584357,2.546002343360249e-14
1.15,0.215,0.2166778886745832,0.064120546034354,0.0137859173973861,2.2601122602477023e-14
1.15,0.22,0.2192035498773293,0.061432680827112,0.0135151897819646,2.6584816287676724e-14
1.15,0.225,0.2216542831076967,0.0587506164605508,0.0132188887036239,3.6246783687015184e-14
1.15,0.23,0.2240340200598721,0.0560742848095208,0.0128970855061898,5.22236120037712e-14
1.15,0.235,0.2263464076646834,0.0534036211135766,0.0125498509616905,8.023484067453836e-14
1.15,0.24,0.2285948360142919,0.0507385639093399,0.0121772553382415,1.2568991742156e-13
1.15,0.245,0.2307824625023916,0.048079054596058,0.0117793683760342,1.967302864732395e-13
1.15,0.25,0.2329122345254112,0.0454250379131812,0.0113562594782953,3.172613473953234e-13
1.15,0.255,0.2349869062470309,0.0427764608549247,0.0109079975180058,5.064035729569155e-13
1.15,0.26,0.2370090573496407,0.0401332732490241,0.0104346510447462,8.300701274232296e-13
1.15,0.265,0.2389811070218755,0.0374954270052493,0.009936288156391,1.390568555640915e-12
1.15,0.27,0.2409053276374326,0.0348628766548256,0.0094129766968029,2.369392788459818e-12
1.15,0.275,0.2427838565218639,0.032235578489867,0.0088647840847134,4.1589985572232056e-12
1.15,0.28,0.2446187068139639,0.0296134911601608,0.008291777524845,7.536323782268564e-12
1.15,0.285,0.246411776793946,0.0269965748646317,0.00769402383642,1.421163375540032e-11
1.15,0.29,0.2481648590786716,0.0243847919214007,0.0070715896572062,2.8143884387498424e-11
1.15,0.295,0.2498796478668118,0.0217781061290199,0.0064245413080608,5.899261297393697e-11
1.15,0.3,0.2515577466091791,0.0191764832750002,0.0057529449825,1.3315249945787588e-10
1.15,0.305,0.2532006740129504,0.0165798894695289,0.0050568662882063,2.8268182463976523e-14
1.15,0.31,0.2548098695477486,0.0139882940338707,0.0043363711504999,1.4143506467943264e-14
1.15,0.315,0.2563867015239384,0.0114016668043197,0.0035915250433607,5.687313724369982e-14
1.15,0.32,0.2579324673927366,0.0088199783947876,0.002822393086332,2.599100936515136e-13
1.15,0.325,0.2594484009759462,0.0062432011009221,0.0020290403577996,7.45402798380326e-13
1.15,0.33,0.2609356792914735,0.0036713066046515,0.001211531179535,1.8766999782235564e-10
1.15,0.335,0.2623955037838868,0.0011041412933339,0.0003698873332668,6.1932189099020235e-12
1.2,0.05,0.0587939705593892,0.1408414697456862,0.0070420734872843,1.46583971323966e-12
1.2,0.055,0.0778458489605059,0.1382418349818659,0.0076033009240026,1.2316739958029936e-14
1.2,0.06,0.0926568629074388,0.1356419301356869,0.0081385158081412,1.047885677896171e-09
1.2,0.065,0.1050524247378762,0.1330421441116264,0.0086477393672557,3.32605235816874e-10
1.2,0.07,0.1158243946165708,0.1304428119843612,0.0091309968389052,1.30864860937947e-10
1.2,0.075,0.1254037605689256,0.1278442189910901,0.0095883164243317,5.949400182356534e-11
1.2,0.08,0.1340569456428095,0.1252466098615217,0.0100197287889217,2.997894131379509e-11
1.2,0.085,0.1419628164889307,0.1226501948965649,0.010425266566208,1.630576342537983e-11
1.2,0.09,0.1492486582237698,0.1200551554586059,0.0108049639912745,9.40304839395442e-12
1.2,0.095,0.1560090651493015,0.1174616483235438,0.0111588565907366,5.67685199374012e-12
1.2,0.1,0.1623167383142573,0.1148698095470125,0.0114869809547012,3.554996760374168e-12
1.2,0.105,0.1682290694117941,0.1122797576975727,0.0117893745582451,2.2937622922280568e-12
1.2,0.11,0.1737923655519355,0.1096915966196238,0.0120660756281586,1.5167334388718266e-12
1.2,0.115,0.1790446749180525,0.1071054177329335,0.0123171230392873,1.028336709956852e-12
1.2,0.12,0.184017742417762,0.1045213020226926,0.0125425562427231,7.03817463120129e-13
1.2,0.125,0.1887384029685804,0.1019393220463928,0.0127424152557991,4.914704590162112e-13
1.2,0.13,0.1932295994077387,0.0993595427438833,0.0129167405567048,3.477977005154756e-13
1.2,0.135,0.1975111409686433,0.0967820232804793,0.0130655731428647,2.4870057920336924e-13
1.2,0.14,0.20160028025262,0.094206817652732,0.0131889544713824,1.806884621706792e-13
1.2,0.145,0.2055121596598169,0.091633975727477,0.0132869264804841,1.323404424009333e-13
1.2,0.15,0.2092601600195139,0.089063544049155,0.0133595316073732,9.810264820797853e-14
1.2,0.155,0.2128561788956414,0.0864955663967861,0.0134068127915018,7.322037215319397e-14
1.2,0.16,0.2163108523694062,0.0839300841651744,0.0134288134664279,5.6026195878645904e-14
1.2,0.165,0.2196337386512064,0.0813671371952737,0.0134255776372201,4.293883593519912e-14
1.2,0.17,0.2228334640401218,0.0788067637074469,0.0133971498302659,3.3563932303634654e-14
1.2,0.175,0.2259178475800821,0.0762490007480093,0.0133435751309016,2.896386827057428e-14
1.2,0.18,0.2288940030156143,0.0736938845202286,0.0132648992136411,7.376979450677949e-15
1.2,0.185,0.2317684249564779,0.0711414505629227,0.0131611683541407,6.428900180676621e-16
1.2,0.1875,0.2331693643567388,0.0698662503663249,0.0130999219436859,2.90889099750334e-13
1.2,0.19,0.2345470619404851,0.0685917338335152,0.0130324294283678,6.67226156342257e-16
1.2,0.195,0.237235378386023,0.066044768826691,0.0128787299212047,7.262450028692011e-15
1.2,0.2,0.2398384078777511,0.0635005897812847,0.0127001179562569,1.9418411913923527e-14
1.2,0.205,0.2423607987616504,0.0609592307494944,0.0124966423036463,2.1049104134696358e-14
1.2,0.21,0.2448068539706601,0.0584207255229755,0.0122683523598248,2.4121939917146176e-14
1.2,0.215,0.2471805652617625,0.0558851077696314,0.0120152981704707,3.249043914611082e-14
1.2,0.22,0.2494856439968795,0.0533524111085035,0.0117375304438707,4.6570742477562416e-14
1.2,0.225,0.2517255463896445,0.0508226690289241,0.0114351005315079,7.376075364846463e-14
1.2,0.23,0.253903497837451,0.0482959149342062,0.0111080604348674,1.1327556771108993e-13
1.2,0.235,0.2560225128206299,0.0457721821085441,0.0107564627955078,1.8009364770696376e-13
1.2,0.24,0.2580854136933824,0.0432515037135513,0.0103803608912523,2.907140029316918e-13
1.2,0.245,0.2600948465164141,0.0407339128760973,0.0099798086546438,4.724508473275349e-13
1.2,0.25,0.2620532957337129,0.0382194426266371,0.0095548606566592,7.753339881441906e-13
1.2,0.255,0.263963097096914,0.035708125553459,0.009105572016132,1.3041693053647012e-12
1.2,0.26,0.2658264498854984,0.0331999947643817,0.0086319986387392,2.2457718903156847e-12
1.2,0.265,0.2676454262351495,0.0306950823757335,0.0081341968295693,3.955265308066131e-12
1.2,0.27,0.2694219816973155,0.0281934209134859,0.0076122236466412,7.212216060476594e-12
1.2,0.275,0.2711579633741122,0.0256950422078037,0.007066136607146,1.3648222846508095e-11
1.2,0.28,0.2728551179959058,0.0231999783501148,0.0064959939380321,2.716952002907115e-11
1.2,0.285,0.2745150983935676,0.0207082606481318,0.0059018542847175,5.735756645771941e-11
1.2,0.29,0.2761394710534925,0.0182199207352464,0.0052837770132214,1.3034562148982476e-10
1.2,0.295,0.2777297208789549,0.0157349889620073,0.0046418217437921,2.27938176069158e-14
1.2,0.3,0.2792872569838768,0.0132534965062895,0.0039760489518868,4.3781633996001535e-14
1.2,0.305,0.2808134170882979,0.010775474028804,0.0032865195787852,4.674799199396954e-14
1.2,0.31,0.2823094754985374,0.0083009515354376,0.0025732949759856,1.1176765888838101e-13
1.2,0.315,0.283776640858734,0.0058299567246247,0.0018364363682568,1.6072557228739917e-12
1.2,0.32,0.2852160674001321,0.0033625209460468,0.0010760067027349,2.6227153917806676e-10
1.2,0.325,0.2866288204509615,0.0008989707890822,0.0002921655064517,2.7140093267745958e-11
1.25,0.05,0.1201816977923283,0.124879699478062,0.0062439849739031,2.7588044572264835e-10
1.25,0.055,0.1315006710691934,0.1227178308038424,0.0067494806942113,1.1878430989141044e-10
1.25,0.06,0.1415835703820256,0.1205332173435139,0.0072319930406108,5.781720304083342e-11
1.25,0.065,0.1506951271590784,0.1183283201500585,0.0076913408097538,3.073486982176749e-11
1.25,0.07,0.1590167354190658,0.1161052740495865,0.008127369183471,1.7446999134915786e-11
1.25,0.075,0.1666794103673964,0.1138659433849943,0.0085399457538745,1.0416183392456623e-11
1.25,0.08,0.1737816116443685,0.1116119624209407,0.0089289569936752,6.468276746748258e-12
1.25,0.085,0.1803996647081534,0.1093447708499076,0.0092943055222421,4.145048553271241e-12
1.25,0.09,0.1865942290233666,0.1070656426164781,0.009635907835483,2.724334561918685e-12
1.25,0.095,0.1924145092150188,0.1047757098421646,0.0099536924350056,1.827788457863364e-12
1.25,0.1,0.1979011052414519,0.1024759826612526,0.0102475982661252,1.24774902711198e-12
1.25,0.105,0.2030880055220416,0.1001673663949867,0.0105175734714736,8.63931564290216e-13
1.25,0.11,0.208004018994648,0.0978506750682412,0.0107635742575065,6.02466720149649e-13
1.25,0.115,0.2126738285514086,0.0955266437997865,0.0109855640369754,4.2908546559514723e-13
1.25,0.12,0.2171187822126098,0.0931959386996336,0.011183512643956,3.164160309841579e-13
1.25,0.125,0.2213574976778959,0.0908591657147537,0.0113573957143442,2.312606815181582e-13
1.25,0.13,0.2254063308428138,0.0885168779525414,0.0115071941338303,1.6069518949235077e-13
1.25,0.135,0.2292797469069861,0.0861695821740407,0.0116328935934955,1.1779358054494669e-13
1.25,0.14,0.2329906146711097,0.0838177442773477,0.0117344841988286,8.070558461267424e-14
1.25,0.145,0.2365504431547441,0.0814617938560722,0.0118119601091304,6.483114071783175e-14
1.25,0.15,0.2399695757908944,0.0791021284512497,0.0118653192676874,4.8941209882535255e-14
1.25,0.155,0.2432573498500682,0.0767391171090375,0.0118945631519008,3.6776065028634336e-14
1.25,0.16,0.2464222279528879,0.0743731035158428,0.0118996965625348,2.8458420693008764e-14
1.25,0.165,0.249471908602467,0.072004408591219,0.0118807274175511,2.2046325956941056e-14
1.25,0.17,0.2524134188561518,0.0696333329101972,0.0118376665947335,1.8539769155191372e-14
1.25,0.175,0.2552531931688245,0.0672601587494335,0.0117705277811508,1.6023270398542032e-14
1.25,0.18,0.2579971403386434,0.0648851519298819,0.0116793273473787,4.7296264492777136e-15
1.25,0.185,0.2606507009450217,0.0625085633894292,0.0115640842270444,9.673863981716928e-16
1.25,0.1875,0.2619451708342147,0.061319750650747,0.011497453247015,9.66116391895152e-16
1.25,0.19,0.2632188970998225,0.0601306305191653,0.0114248197986414,1.038408428642582e-15
1.25,0.195,0.2657063752620336,0.0577515784663902,0.0112615578009461,5.794163642609496e-15
1.25,0.2,0.2681174439846895,0.0553716212071203,0.011074324241424,2.0368930405446835e-14
1.25,0.205,0.2704561057382739,0.0529909624460815,0.0108631473014467,2.7866462338495918e-14
1.25,0.21,0.2727260864318847,0.0506097964643259,0.0106280572575084,3.9215719229716425e-14
1.25,0.215,0.2749308604524371,0.0482283089182875,0.0103690864174318,6.673402317096183e-14
1.25,0.22,0.2770736728867821,0.0458466775087439,0.0100862690519236,1.0239177077878977e-13
1.25,0.225,0.2791575593044574,0.0434650724121115,0.0097796412927251,1.7106519850278085e-13
1.25,0.23,0.2811853643047579,0.0410836573707542,0.0094492411952734,2.6247040775888136e-13
1.25,0.235,0.283159755764521,0.0387025891520861,0.0090951084507402,4.281580198212414e-13
1.25,0.24,0.2850832400495695,0.036322018907998,0.0087172845379195,7.09263400484788e-13
1.25,0.245,0.2869581746370771,0.0339420919435546,0.0083158125261708,1.1952258895855382e-12
1.25,0.25,0.2887867792820066,0.0315629485870253,0.0078907371467563,2.065151616940269e-12
1.25,0.255,0.2905711463289034,0.0291847237348504,0.0074421045523868,3.665311854431712e-12
1.25,0.26,0.2923132509359473,0.026807548410821,0.0069699625868134,6.717115345303577e-12
1.25,0.265,0.2940149578459175,0.0244315481883399,0.00647436026991,1.2802256642186939e-11
1.25,0.27,0.2956780307175911,0.0220568452413984,0.0059553482151775,2.5594053124509907e-11
1.25,0.275,0.297304138291922,0.0196835569521715,0.0054129781618471,5.4352059345140365e-11
1.25,0.28,0.2988948614100279,0.0173117979143134,0.0048473034160077,1.2420941072654195e-10
1.25,0.285,0.3004516982633556,0.0149416772739879,0.0042583780230865,3.749175740973172e-14
1.25,0.29,0.301976070174441,0.01257330296774,0.0036462578606446,2.2441046136281052e-14
1.25,0.295,0.3034693255859127,0.0102067782825361,0.0030109995933481,8.436312987086642e-14
1.25,0.3,0.3049327484297222,0.0078422021255374,0.0023526606376612,1.6508577788196534e-14
1.25,0.305,0.3063675554095615,0.0054796730125314,0.001671300268822,1.4899193059681566e-12
1.25,0.31,0.3077749038212455,0.0031192823853664,0.0009669775394635,3.1955901826624925e-10
1.25,0.315,0.3091557589953352,0.0007606930795383,0.0002396183200545,1.9826595633753105e-11
1.3,0.05,0.1615554191173152,0.1092546527199461,0.0054627326359973,5.2270132050080974e-11
1.3,0.055,0.1708668469193651,0.1076147999747644,0.005918813998612,2.918077640677185e-11
1.3,0.06,0.1793706111999913,0.1059155682198471,0.0063549340931908,1.7190740656400323e-11
1.3,0.065,0.1871969256061416,0.1041639159691191,0.0067706545379927,1.0558164574468179e-11
1.3,0.07,0.1944449187154971,0.1023657240180355,0.0071656006812624,6.70127283022574e-12
1.3,0.075,0.2011921708361684,0.1005260030209101,0.0075394502265682,4.36521197070371e-12
1.3,0.08,0.2075007810240294,0.0986490553402817,0.0078919244272225,2.907969265860521e-12
1.3,0.085,0.2134213938242283,0.0967386008453398,0.0082227810718538,1.965857912780385e-12
1.3,0.09,0.218995968471251,0.0947978768988283,0.0085318089208945,1.3491794317081405e-12
1.3,0.095,0.2242597404193372,0.0928297172883899,0.008818823142397,3.449532306812371e-12
1.3,0.1,0.2292426410416582,0.0908366155745435,0.0090836615574543,3.1174456868512253e-10
1.3,0.105,0.2339703702103566,0.0888207778196162,0.0093261816710597,7.750963168517565e-13
1.3,0.11,0.2384651692605827,0.0867841657189964,0.0095462582290896,6.83254896858512e-13
1.3,0.115,0.2427464613915576,0.0847285306293376,0.0097437810223738,4.744544654729263e-13
1.3,0.12,0.24683131903261,0.0826554432727769,0.0099186531927332,3.3129884479531613e-13
1.3,0.125,0.2507348468934173,0.0805663184923582,0.0100707898115447,2.423650766869931e-13
1.3,0.13,0.2544704840036988,0.0784624351252564,0.0102001165662833,1.7303556451097273e-13
1.3,0.135,0.2580502509487655,0.0763449539354599,0.010306568781287,1.25113017251772e-13
1.3,0.14,0.2614849500675949,0.0742149320251794,0.0103900904835251,9.094674142567364e-14
1.3,0.145,0.2647843308827767,0.0720733355324376,0.0104506336522034,6.690494500866434e-14
1.3,0.15,0.2679572274581126,0.0699210503103882,0.0104881575465582,4.9376466081650126e-14
1.3,0.155,0.2710116736171365,0.0677588912197648,0.0105026281390635,3.693436449690247e-14
1.3,0.16,0.2739549995980039,0.0655876101226212,0.0104940176196194,2.8404500187084272e-14
1.3,0.165,0.2767939145626458,0.0634079026984927,0.0104623039452513,2.2730245009831638e-14
1.3,0.17,0.2795345765805309,0.0612204144668186,0.0104074704593591,1.7267607570467254e-14
1.3,0.175,0.2821826529036011,0.0590257459938242,0.0103295055489192,1.5565578536084443e-14
1.3,0.18,0.2847433722614646,0.0568244575691361,0.0102284023624445,1.3640569274185791e-14
1.3,0.185,0.2872215690006547,0.0546170729585099,0.0101041584973243,1.4002636750297212e-14
1.3,0.19,0.2896217231739951,0.0524040829124998,0.0099567757533749,1.7715952230252206e-14
1.3,0.195,0.291947994337335,0.0501859485353003,0.0097862599643835,2.4052001049681966e-14
1.3,0.2,0.294204251855444,0.0479631036646407,0.0095926207329281,3.7657543432501714e-14
1.3,0.205,0.2963941012868269,0.0457359573632657,0.0093758712594694,5.55532183821956e-14
1.3,0.21,0.2985209082313058,0.0435048963481715,0.009136028233116,8.743678747950219e-14
1.3,0.215,0.3005878184036034,0.0412702861955046,0.0088731115320334,1.4092931545400504e-13
1.3,0.22,0.3025977768737177,0.0390324736865274,0.008587144211036,2.308649691432427e-13
1.3,0.225,0.3045535443216385,0.0367917877944285,0.0082781522537464,3.775064445538646e-13
1.3,0.23,0.306457711909123,0.0345485414177597,0.0079461645260847,6.24266244436611e-13
1.3,0.235,0.3083127148341024,0.0323030323023846,0.0075912125910603,1.063389244361037e-12
1.3,0.24,0.3101208441395475,0.030055544403957,0.0072133306569496,1.8329540909301327e-12
1.3,0.245,0.3118842573427697,0.027806348231663,0.0068125553167574,3.271763638390225e-12
1.3,0.25,0.3136049888111591,0.0255557025450636,0.0063889256362659,6.004438574026387e-12
1.3,0.255,0.3152849580975781,0.0233038543659301,0.0059424828633121,1.1482156949617012e-11
1.3,0.26,0.3169259784739802,0.0210510400997556,0.0054732704259364,2.3026382641414496e-11
1.3,0.265,0.3185297645224442,0.0187974867903278,0.0049813339994368,4.892501802950479e-11
1.3,0.27,0.320097937978743,0.0165434109647926,0.004466720960494,1.1198609057187351e-10
1.3,0.275,0.321632034459532,0.0142890207341756,0.0039294807018983,2.815447637762437e-10
1.3,0.28,0.3231335088509647,0.0120345149244255,0.0033696641788391,3.1028833617029674e-14
1.3,0.285,0.3246037427599804,0.0097800860846839,0.0027873245341349,5.532707800768955e-14
1.3,0.29,0.3260440440428363,0.0075259175747822,0.0021825160966868,9.013986945364852e-14
1.3,0.295,0.3274556566762676,0.0052721863586092,0.0015552949757897,1.2638426586716398e-12
1.3,0.3,0.3288397636864539,0.0030190584214923,0.0009057175264476,2.624013706663994e-10
1.3,0.305,0.3301975224894724,0.0007663018022479,0.0002337220496856,5.137164658358689e-12
1.35,0.05,0.1965550968817506,0.0943334435104853,0.0047166721755242,2.312911154047905e-11
1.35,0.055,0.2048051278829152,0.0932814022118254,0.0051304771216504,1.400608041919758e-11
1.35,0.06,0.2124067462550743,0.0921176882388758,0.0055270612943325,8.776025076964197e-12
1.35,0.065,0.2194520540578651,0.0908572392945692,0.005905720554147,5.650503733119607e-12
1.35,0.07,0.2260138733706609,0.0895122772162717,0.006265859405139,3.7173642817001604e-12
1.35,0.075,0.232150956219569,0.0880929302792841,0.0066069697709463,2.488120759632594e-12
1.35,0.08,0.2379115145726956,0.0866076846213497,0.0069286147697079,1.6882440321451009e-12
1.35,0.085,0.2433356910903244,0.0850637216319111,0.0072304163387124,1.1565472580518045e-12
1.35,0.09,0.2484573310607619,0.0834671719506741,0.0075120454755606,8.01130284623348e-13
1.35,0.095,0.2533052843780958,0.0818233107467824,0.0077732145209443,1.9339439552384395e-12
1.35,0.1,0.2579043791062447,0.0801367100558279,0.0080136710055827,1.7684608979022347e-10
1.35,0.105,0.2622761714474776,0.0784113579145111,0.0082331925810236,3.797950885732325e-13
1.35,0.11,0.2664395072019244,0.0766507552701587,0.0084315830797174,3.983500154161409e-13
1.35,0.115,0.2704109869807969,0.0748579918353682,0.0086086690610673,2.797504177915971e-13
1.35,0.12,0.2742053174866416,0.0730358087275012,0.0087642970473001,1.95478682490018e-13
1.35,0.125,0.2778356014144173,0.0711866499220459,0.0088983312402557,1.3744636859983194e-13
1.35,0.13,0.2813135711090627,0.0693127042819089,0.0090106515566481,9.764343311865256e-14
1.35,0.135,0.2846497802008341,0.0674159407682602,0.0091011520037151,7.043892821640737e-14
1.35,0.14,0.2878537618589696,0.065498137605778,0.0091697392648089,5.0619965724839336e-14
1.35,0.145,0.290934160597415,0.0635609069912426,0.0092163315137301,3.6892569716379184e-14
1.35,0.15,0.2938988427909336,0.0616057159092201,0.009240857386383,2.71773460033362e-14
1.35,0.155,0.2967549899429557,0.0596339037531516,0.0092432550817385,2.019965081417224e-14
1.35,0.16,0.2995091787227976,0.0576466978458383,0.0092234716553341,1.590766511714932e-14
1.35,0.165,0.3021674472509699,0.0556452256028988,0.0091814622244783,1.2651833884901144e-14
1.35,0.17,0.3047353548023102,0.0536305262052849,0.0091171894548984,1.2263599854621048e-14
1.35,0.175,0.3072180313716652,0.0516035602251204,0.009030623039396,1.2587956925399098e-14
1.35,0.18,0.309620221583927,0.0495652177251268,0.0089217391905228,1.7155015151083393e-14
1.35,0.185,0.3119463225488831,0.0475163256080319,0.0087905202374859,2.3216018866268183e-14
1.35,0.19,0.3142004177558614,0.0454576540431336,0.0086369542681953,3.1400510627909514e-14
1.35,0.195,0.3163863053741663,0.0433899218473674,0.0084610347602366,5.1913198287345944e-14
1.35,0.2,0.3185075247459776,0.0413138012649909,0.0082627602529981,7.52686395671994e-14
1.35,0.205,0.3205673791062923,0.0392299223989418,0.008042134091783,1.2083890307699514e-13
1.35,0.21,0.3225689560726936,0.037138876949919,0.007799164159483,1.957457934565512e-13
1.35,0.215,0.3245151453841878,0.0350412215495894,0.0075338626331617,3.167874907979502e-13
1.35,0.22,0.3264086556686866,0.0329374807007129,0.0072462457541568,5.252376119503146e-13
1.35,0.225,0.3282520280938685,0.0308281493607343,0.0069363336061652,9.039026962091744e-13
1.35,0.23,0.3300476503031527,0.0287136951565963,0.0066041498860171,1.561438545794694e-12
1.35,0.235,0.3317977676531085,0.0265945609610555,0.006249721825848,2.777444722663967e-12
1.35,0.24,0.3335044939681164,0.0244711659787033,0.0058730798348888,5.1139498653892926e-12
1.35,0.245,0.3351698215678661,0.0223439085234755,0.0054742575882515,9.778878150350163e-12
1.35,0.25,0.3367956290880587,0.0202131660960949,0.0050532915240237,1.9563266693307453e-11
1.35,0.255,0.3383836906248472,0.0180792982433239,0.0046102210520476,4.145451978553138e-11
1.35,0.26,0.3399356817190775,0.015942646424063,0.0041450880702563,9.437888673598672e-11
1.35,0.265,0.3414531877776505,0.0138035366401785,0.0036579372096473,2.353500991449322e-10
1.35,0.27,0.3429377077855445,0.0116622774727566,0.0031488149176442,5.1416769325877624e-14
1.35,0.275,0.3443906616099892,0.0095191669208336,0.0026177709032292,2.717684181718168e-14
1.35,0.28,0.3458133962855934,0.0073744851632601,0.0020648558457128,2.5664938181505543e-14
1.35,0.285,0.3472071863715478,0.0052285017747904,0.0014901230058152,7.52026763098462e-13
1.35,0.29,0.3485732423764477,0.0030814738800232,0.0008936274252067,1.329050251759025e-10
1.35,0.295,0.3499126544947055,0.0009334624149684,0.0002753714124156,3.04380288790317e-11
1.4,0.05,0.2284495959648327,0.0805532227768955,0.0040276611388447,1.2691482053324894e-11
1.4,0.055,0.2358953607948584,0.080102566612191,0.0044056411636705,8.416477508271623e-12
1.4,0.06,0.2427904346731541,0.0794784192111629,0.0047687051526697,5.064457560722977e-12
1.4,0.065,0.2492077677030013,0.0787065106241082,0.005115923190567,3.3123662996260888e-12
1.4,0.07,0.2552060077707218,0.0778073448700083,0.0054465141409005,2.20218575832164e-12
1.4,0.075,0.2608331471465684,0.0767975321674059,0.0057598149125554,1.4824644385013036e-12
1.4,0.08,0.2661290557451206,0.0756907205857265,0.0060552576468581,1.008088697900721e-12
1.4,0.085,0.2711272889364555,0.0744982632586794,0.0063323523769877,6.89908364847071e-13
1.4,0.09,0.275856408505958,0.0732297072154944,0.0065906736493945,4.74718849944721e-13
1.4,0.095,0.2803409677479588,0.071893158111068,0.0068298500205514,3.3041906226798173e-13
1.4,0.1,0.2846022594703237,0.0704955574151523,0.0070495557415152,2.266131445659777e-13
1.4,0.105,0.2886588932905014,0.0690428962561614,0.0072495041068969,1.573147420802681e-13
1.4,0.11,0.2925272467867352,0.0675403818524317,0.0074294420037674,1.0883729908685353e-13
1.4,0.115,0.2962218237406611,0.0659925696254854,0.0075891455069308,7.523869083576006e-14
1.4,0.12,0.2997555410841062,0.0644034686182358,0.0077284162341883,1.768152665062672e-13
1.4,0.125,0.3031399613158659,0.0627766263558038,0.0078470782944754,1.9025922531922715e-11
1.4,0.13,0.3063854824913954,0.0611151985503771,0.007944975811549,3.755054289475886e-14
1.4,0.135,0.3095014954520465,0.0594220048865317,0.0080219706596817,3.690257430689288e-14
1.4,0.14,0.3124965138531316,0.0576995769025146,0.008077940766352,2.2559274922164847e-14
1.4,0.145,0.3153782841847528,0.0559501968448136,0.0081127785424979,1.865212152118065e-14
1.4,0.15,0.3181538770330802,0.0541759298007297,0.0081263894701094,1.505223228669901e-14
1.4,0.155,0.3208297660436887,0.0523786517375534,0.0081186910193207,1.1807804864755275e-14
1.4,0.16,0.3234118947756643,0.0505600727271105,0.0080896116363376,1.1844627997641142e-14
1.4,0.165,0.3259057339278741,0.0487217566860476,0.0080390898531978,1.1774239788246184e-14
1.4,0.17,0.3283163310618344,0.0468651382343523,0.0079670734998399,3.798581256554699e-14
1.4,0.175,0.3306483538574158,0.0449915378128402,0.007873519117247,2.2700533874083012e-14
1.4,0.18,0.3329061267127761,0.0431021730901373,0.0077583911562247,2.6692517236658883e-14
1.4,0.185,0.3350936644844878,0.0411981708228646,0.0076216616022299,4.049217979772159e-14
1.4,0.19,0.3372147010212746,0.0392805758273937,0.0074633094072048,6.453356050392352e-14
1.4,0.195,0.3392727143507565,0.0373503591752265,0.0072833200391691,1.0892477711556389e-13
1.4,0.2,0.3412709499708324,0.035408425884024,0.0070816851768048,1.567875321174578e-13
1.4,0.205,0.3432124396512809,0.0334556201732537,0.006858402135517,2.602333623891618e-13
1.4,0.21,0.3451000202138525,0.031492731749407,0.0066134736673754,4.339834440451264e-13
1.4,0.215,0.3469363492434072,0.0295205006355371,0.0063469076366404,7.282110931648479e-13
1.4,0.22,0.3487239191776812,0.0275396213065948,0.0060587166874508,1.270511810386489e-12
1.4,0.225,0.3504650708283513,0.0255507465732909,0.0057489179789904,2.257854850512836e-12
1.4,0.23,0.3521620039394569,0.0235544909752659,0.0054175329243111,4.142399943405496e-12
1.4,0.235,0.3538167885435443,0.021551433545976,0.0050645868833043,7.871315615747126e-12
1.4,0.24,0.3554313743445078,0.0195421211876528,0.0046901090850366,1.5666679187432886e-11
1.4,0.245,0.3570075987712753,0.0175270703056129,0.0042941322248751,3.2921760804438176e-11
1.4,0.25,0.3585471960115449,0.0155067696233285,0.0038766924058321,7.406635890720386e-11
1.4,0.255,0.360051802461027,0.0134816819704447,0.0034378289024634,1.8175476919123663e-10
1.4,0.26,0.361522965709991,0.0114522448996731,0.002977583673915,2.6623663122127407e-14
1.4,0.265,0.3629621478001533,0.0094188749076031,0.0024960018505148,8.550265349667801e-15
1.4,0.27,0.3643707330941902,0.0073819678356949,0.0019931313156376,1.2661007653657285e-13
1.4,0.275,0.3657500327996346,0.0053418966570711,0.0014690215806945,4.342292337297489e-13
1.4,0.28,0.3671012866072985,0.0032990166806126,0.0009237246705715,4.2697342470385686e-11
1.4,0.285,0.3684256005207542,0.001253626453456,0.0003572835392349,9.499720699005214e-13
1.45,0.05,0.2584141991785808,0.0683211956839623,0.0034160597841981,6.2584515896487216e-12
1.45,0.055,0.265108862663616,0.0684112391288648,0.0037626181520875,4.023786676463276e-12
1.45,0.06,0.2713415690822946,0.0682708215545038,0.0040962492932702,2.6386175075900745e-12
1.45,0.065,0.2771685946141995,0.0679358880480178,0.0044158327231211,1.7560777720072838e-12
1.45,0.07,0.2826360536502847,0.0674347210568422,0.0047204304739789,1.1813738544786513e-12
1.45,0.075,0.287782306314316,0.0667899812334504,0.0050092485925087,8.005143921492156e-13
1.45,0.08,0.2926396781797712,0.0660201084379359,0.0052816086750348,5.45211355426794e-13
1.45,0.085,0.2972357177263615,0.0651403110606665,0.0055369264401566,3.725472767924925e-13
1.45,0.09,0.301594134791817,0.0641632806740468,0.0057746952606642,2.5512901863114533e-13
1.45,0.095,0.305735513834164,0.0630997197335261,0.0059944733746849,1.7438375822147054e-13
1.45,0.1,0.3096778641115483,0.0619587369313397,0.0061958736931339,1.194484579104756e-13
1.45,0.105,0.3134370510761152,0.0607481498786416,0.0063785557372573,8.209457106942137e-14
1.45,0.11,0.3170271381952615,0.0594747193281552,0.006542219126097,5.6404607126276167e-14
1.45,0.115,0.320460661374119,0.0581443320283594,0.0066865981832613,3.9715612480113465e-14
1.45,0.12,0.3237488512771395,0.0567621464549422,0.006811457574593,8.828919917718729e-14
1.45,0.125,0.3269018153356393,0.0553327091569246,0.0069165886446155,3.135542933666365e-12
1.45,0.13,0.3299286886080188,0.0538600495140795,0.0070018064368303,2.309569141719717e-14
1.45,0.135,0.3328377578010073,0.0523477554749174,0.0070669469891138,1.940851977020356e-14
1.45,0.14,0.3356365671990329,0.0507990376204607,0.0071118652668645,1.4626127253509842e-14
1.45,0.145,0.3383320068640247,0.0492167811364693,0.007136433264788,1.1514952267912416e-14
1.45,0.15,0.3409303879527062,0.0476035893642579,0.0071405384046386,1.2163462045380391e-14
1.45,0.155,0.3434375068466994,0.0459618202213174,0.0071240821343042,6.900869749437731e-15
1.45,0.16,0.3458587012118521,0.0442936175301406,0.0070869788048225,1.1487909400640588e-14
1.45,0.165,0.3481988965353793,0.0426009360627778,0.0070291544503583,1.7782950216064436e-14
1.45,0.17,0.3504626486183875,0.0408855647331534,0.006950546004636,3.011976048345072e-15
1.45,0.175,0.3526541794169748,0.0391491451183817,0.0068511003957168,3.592952094049686e-14
1.45,0.18,0.354777408732595,0.0373931880364122,0.0067307738465541,5.0893911609681583e-14
1.45,0.185,0.3568359823845386,0.0356190876845879,0.0065895312216487,8.017497197867147e-14
1.45,0.19,0.3588332962080013,0.0338281334518528,0.006427345355852,1.292208827474814e-13
1.45,0.195,0.3607725184162003,0.0320215207580988,0.0062441965478292,2.03855922782806e-13
1.45,0.2,0.3626566088431018,0.0302003605398189,0.0060400721079637,3.406000550077804e-13
1.45,0.205,0.3644883362175934,0.0283656871864974,0.0058149658732319,5.738351068599609e-13
1.45,0.21,0.3662702939613338,0.0265184654739268,0.0055688777495246,9.929599967593405e-13
1.45,0.215,0.3680049134964834,0.0246595970403425,0.0053018133636736,1.751001606012885e-12
1.45,0.22,0.3696944773725907,0.0227899260578762,0.0050137837327327,3.1946496905220863e-12
1.45,0.225,0.3713411304308858,0.0209102435862027,0.0047048048068956,6.009959659470029e-12
1.45,0.23,0.3729468896324203,0.0190212924770151,0.0043748972697134,1.1834542473638396e-11
1.45,0.235,0.3745136540289731,0.0171237709666125,0.0040240861771539,2.4537449075482888e-11
1.45,0.24,0.3760432129770777,0.015218336859977,0.0036524008463944,5.4231157182349664e-11
1.45,0.245,0.3775372530043561,0.0133056087957837,0.003259874154967,1.3009719449023383e-10
1.45,0.25,0.3789973671306537,0.0113861721952798,0.0028465430488199,3.4650207341738463e-10
1.45,0.255,0.380425057903707,0.0094605757650072,0.0024124468200768,3.4349888043679274e-14
1.45,0.26,0.3818217462752318,0.0075293437299888,0.0019576293697971,1.4686892590366808e-13
1.45,0.265,0.383188777003768,0.0055929692429906,0.0014821368493925,2.91408777548394e-13
1.45,0.27,0.3845274194168883,0.0036519139312835,0.0009860167614465,9.513780806639476e-12
1.45,0.275,0.3858388736824294,0.0017066451649366,0.0004693274203575,1.113928252186415e-12
1.5,0.05,0.2867884838082837,0.0578781158051297,0.0028939057902564,2.917626028311966e-12
1.5,0.055,0.2927446492549135,0.0583866509164055,0.0032112658004023,1.893710052531634e-12
1.5,0.06,0.2983284136239438,0.0586268857628369,0.0035176131457702,1.2639936443733699e-12
1.5,0.065,0.3035789845194382,0.0586404622091123,0.0038116300435923,8.58126350824138e-13
1.5,0.07,0.3085296796468241,0.0584602672387943,0.0040922187067156,5.885676904946247e-13
1.5,0.075,0.3132090515913153,0.0581127147885543,0.0043584536091415,4.065317490225434e-13
1.5,0.08,0.3176417654238463,0.0576193324262716,0.0046095465941017,2.823683715178453e-13
1.5,0.085,0.3218492869365933,0.0569978921594081,0.0048448208335496,1.9462162443674457e-13
1.5,0.09,0.3258504254289729,0.0562632320216114,0.005063690881945,1.3688781127779077e-13
1.5,0.095,0.3296617663816018,0.0554278666161298,0.0052656473285323,9.655581351648009e-14
1.5,0.1,0.3332980185827091,0.0545024471140046,0.0054502447114004,6.881182808477918e-14
1.5,0.105,0.3367722951175382,0.0534961131632005,0.005617091882136,5.0204646383962224e-14
1.5,0.11,0.3400963428514539,0.0524167659885181,0.0057658442587369,3.705482250237482e-14
1.5,0.115,0.3432807312668702,0.0512712829522548,0.0058961975395093,2.794144686767461e-14
1.5,0.12,0.3463350090058034,0.0500656877706976,0.0060078825324837,3.9440953460372534e-14
1.5,0.125,0.3492678340847004,0.0488052859720997,0.0061006607465124,1.5527789125532588e-10
1.5,0.13,0.3520870854995211,0.0474947792679625,0.0061743213048351,2.1870931074438107e-14
1.5,0.135,0.3547999528774636,0.0461383483534535,0.0062286770277162,1.6766804167363665e-14
1.5,0.14,0.3574130186646834,0.0447397340201771,0.0062635627628247,1.4764518787430832e-14
1.5,0.145,0.3599323242867976,0.0433022950552245,0.0062788327830075,1.6890123342547937e-14
1.5,0.15,0.3623634285430809,0.0418290599055481,0.0062743589858322,1.6207461649902373e-14
1.5,0.155,0.3647114577304087,0.0403227693778328,0.006250029253564,1.8940548939342016e-14
1.5,0.16,0.3669811495888635,0.0387859129695862,0.0062057460751337,2.3390230171130598e-14
1.5,0.165,0.3691768912189201,0.037220759251363,0.0061414252764749,3.1938211757010616e-14
1.5,0.17,0.3713027528389057,0.035629382304755,0.0060569949918083,4.5526811053245394e-14
1.5,0.175,0.3733625163855322,0.0340136833360583,0.0059523945838102,6.583996319199187e-14
1.5,0.18,0.3753597021383517,0.0323754101889196,0.0058275738340055,1.0173919663228549e-13
1.5,0.185,0.3772975914074026,0.0307161740099197,0.0056824921918351,1.6306355394376178e-13
1.5,0.19,0.3791792469131422,0.0290374633147935,0.0055171180298107,2.601142173742403e-13
1.5,0.195,0.3810075315624341,0.0273406565891719,0.0053314280348885,4.335662500221241e-13
1.5,0.2,0.3827851238109725,0.0256270327916779,0.0051254065583355,7.494478757037848e-13
1.5,0.205,0.3845145331817926,0.0238977814289654,0.0048990451929379,1.3035038224564901e-12
1.5,0.21,0.3861981129078951,0.0221540099667619,0.00465234209302,2.3485661526460698e-12
1.5,0.215,0.3878380721661077,0.0203967524448943,0.0043853017756522,4.378241150244959e-12
1.5,0.22,0.3894364866610318,0.0186269745723128,0.0040979344059088,8.490192439362019e-12
1.5,0.225,0.3909953089569625,0.0168455808336089,0.003790255687562,1.7276235994441022e-11
1.5,0.23,0.392516376067718,0.0150534184547582,0.0034622862445943,3.732651153637412e-11
1.5,0.235,0.3940014195573408,0.0132512826692283,0.0031140514272686,8.699481266575318e-11
1.5,0.24,0.3954520703716769,0.0114399208398132,0.0027455810015551,2.2295730576823848e-10
1.5,0.245,0.3968698690028414,0.0096200339481258,0.0023569083172908,2.3035078674690952e-14
1.5,0.25,0.3982562675527282,0.0077922850962732,0.0019480712740683,7.942840310920928e-14
1.5,0.255,0.3996126402822758,0.005957298014747,0.0015191109937605,6.328730870707123e-14
1.5,0.26,0.4009402834535217,0.004115655538778,0.0010700704400822,1.6831594059159833e-12
1.5,0.265,0.4022404297385316,0.0022679161425122,0.0006009977777657,2.918960230907875e-13
1.5,0.27,0.403514362879259,0.0004165216734289,0.0001124608518258,7.252377962455237e-11
1.55,0.05,0.3135717144297565,0.0492291037382038,0.0024614551869101,2.706364120155936e-12
1.55,0.055,0.3188262390250224,0.0500136695789316,0.0027507518268412,1.604621710024634e-12
1.55,0.06,0.3237921600955207,0.0505159341051575,0.0030309560463094,1.00330790965481e-12
1.55,0.065,0.3284933098185326,0.0507775752636187,0.0033005423921352,6.538752032832951e-13
1.55,0.07,0.3329512800866892,0.0508320672317021,0.0035582447062191,4.400588463458122e-13
1.55,0.075,0.3371855211912236,0.0507066573395572,0.0038029993004667,3.03362095412469e-13
1.55,0.08,0.3412135192087623,0.0504237908195497,0.0040339032655639,2.1248813653398494e-13
1.55,0.085,0.3450509967919872,0.0500021595358818,0.0042501835605499,1.5214737745921481e-13
1.55,0.09,0.3487121099820713,0.0494574826476193,0.0044511734382857,1.1081439878645237e-13
1.55,0.095,0.3522096300282517,0.0488030973464719,0.0046362942479148,8.11124203111877e-14
1.55,0.1,0.3555551063603823,0.0480504120008845,0.0048050412000884,6.132491681236402e-14
1.55,0.105,0.3587590101697521,0.0472092578262992,0.0049569720717614,4.6820978740312686e-14
1.55,0.11,0.3618308597959231,0.0462881648741694,0.0050916981361586,3.7239311081037294e-14
1.55,0.115,0.3647793295971357,0.0452945808224513,0.0052088767945819,3.0319254588812544e-14
1.55,0.12,0.3676123448280693,0.0442350462458262,0.0053082055494991,1.4797114377025047e-14
1.55,0.125,0.3703371637014682,0.0431153363587604,0.005389417044845,7.425535768366247e-13
1.55,0.13,0.3729604487835904,0.0419405759783575,0.0054522748771864,2.3518474036012343e-14
1.55,0.135,0.3754883296112497,0.0407153347923692,0.0054965701969698,1.9072164627810723e-14
1.55,0.14,0.3779264562753834,0.0394437041921252,0.0055221185868975,1.8597783013509656e-14
1.55,0.145,0.3802800476378144,0.0381293633372997,0.0055287576839084,2.1012357385556347e-14
1.55,0.15,0.3825539327572452,0.0367756328504633,0.0055163449275695,3.2440844993064995e-14
1.55,0.155,0.3847525883515422,0.0353855213943005,0.0054847558161165,3.2889689741577016e-14
1.55,0.16,0.3868801699589135,0.0339617628409938,0.005433882054559,4.146915579576504e-14
1.55,0.165,0.388940541897801,0.0325068501349592,0.0053636302722682,5.85659617632399e-14
1.55,0.17,0.3909373023545954,0.0310230632460041,0.0052739207518207,8.19738211576704e-14
1.55,0.175,0.3928738061581761,0.0295124929276855,0.0051646862623449,1.2717001802091934e-13
1.55,0.18,0.3947531854219435,0.0279770614717596,0.0050358710649167,1.998920860115633e-13
1.55,0.185,0.3965783674678916,0.026418540738433,0.0048874300366101,3.2618629126223293e-13
1.55,0.19,0.3983520912443055,0.0248385674652463,0.0047193278183967,5.3921810065691e-13
1.55,0.195,0.4000769224315659,0.0232386568260199,0.0045315380810738,9.337271363773267e-13
1.55,0.2,0.4017552663925157,0.0216202143809181,0.0043240428761836,1.6618804499009102e-12
1.55,0.205,0.4033893803670432,0.0199845464822127,0.0040968320288536,3.053321045429335e-12
1.55,0.21,0.4049813846877593,0.0183328687272645,0.0038499024327255,5.80635788355709e-12
1.55,0.215,0.4065332725392728,0.0166663152713623,0.0035832577833429,1.157755681397538e-11
1.55,0.22,0.4080469186717272,0.0149859443586828,0.0032969077589102,2.4352702850239068e-11
1.55,0.225,0.409524089038297,0.0132927462409877,0.0029908679042222,6.718858375863e-11
1.55,0.23,0.4109664459997181,0.0115876476633986,0.0026651589625816,1.3474597976195043e-10
1.55,0.235,0.4123755588369659,0.0098715173046364,0.0023198065665895,3.6988859422221727e-10
1.55,0.24,0.4137529056354452,0.0081451682787826,0.0019548403869078,1.576864608317944e-14
1.55,0.245,0.4150998842815039,0.0064093695062473,0.0015702955290306,5.1810037227113776e-14
1.55,0.25,0.4164178119232818,0.0046648367436823,0.0011662091859205,9.614490635819993e-14
1.55,0.255,0.4177079348864329,0.0029122494920112,0.0007426236204628,3.84219901292225e-13
1.55,0.26,0.4189715103041552,0.0011522371683095,0.0002995816637604,7.67762136997416e-12
1.6,0.05,0.3386982234532665,0.0421909590288649,0.0021095479514432,2.945218720919713e-12
1.6,0.055,0.3433196538075309,0.0431270003395126,0.0023719850186731,1.718799550332059e-12
1.6,0.06,0.3477230740318452,0.0437857312429802,0.0026271438745788,1.0546741466395478e-12
1.6,0.065,0.351920647823667,0.0442049352581461,0.0028733207917795,6.713928361428466e-13
1.6,0.07,0.3559247173858385,0.0444157003676643,0.0031090990257365,4.48023822957773e-13
1.6,0.075,0.3597473303322884,0.0444438332205004,0.0033332874915375,3.0421524066296253e-13
1.6,0.08,0.3633999906790227,0.0443109431210614,0.0035448754496849,2.1258302837643945e-13
1.6,0.085,0.3668935400338347,0.044035272272105,0.0037429981431289,1.5193853047253256e-13
1.6,0.09,0.3702381148620184,0.0436323392511477,0.0039269105326032,1.1059226945954506e-13
1.6,0.095,0.3734431471291369,0.0431154410476996,0.0040959668995314,8.258862143956462e-14
1.6,0.1,0.3765173891167028,0.0424960479695786,0.0042496047969578,6.33305620771333e-14
1.6,0.105,0.3794689505346765,0.0417841166306905,0.0043873322462225,4.9722029449633464e-14
1.6,0.11,0.3823053415294019,0.0409883410294948,0.0045087175132444,4.1498177326327314e-14
1.6,0.115,0.3850335169835032,0.0401163544206415,0.0046133807583737,3.5221572047626974e-14
1.6,0.12,0.3876599201926229,0.0391748932154282,0.0047009871858513,6.850006554912075e-15
1.6,0.125,0.3901905246635208,0.0381699312653096,0.0047712414081637,8.354016053398599e-14
1.6,0.13,0.3926308723662205,0.0371067899327223,0.0048238826912539,2.5423448211957372e-14
1.6,0.135,0.3949861102415868,0.0359902297312002,0.004858681013712,2.6273083901883328e-14
1.6,0.14,0.3972610228311672,0.0348245264517454,0.0048754337032443,2.9482550913495267e-14
1.6,0.145,0.3994600626515951,0.0336135353339394,0.0048739626234212,3.2468239350493463e-14
1.6,0.15,0.4015873766481196,0.0323607435469634,0.0048541115320445,4.0759321087041824e-14
1.6,0.155,0.4036468319836329,0.0310693170817991,0.0048157441476788,5.001433284944105e-14
1.6,0.16,0.4056420379273124,0.0297421386281391,0.0047587421805022,6.888488059865779e-14
1.6,0.165,0.4075763664092604,0.0283818407079103,0.0046830037168052,1.0116401881102213e-13
1.6,0.17,0.4094529707590642,0.0269908340302189,0.0045884417851372,1.522821846263072e-13
1.6,0.175,0.4112748020571445,0.0255713317503035,0.0044749830563031,2.383024954475974e-13
1.6,0.18,0.4130446251860968,0.0241253711968871,0.0043425668154396,3.879281805927162e-13
1.6,0.185,0.41476503185172,0.02265483065337,0.0041911436708734,6.528831177918809e-13
1.6,0.19,0.416438453994252,0.0211614469974055,0.004020674929507,1.144618212875342e-12
1.6,0.195,0.418067174977798,0.0196468282794992,0.0038311315145023,2.0533662396102658e-12
1.6,0.2,0.4196533405981313,0.0181124667794624,0.0036224933558924,3.824613206745171e-12
1.6,0.205,0.4211989683545671,0.0165597496753443,0.0033947486834455,7.442105232339323e-12
1.6,0.21,0.4227059566236062,0.0149899673896267,0.0031478931518216,1.5212721608548323e-11
1.6,0.215,0.424176093175513,0.0134043239656545,0.0028819296526157,3.305856516878626e-11
1.6,0.22,0.4256110612063782,0.0118039423351638,0.002596867313736,7.754568541895132e-11
1.6,0.225,0.4270124492619388,0.010189872762395,0.0022927213715388,2.0043971910434988e-10
1.6,0.23,0.4283817537090729,0.0085630976726543,0.0019695124647104,5.891854140971548e-10
1.6,0.235,0.4297203883667951,0.0069245349381622,0.0016272657104681,2.75063367660436e-14
1.6,0.24,0.4310296865019373,0.0052750494166977,0.0012660118600074,9.03574130899328e-14
1.6,0.245,0.4323109100583947,0.0036154516817713,0.0008857856620339,1.842611343939479e-12
1.6,0.25,0.4335652446256983,0.0019465068221647,0.0004866267055411,1.4132155904603673e-12
1.6,0.255,0.4347990673571785,0.0002641241639164,6.73516617987011e-05,1.2316091276088356e-10
1.65,0.05,0.3621555514026959,0.036495669112601,0.00182478345563,2.9782570403742682e-12
1.65,0.055,0.3662279081708821,0.0374926077708714,0.0020620934273979,1.727487710052437e-12
1.65,0.06,0.3701372371305052,0.0382282042683652,0.0022936922561019,1.0530981988692134e-12
1.65,0.065,0.3738879864066226,0.0387347851787765,0.0025177610366204,6.688270802645367e-13
1.65,0.07,0.3774860384044758,0.0390396543196021,0.0027327758023721,4.414726187499935e-13
1.65,0.075,0.3809380418563458,0.0391659824628922,0.0029374486847169,3.005000259938733e-13
1.65,0.08,0.384250981694077,0.0391335349544385,0.003130682796355,2.1021948170275778e-13
1.65,0.085,0.3874319042628995,0.0389592637888102,0.0033115374220488,1.5188953266539905e-13
1.65,0.09,0.3904877446843208,0.0386577878381246,0.0034792009054312,1.1215517005053325e-13
1.65,0.095,0.3934252208541309,0.0382417808850598,0.0036329691840806,3.0043934500266615e-14
1.65,0.1,0.3962507721001005,0.0377222883641173,0.0037722288364117,5.4108904396317084e-14
1.65,0.105,0.3989705265231846,0.0371089849032892,0.0038964434148453,1.4406752201288222e-14
1.65,0.11,0.401590287351073,0.0364103847627366,0.004005142323901,6.03202876505107e-14
1.65,0.115,0.4041155318000812,0.0356340166933869,0.0040979119197395,5.0103327337575944e-14
1.65,0.12,0.4065514167806345,0.0347865652913392,0.0041743878349607,4.322835617464107e-14
1.65,0.125,0.4089027908363268,0.0338739918486313,0.0042342489810789,4.054128710533554e-14
1.65,0.13,0.4111742075696133,0.0329016327445327,0.0042772122567892,3.1417279514102985e-14
1.65,0.135,0.41336994152482,0.0318742835335322,0.0043030282770268,4.036858098892104e-14
1.65,0.14,0.4154940034661983,0.030796267900056,0.0043114775060078,4.1743571701284775e-14
1.65,0.145,0.4175501567121178,0.0296714980138063,0.0043023672120019,5.012115703112044e-14
1.65,0.15,0.4195419325488178,0.028503524501809,0.0042755286752713,6.226785432204805e-14
1.65,0.155,0.4214726453671246,0.0272955794891602,0.0042308148208198,8.606596243421335e-14
1.65,0.16,0.423345406496803,0.0260506134674446,0.0041680981547911,1.188077627116108e-13
1.65,0.165,0.4251631377800138,0.0247713268969151,0.004087268937991,1.796387776322177e-13
1.65,0.17,0.4269285841775148,0.0234601973409518,0.0039882335479618,2.8031302369461693e-13
1.65,0.175,0.4286443256450629,0.0221195036513732,0.0038709131389903,4.591417738970902e-13
1.65,0.18,0.4303127876450099,0.0207513459823571,0.0037352422768242,7.67746959232469e-13
1.65,0.185,0.4319362517220256,0.0193576634963331,0.0035811677468216,1.3493357918789425e-12
1.65,0.19,0.4335168651009732,0.0179402510726091,0.0034086477037957,2.452715357965896e-12
1.65,0.195,0.4350566490039674,0.0165007718675845,0.0032176505141789,4.631535113964651e-12
1.65,0.2,0.4365575076354087,0.015040770165693,0.0030081540331386,1.1978458774134632e-11
1.65,0.205,0.4380212353029507,0.0135616824161808,0.002780144895317,1.920426678208481e-11
1.65,0.21,0.4394495229474536,0.0120648450484804,0.0025336174601808,4.298791698745278e-11
1.65,0.215,0.4408439669080993,0.0105515052181564,0.0022685736219036,1.0473582568032747e-10
1.65,0.22,0.4422060711065786,0.0090228265664929,0.0019850218446284,2.8453590863845705e-10
1.65,0.225,0.4435372587284917,0.0074798945712252,0.0016829762785256,3.643353592921548e-14
1.65,0.23,0.4448388696507073,0.005923728605595,0.0013624575792868,1.1333955723206884e-14
1.65,0.235,0.4461121753724461,0.0043552809906501,0.0010234910328027,2.935181603719088e-13
1.65,0.24,0.4473583741785785,0.0027754388739638,0.0006661053297513,1.7627748743991673e-11
1.65,0.245,0.4485786032506465,0.0011851061122299,0.0002903509974963,1.998567206976377e-12
1.7,0.05,0.3840001105701379,0.0318734709789904,0.0015936735489495,2.9300863242392568e-12
1.7,0.055,0.3876068789766883,0.0328730981616968,0.0018080203988933,1.693637210007201e-12
1.7,0.06,0.3910915486397204,0.0336318199900653,0.0020179091994039,1.0263439894502489e-12
1.7,0.065,0.3944539587741758,0.0341765236862786,0.0022214740396081,6.53144076483613e-13
1.7,0.07,0.3976958604626479,0.0345304998550194,0.0024171349898513,4.301345016957069e-13
1.7,0.075,0.4008202608716605,0.0347139445851855,0.0026035458438889,2.9539408320965373e-13
1.7,0.08,0.4038309634965792,0.0347444091807322,0.0027795527344585,2.0875567475965202e-13
1.7,0.085,0.4067322472926893,0.0346371917969951,0.0029441613027445,1.5361784280275758e-13
1.7,0.09,0.4095286433248272,0.0344056712495281,0.0030965104124575,1.1669256410997554e-13
1.7,0.095,0.4122247805750896,0.0340615906188966,0.0032358511087951,2.093945002197024e-14
1.7,0.1,0.4148252797640019,0.0336152959532578,0.0033615295953257,4.576818951611909e-16
1.7,0.105,0.4173346821643851,0.0330759368401351,0.0034729733682141,1.606488591957345e-14
1.7,0.11,0.4197574022504138,0.0324516348625227,0.0035696798348775,7.007278024657723e-14
1.7,0.115,0.4220976974978769,0.0317496256303763,0.0036512069474932,5.992385111511045e-14
1.7,0.12,0.4243596505971577,0.0309763785020722,0.0037171654202486,5.4814899519292925e-14
1.7,0.125,0.4265471598376808,0.0301376975396052,0.0037672121924506,5.1087987187968997e-14
1.7,0.13,0.4286639360949106,0.029238807814941,0.0038010450159423,5.0064120005070015e-14
1.7,0.135,0.4307135025933534,0.0282844270120357,0.0038183976466248,5.5456419745057036e-14
1.7,0.14,0.4326991990780491,0.0272788284589627,0.0038190359842547,6.11072501935685e-14
1.7,0.145,0.4346241871849611,0.0262258940125742,0.0038027546318232,7.61443152171011e-14
1.7,0.15,0.4364914566474787,0.0251291595710998,0.0037693739356649,1.0043983680691561e-13
1.7,0.155,0.4383038326670098,0.0239918542277745,0.003718737405305,1.393057215296321e-13
1.7,0.16,0.4400639840039697,0.0228169341517216,0.0036507094642754,2.0327907251232682e-13
1.7,0.165,0.4417744301561991,0.0216071120197366,0.0035651734832565,3.170790927366085e-13
1.7,0.17,0.4434375499103153,0.0203648828704671,0.0034620300879794,5.19435534769007e-13
1.7,0.175,0.4450555880576098,0.0190925449656912,0.0033411953689959,8.74215767711876e-13
1.7,0.18,0.4466306636295581,0.017792221109122,0.0032025997996419,1.5356061947959153e-12
1.7,0.185,0.4481647764917723,0.0164658740674279,0.0030461867024741,2.8256581233586358e-12
1.7,0.19,0.4496598147311717,0.015115322697238,0.0028719113124752,5.411002375290051e-12
1.7,0.195,0.4511175608667579,0.0137422547294503,0.0026797396722428,1.0877983985316287e-11
1.7,0.2,0.452539697415948,0.0123482379413871,0.0024696475882774,2.3266081913823827e-11
1.7,0.205,0.4539278147332475,0.0109347319530853,0.0022416200503825,5.344505845840564e-11
1.7,0.21,0.4552834131668948,0.0095030958822338,0.0019956501352691,1.3479218800568248e-10
1.7,0.215,0.4566079133063973,0.0080545975156262,0.0017317384658596,3.83349402017156e-10
1.7,0.22,0.4579026542666269,0.006590418920113,0.0014498921624248,4.9291503586968243e-14
1.7,0.225,0.4591689061072109,0.0051116684727593,0.0011501254063708,8.332555004922165e-14
1.7,0.23,0.460407864505971,0.0036193799030056,0.0008324573776913,1.1981647549181757e-11
1.7,0.235,0.4616206622806005,0.0021145234432839,0.0004969130091717,2.3684304752524597e-13
1.7,0.24,0.4628080238673403,0.0005983786311341,0.0001436108714721,7.658806410667952e-11
1.75,0.05,0.4043340347931455,0.028092539405828,0.0014046269702914,2.8348558950312658e-12
1.75,0.055,0.4075496013880763,0.029060765945644,0.0015983421270104,1.6395999145616341e-12
1.75,0.06,0.4106729454768166,0.0298090916521314,0.0017885454991278,9.970173452480707e-13
1.75,0.065,0.4137013753212534,0.0303596785574145,0.0019733791062319,6.34587361920339e-13
1.75,0.07,0.4166341689629784,0.030732164094019,0.0021512514865813,4.219560305647955e-13
1.75,0.075,0.4194720100334108,0.0309439168181252,0.0023207937613593,2.939498318162792e-13
1.75,0.08,0.4222165684129251,0.0310102960939408,0.0024808236875152,2.1217759228816002e-13
1.75,0.085,0.4248701909779256,0.0309448952275353,0.0026303160943405,1.5954105162968737e-13
1.75,0.09,0.4274356739918147,0.0307597644867553,0.0027683788038079,1.2561765803341125e-13
1.75,0.095,0.4299160958781788,0.0304656084045474,0.002894232798432,2.5150131393824242e-14
1.75,0.1,0.4323146954930108,0.0300719602215737,0.0030071960221573,2.4752102069087944e-11
1.75,0.105,0.4346347826217831,0.0295873299966672,0.00310666964965,1.7214891926666963e-14
1.75,0.11,0.4368796746918719,0.0290193382153662,0.0031921272036902,8.218972579565728e-14
1.75,0.115,0.4390526505121892,0.028374825904752,0.0032631049790464,7.389675428995593e-14
1.75,0.12,0.4411569181720948,0.0276599521475727,0.0033191942577087,6.601769971304383e-14
1.75,0.125,0.4431955933543308,0.0268802780606886,0.003360034757586,6.571498020049501e-14
1.75,0.13,0.4451716837071762,0.026040837011041,0.0033853088114353,6.854863050676215e-14
1.75,0.135,0.4470880807437472,0.0251461979502636,0.0033947367232855,7.500456104877209e-14
1.75,0.14,0.4489475540963262,0.0242005183491091,0.0033880725688752,8.887471148294546e-14
1.75,0.145,0.4507527496767314,0.0232075905536416,0.003365100630278,1.1469912323301305e-13
1.75,0.15,0.4525061900617109,0.0221708817612546,0.0033256322641881,1.595658163500674e-13
1.75,0.155,0.454210275656528,0.0210935694595094,0.0032695032662239,2.303444335920321e-13
1.75,0.16,0.4558672879431112,0.0199785709436812,0.003196571350989,3.557104476658231e-13
1.75,0.165,0.4574793931424895,0.018828570909226,0.0031067142000222,5.71154517359804e-13
1.75,0.17,0.4590486458589695,0.0176460441250757,0.0029998275012628,9.747283649047006e-13
1.75,0.175,0.4605769938336954,0.0164332755579669,0.0028758232226442,1.7113917538917713e-12
1.75,0.18,0.4620662827835929,0.0151923791554015,0.0027346282479722,3.1442231695338164e-12
1.75,0.185,0.4635182609631177,0.013925313455519,0.002576182989271,6.077922182825593e-12
1.75,0.19,0.4649345832167555,0.0126338948898256,0.0024004400290668,1.2391324970146891e-11
1.75,0.195,0.4663168174173413,0.0113198117294429,0.0022073632872413,2.694009847193297e-11
1.75,0.2,0.4676664460704511,0.0099846337397472,0.0019969267479494,6.340786581650805e-11
1.75,0.205,0.4689848747690122,0.0086298225268226,0.0017691136179986,1.6477453743893723e-10
1.75,0.21,0.4702734319548457,0.0072567424189534,0.0015239159079802,4.87994392282881e-10
1.75,0.215,0.4715333763823652,0.0058666599725996,0.0012613318941089,8.435561867267454e-14
1.75,0.22,0.4727659001928971,0.004460768447264,0.000981369058398,1.8196087970792058e-13
1.75,0.225,0.4739721356659007,0.003040173944121,0.0006840391374272,4.204355524904348e-13
1.75,0.23,0.4751531469821609,0.0016059023832937,0.0003693575481575,3.397960285490028e-13
1.75,0.235,0.4762994308359091,0.0001659878864715,3.900715332082168e-05,9.310579116081408e-11
1.8,0.05,0.423279653101262,0.0249681660027234,0.0012484083001361,2.7116635781584912e-12
1.8,0.055,0.4261667128438313,0.0258867984148366,0.001423773912816,1.5720605160232934e-12
1.8,0.06,0.4289832943873604,0.0266052142001806,0.0015963128520108,9.595320771220786e-13
1.8,0.065,0.4317254458441309,0.0271417206997999,0.0017642118454869,6.15354874227753e-13
1.8,0.07,0.4343910527812386,0.0275128617079455,0.0019259003195561,4.1415825367930434e-13
1.8,0.075,0.4369793799676383,0.0277335285499966,0.0020800146412497,2.9239530851211533e-13
1.8,0.08,0.4394907156196457,0.0278170962157899,0.0022253676972631,2.1552395268216533e-13
1.8,0.085,0.441926097080702,0.0277755688738338,0.0023609233542758,1.6638988164696417e-13
1.8,0.09,0.4442871003458634,0.0276197212582427,0.0024857749132418,1.3452229840127622e-13
1.8,0.095,0.4465756797669952,0.0273592335192714,0.0025991271843307,1.2562358148060946e-14
1.8,0.1,0.4487940454669281,0.02700281220708,0.002700281220708,6.188960536635373e-15
1.8,0.105,0.4509445706882605,0.0265583024386921,0.0027886217560626,1.817393214265106e-14
1.8,0.11,0.4530297217834196,0.0260327857055341,0.0028636064276087,9.21449047764722e-14
1.8,0.115,0.4550520054455996,0.0254326671624637,0.0029247567236833,8.298610281438404e-14
1.8,0.12,0.4570139296353342,0.0247637524176646,0.0029716502901197,8.182012523635731e-14
1.8,0.125,0.4589179743617375,0.0240313151236926,0.0030039143904615,8.213285990443326e-14
1.8,0.13,0.460766570274683,0.0232401554047952,0.0030212202026233,8.958173443782104e-14
1.8,0.135,0.4625620837767313,0.0223946521316,0.003023278037766,1.0595490573498769e-13
1.8,0.14,0.4643068067440054,0.0214988079117178,0.0030098331076405,1.2993101796392514e-13
1.8,0.145,0.4660029490764631,0.0205562890486093,0.0029806619120483,1.6911321430102913e-13
1.8,0.15,0.4676526345136819,0.0195704597694281,0.0029355689654142,2.4128974218673853e-13
1.8,0.155,0.4692578990851787,0.0185444137844578,0.0028743841365909,3.8710240147364913e-13
1.8,0.16,0.4708206894052918,0.017481000149528,0.0027969600239244,6.146936163262292e-13
1.8,0.165,0.4723428638418336,0.0163828471279768,0.0027031697761161,1.0352370803172542e-12
1.8,0.17,0.4738261942242381,0.0152523837741779,0.0025929052416102,1.828418633005322e-12
1.8,0.175,0.4752723669441529,0.0140918578078222,0.0024660751163688,3.38918859803996e-12
1.8,0.18,0.476682986410943,0.0129033521196374,0.0023226033815347,6.572443931467369e-12
1.8,0.185,0.4780595779848273,0.0116887998532646,0.0021624279728539,1.3546551477523482e-11
1.8,0.19,0.479403589263352,0.0104499966754561,0.0019854993683366,2.9877766764976806e-11
1.8,0.195,0.4807163962561933,0.009188612409919,0.0017917794199342,7.159090492875153e-11
1.8,0.2,0.4819993035983659,0.0079062030739905,0.0015812406147981,1.9084054934260088e-10
1.8,0.205,0.483253549415489,0.0066042173213696,0.0013538645508807,5.848383094194352e-10
1.8,0.21,0.4844803096378324,0.0052840046266204,0.0011096409715903,6.304716863330517e-14
1.8,0.215,0.4856806962816507,0.0039468291404883,0.0008485682652049,2.1180674814916682e-13
1.8,0.22,0.4868557665371605,0.0025938712316997,0.0005706516709739,1.6273665512553973e-13
1.8,0.225,0.4880064912957754,0.0012262526181953,0.0002759068390939,1.900075652847197e-12
1.85,0.05,0.4409623344477715,0.0223581821587575,0.0011179091079378,2.5732927561469268e-12
1.85,0.055,0.4435723598073116,0.0232188116701575,0.0012770346418586,1.496626159369272e-12
1.85,0.06,0.4461278442170976,0.0238968792501489,0.0014338127550089,9.1920340128611e-13
1.85,0.065,0.4486243105314618,0.0244076340678053,0.0015864962144073,5.95035482133491e-13
1.85,0.07,0.4510589206247342,0.0247650899140801,0.0017335562939856,4.057706427196082e-13
1.85,0.075,0.4534301112971537,0.0249820528631137,0.0018736539647335,2.8268548597372126e-14
1.85,0.08,0.4557373020033783,0.0250701844317049,0.0020056147545363,1.0338182941482785e-14
1.85,0.085,0.457980661033861,0.0250400808661877,0.0021284068736259,2.3057976939361502e-14
1.85,0.09,0.4601609208281758,0.0249013621796004,0.002241122596164,2.1905378925482962e-13
1.85,0.095,0.4622792317337927,0.0246627575436747,0.0023429619666491,1.7415216941294152e-13
1.85,0.1,0.4643370477731309,0.0243321927216004,0.00243321927216,1.393567516560442e-13
1.85,0.105,0.4663360374564442,0.0239168690061534,0.0025112712456461,1.2027360443049312e-13
1.85,0.11,0.4682780135578279,0.023423336656071,0.0025765670321678,1.0597885683699081e-13
1.85,0.115,0.4701648792066537,0.0228575615332241,0.0026286195763207,9.869527890261377e-14
1.85,0.12,0.4719985865793722,0.0222249860031717,0.0026669983203806,9.96453841788884e-14
1.85,0.125,0.4737811036592556,0.021530581350278,0.0026913226687847,1.0339706753023193e-13
1.85,0.13,0.4755143909772433,0.0207788968142683,0.0027012565858548,1.19510443423808e-13
1.85,0.135,0.4772003825162603,0.0199741023563701,0.0026965038181099,1.4580798051861096e-13
1.85,0.14,0.4788409718825811,0.0191200257294819,0.0026768036021274,1.9003381256980882e-13
1.85,0.145,0.480438002805767,0.0182201871119789,0.0026419271312369,2.6949281381038733e-13
1.85,0.15,0.4819932616181666,0.0172778284543149,0.0025916742681472,4.063844394652094e-13
1.85,0.155,0.4835084726763262,0.016295939689047,0.0025258706518022,6.47274458071367e-13
1.85,0.16,0.4849852952765193,0.0152772826546179,0.0024443652247388,1.075835639168528e-12
1.85,0.165,0.486425322193995,0.0142244122830798,0.0023470280267081,1.900367491329408e-12
1.85,0.17,0.4878300785202733,0.0131396943212481,0.0022337480346121,3.522139028058202e-12
1.85,0.175,0.4892010234762688,0.0120253228439984,0.0021044314976997,6.877984843705672e-12
1.85,0.18,0.4905395491810024,0.0108833347589581,0.0019590002566124,1.4241977262152338e-11
1.85,0.185,0.4918469843555616,0.0097156225772121,0.0017973901767842,3.1696626759051686e-11
1.85,0.19,0.4931245944958533,0.0085239478738431,0.0016195500960302,7.704612905105491e-11
1.85,0.195,0.4943735840173588,0.007309950569727,0.0014254403610967,2.0925206758746942e-10
1.85,0.2,0.4955951008506211,0.0060751576994105,0.0012150315398821,6.585269993667955e-10
1.85,0.205,0.496790233883972,0.0048209924504837,0.0009883034523491,3.8614825347523926e-14
1.85,0.21,0.4979600225531241,0.0035487879533637,0.0007452454702063,1.0595654081821813e-13
1.85,0.215,0.4991054428041869,0.0022597848077579,0.0004858537336679,9.13083796321691e-13
1.85,0.22,0.5002275325325128,0.0009551031056836,0.0002101226832504,1.8308449099361968e-11
1.9,0.05,0.4575013033096492,0.0201545403695674,0.0010077270184783,2.430813635677558e-12
1.9,0.055,0.4598761373512365,0.0209545200389075,0.0011524986021399,1.4188013560643805e-12
1.9,0.06,0.4622082577801977,0.0215874463500849,0.001295246781005,8.76382118026091e-13
1.9,0.065,0.4644930709807444,0.0220661663779487,0.0014343008145666,5.730585744454043e-13
1.9,0.07,0.4667274148350163,0.0224026540029573,0.001568185780207,4.001587640903024e-13
1.9,0.075,0.4689092726029273,0.0226079949575224,0.0016955996218141,2.3256695533941023e-14
1.9,0.08,0.4710375349773399,0.0226924045559811,0.0018153923644784,1.7114413964767943e-11
1.9,0.085,0.4731118045402344,0.0226652668576932,0.0019265476829039,1.8228324159883183e-14
1.9,0.09,0.4751322369239946,0.0225351864585413,0.0020281667812687,2.2595036626062213e-13
1.9,0.095,0.4770994126801933,0.022310043030764,0.0021194540879225,1.8163861525924905e-13
1.9,0.1,0.4790142335247862,0.0219970508320953,0.0021997050832095,1.519323944198271e-13
1.9,0.105,0.4808778398375454,0.0216028148034642,0.0022682955543637,1.30788249930086e-13
1.9,0.11,0.482691544513499,0.021133384910942,0.0023246723402036,1.202936113524915e-13
1.9,0.115,0.4844567807943823,0.0205943065902101,0.0023683452578741,1.1683098560462852e-13
1.9,0.12,0.4861750606068702,0.0199906682279446,0.0023988801873533,1.1880013494879416e-13
1.9,0.125,0.487847941407231,0.0193271425190721,0.002415892814884,1.3146644030697918e-13
1.9,0.13,0.4894770013114648,0.0186080268219635,0.0024190434868552,1.572536428375473e-13
1.9,0.135,0.4910638186460426,0.0178372766850934,0.0024080323524876,2.025645217816372e-13
1.9,0.14,0.4926099567084842,0.0170185388552902,0.0023825954397406,2.81547389686671e-13
1.9,0.145,0.4941169522172745,0.0161551782261101,0.0023425008427859,4.1815647341439124e-13
1.9,0.15,0.4955863065386898,0.0152503044485099,0.0022875456672764,6.552831870984428e-13
1.9,0.155,0.497019478959949,0.0143067940524762,0.0022175530781338,1.093481120711362e-12
1.9,0.16,0.498417882627838,0.0133273114657672,0.0021323698345227,1.9056301170063333e-12
1.9,0.165,0.4997828810399796,0.0123143262874896,0.0020318638374357,3.535825574019746e-12
1.9,0.17,0.5011157862324153,0.0112701314212974,0.0019159223416205,6.917366898685991e-12
1.9,0.175,0.5024178582709946,0.0101968564478816,0.0017844498783792,1.4366872069959191e-11
1.9,0.18,0.5036903056394091,0.009096481823104,0.0016373667281587,3.220403579996504e-11
1.9,0.185,0.5049342833085814,0.0079708512569397,0.0014746074825338,7.895696383634694e-11
1.9,0.19,0.5061508958929851,0.0068216808151174,0.0012961193548723,2.1718394782431087e-10
1.9,0.195,0.5073411990251013,0.0056505720007862,0.0011018615401533,6.95871303455502e-10
1.9,0.2,0.5085061968756752,0.004459012725829,0.0008918025451658,1.833621522959554e-13
1.9,0.205,0.5096468519455932,0.0032484016832047,0.0006659223450569,2.6656574942457584e-13
1.9,0.21,0.5107640788912239,0.0020200312725903,0.0004242065672439,1.2358348244598488e-12
1.9,0.215,0.51185864489249,0.0007752887358164,0.0001666870782005,4.8747236814518326e-11
