alpha,ci_reference,ci_pchip,ci_linear,pchip_abs_error,linear_abs_error
0.1,0.6704450642662936,0.6704450642662936,0.6704450642662936,0.0,0.0
0.10175,0.6681927056341137,0.6683013789655641,0.668487078421753,0.00010867333145037072,0.00029437278763932984
0.1035,0.6659679707962864,0.6661602675070596,0.6665290925772125,0.00019229671077314325,0.0005611217809260438
0.10525,0.6637516209681311,0.6640217487155569,0.664571106732672,0.0002701277474257413,0.0008194857645408282
0.107,0.6615135172142002,0.6618858414158322,0.6626131208881314,0.00037232420163202384,0.0010996036739312487
0.10875,0.6592978674714728,0.6597525644326618,0.6606551350435909,0.00045469696118904945,0.0013572675721180705
0.1105,0.6570707166354857,0.6576219365908227,0.6586971491990503,0.0005512199553370234,0.0016264325635646504
0.11225,0.654891099747569,0.6554939767150911,0.6567391633545097,0.0006028769675221479,0.0018480636069406753
0.114,0.6526700160705048,0.6533687036302438,0.6547811775099691,0.0006986875597390085,0.0021111614394643263
0.11575,0.6504833521819433,0.6512461361610569,0.6528231916654286,0.0007627839791135571,0.002339839483485262
0.1175,0.6482854483606396,0.6491262931323073,0.650865205820888,0.0008408447716676815,0.002579757460248411
0.11925,0.6461129225572563,0.6470091933687712,0.6489072199763475,0.0008962708115148876,0.0027942974190912073
0.121,0.6439440552784218,0.6448948556952252,0.6469492341318069,0.000950800416803399,0.0030051788533851376
0.12275,0.6417718152270364,0.6427832989364458,0.6449912482872664,0.0010114837094093998,0.0032194330602299814
0.1245,0.6396128288133937,0.6406745419172096,0.6430332624427259,0.0010617131038159755,0.003420433629332198
0.12625,0.6374339617120607,0.6385686034622928,0.6410752765981853,0.001134641750232146,0.0036413148861246247
0.128,0.6353132596819545,0.6364655023964724,0.6391172907536448,0.0011522427145178593,0.0038040310716902503
0.12975,0.6331427310748242,0.6343652575445244,0.6371593049091042,0.0012225264697002247,0.004016573834280002
0.1315,0.6310156109577442,0.6322678877312258,0.6352013190645637,0.0012522767734816087,0.004185708106819508
0.13325,0.6288806261800914,0.6301734117813527,0.6332433332200231,0.001292785601261226,0.00436270703993169
0.135,0.6267443722321759,0.6280818485196816,0.6312853473754825,0.00133747628750569,0.004540975143306536
0.13675,0.6246131451046529,0.6259932167709894,0.6293273615309419,0.0013800716663364687,0.004714216426288997
0.1385,0.6225037437595299,0.6239075353600522,0.6273693756864014,0.0014037916005222861,0.004865631926871505
0.14025,0.6203972855703861,0.6218248231116468,0.6254113898418608,0.0014275375412606817,0.005014104271474751
0.142,0.6182901365154408,0.6197450988505494,0.6234534039973203,0.001454962335108556,0.005163267481879452
0.14375,0.6161784058808899,0.6176683814015367,0.6214954181527798,0.0014899755206467802,0.005317012271889854
0.1455,0.6140849478512641,0.6155946895893852,0.6195374323082392,0.0015097417381211287,0.005452484456975104
0.14725,0.6119696796455588,0.6135240422388714,0.6175794464636987,0.0015543625933125416,0.00560976681813985
0.149,0.6098861301608014,0.6114564581747717,0.6156214606191581,0.001570328013970279,0.005735330458356724
0.15075,0.6078156507476825,0.6093919562218628,0.6136634747746176,0.0015763054741803062,0.005847824026935067
0.1525,0.6057319337420416,0.607330555204921,0.611705488930077,0.0015986214628793682,0.00597355518803544
0.15425,0.6036750013282203,0.6052722739487228,0.6097475030855365,0.0015972726205025767,0.006072501757316218
0.156,0.6016004843727917,0.603217131278045,0.607789517240996,0.0016166469052533161,0.0061890328682042695
0.15775,0.599532816466548,0.6011651460176637,0.6058315313964553,0.0016323295511156966,0.006298714929907301
0.1595,0.5974782689335871,0.5991163369923558,0.6038735455519149,0.0016380680587686491,0.006395276618327728
0.16125,0.595424011643088,0.5970707230268975,0.6019155597073742,0.0016467113838094516,0.006491548064286201
0.163,0.5933786173589708,0.5950283229460653,0.5999575738628337,0.001649705587094541,0.006578956503862865
0.16475,0.5913536958596578,0.5929891555746358,0.5979995880182931,0.001635459714978027,0.006645892158635314
0.1665,0.5893144434503077,0.5909532397373858,0.5960416021737526,0.0016387962870780814,0.00672715872344487
0.16825,0.5872889688365331,0.5889205942590914,0.594083616329212,0.001631625422558236,0.006794647492678885
0.17,0.5852604890303201,0.5868912379645291,0.5921256304846715,0.0016307489342090031,0.006865141454351353
0.17175,0.5832368021266019,0.5848651896784757,0.5901676446401309,0.0016283875518737778,0.006930842513529045
0.1735,0.581220495415132,0.5828424682257074,0.5882096587955904,0.0016219728105754116,0.0069891633804584075
0.17525,0.5792088876933312,0.5808230924310009,0.5862516729510499,0.001614204737669711,0.00704278525771862
0.177,0.5771718998143703,0.5788070811191327,0.5842936871065093,0.0016351813047623676,0.00712178729213897
0.17875,0.5752032914934525,0.5767944531148791,0.5823357012619688,0.0015911616214265845,0.007132409768516257
0.1805,0.5731859979018504,0.5747852272430168,0.5803777154174282,0.0015992293411664082,0.007191717515577789
0.18225,0.571190867833886,0.5727794223283224,0.5784197295728877,0.0015885544944364005,0.007228861739001724
0.184,0.5692225559520387,0.570777057195572,0.576461743728347,0.0015545012435332906,0.007239187776308276
0.18575,0.5672132649823567,0.5687781506695426,0.5745037578838065,0.0015648856871859351,0.0072904929014497855
0.1875,0.5652460576378611,0.5667827215750103,0.5725457720392659,0.0015366639371492408,0.0072997144014048665
0.18925,0.5632873562144978,0.5647907887367519,0.5705877861947254,0.0015034325222541556,0.0073004299802276185
0.191,0.561287239842014,0.5628023709795437,0.5686298003501848,0.0015151311375296572,0.007342560508170837
0.19275,0.5593517697146376,0.5608174871281623,0.5666718145056443,0.0014657174135246365,0.007320044791006675
0.1945,0.5573647579251558,0.5588361560073842,0.5647138286611038,0.0014713980822284034,0.007349070735947927
0.19625,0.555427307845314,0.5568583964419859,0.5627558428165632,0.0014310885966718478,0.00732853497124919
0.198,0.5534712701517714,0.5548842272567438,0.5607978569720227,0.0014129571049723566,0.007326586820251224
0.19975,0.551511019169321,0.5529136672764347,0.5588398711274821,0.0014026481071136576,0.007328851958161131
0.2015,0.5495762039609514,0.5509467353258346,0.5568818852829416,0.0013705313648831874,0.007305681321990165
0.20325,0.5476579260463313,0.5489834502297205,0.554923899438401,0.0013255241833891596,0.007265973392069691
0.205,0.5457169515726442,0.5470238308128688,0.5529659135938605,0.0013068792402245455,0.007248962021216276
0.20675,0.5437623904921868,0.5450678959000557,0.5510079277493198,0.00130550540786889,0.007245537257133061
0.2085,0.5418534233174227,0.543115664316058,0.5490499419047794,0.0012622409986352556,0.007196518587356704
0.21025,0.539916554340688,0.541167154885652,0.5470919560602387,0.0012506005449640645,0.007175401719550778
0.212,0.5380123123784611,0.5392223864336145,0.5451339702156982,0.0012100740551533873,0.007121657837237061
0.21375,0.5361145181717437,0.5372813777847218,0.5431759843711577,0.0011668596129781328,0.007061466199413946
0.2155,0.5341883251281477,0.5353441477637504,0.5412179985266171,0.0011558226356026546,0.007029673398469383
0.21725,0.5323001888647101,0.5334107151954769,0.5392600126820766,0.0011105263307668034,0.006959823817366484
0.219,0.5303981318493493,0.5314810989046778,0.537302026837536,0.0010829670553285098,0.006903894988186776
0.22075,0.5285027365835135,0.5295553177161293,0.5353440409929955,0.0010525811326157486,0.006841304409481941
0.2225,0.5266007596785167,0.5276333904546081,0.5333860551484549,0.0010326307760913922,0.006785295469938224
0.22425,0.524727049004598,0.5257153359448911,0.5314280693039144,0.0009882869402930705,0.006701020299316407
0.226,0.5228267447395107,0.5238011730117542,0.5294700834593737,0.0009744282722434772,0.006643338719863001
0.22775,0.5209624135528927,0.5218909204799743,0.5275120976148333,0.0009285069270815738,0.006549684061940564
0.2295,0.5190743124020155,0.5199845971743277,0.5255541117702927,0.0009102847723121421,0.006479799368277139
0.23125,0.517203717310335,0.518082221919591,0.5235961259257521,0.0008785046092559812,0.006392408615417122
0.233,0.5153282097584436,0.5161838135405407,0.5216381400812116,0.0008556037820970364,0.006309930322767943
0.23475,0.5134739450554568,0.5142893908619532,0.5196801542366711,0.0008154458064963954,0.006206209181214284
0.2365,0.5116087897659702,0.5123989727086052,0.5177221683921305,0.0007901829426349982,0.006113378626160237
0.23825,0.509763637034585,0.5105125779052729,0.5157641825475899,0.0007489408706878864,0.006000545513004885
0.24,0.507906644502741,0.5086302252767332,0.5138061967030494,0.0007235807739921496,0.005899552200308356
0.24175,0.506081275068914,0.5067519336477623,0.5118482108585088,0.0006706585788482933,0.0057669357895948625
0.2435,0.5042115887778982,0.5048777218431367,0.5098902250139683,0.00066613306523855,0.005678636236070123
0.24525,0.5023719401072012,0.5030076086876332,0.5079322391694278,0.0006356685804319584,0.005560299062226548
0.247,0.5005439194576056,0.5011416130060279,0.5059742533248872,0.0005976935484223178,0.005430333867281645
0.24875,0.4986953651479393,0.4992797536230976,0.5040162674803467,0.0005843884751583484,0.005320902332407396
0.2505,0.4968654532057282,0.4974220493636187,0.5020582816358061,0.0005565961578904988,0.0051928284300779
0.25225,0.495059943980218,0.49556851905236776,0.5001002957912656,0.0005085750721497417,0.005040351811047561
0.254,0.4932113769707668,0.49371918151412125,0.498142309946725,0.0005078045433544731,0.004930932975958202
0.25575,0.491442997795687,0.49187405557365566,0.49618432410218444,0.0004310577779686464,0.004741326306497429
0.2575,0.4896242147440788,0.4900331600557475,0.49422633825764384,0.00040894531166868475,0.004602123513565037
0.25925,0.4878143585713839,0.4881965137851733,0.49226835241310335,0.00038215521378942574,0.004453993841719461
0.261,0.4859993141472595,0.48636413558670943,0.49031036656856275,0.00036482143944993606,0.004311052421303252
0.26275,0.4841880914521772,0.4845360442851326,0.4883523807240222,0.00034795283295535606,0.004164289271844979
0.2645,0.4823975430112882,0.4827122587052191,0.48639439487948166,0.0003147156939309337,0.003996851868193485
0.26625,0.4805986551756548,0.4808927976717457,0.4844364090349411,0.00029414249609088783,0.003837753859286308
0.268,0.4788229105909368,0.47907768000948864,0.4824784231904006,0.00025476941855184787,0.003655512599463784
0.26975,0.4770400264542292,0.4772669245432246,0.48052043734586003,0.00022689808899539754,0.003480410891630814
0.2715,0.4752273201701077,0.4754605500977301,0.47856245150131943,0.00023322992762236927,0.003335131331211716
0.27325,0.4734733657953551,0.47365857549778145,0.47660446565677894,0.0001852097024263588,0.0031310998614238472
0.275,0.4716854078187273,0.4718610195681553,0.4746464798122383,0.00017561174942798408,0.0029610719935109775
0.27675,0.4699132668704668,0.4700679011336281,0.4726884939676978,0.0001546342631613129,0.0027752270972309923
0.2785,0.4681304448651678,0.46827923901897645,0.4707305081231572,0.00014879415380864014,0.0026000632579893934
0.28025,0.466385069029666,0.4664950520489768,0.46877252227861665,0.00010998301931081089,0.0023874532489506772
0.282,0.4646220270698725,0.4647153590484056,0.46681453643407617,9.33319785331177e-05,0.0021925093642036764
0.28375,0.4628599368930234,0.46294017884203936,0.46485655058953557,8.024194901595783e-05,0.0019966136965121617
0.2855,0.4611116200738828,0.4611695302546547,0.462898564744995,5.7910180771891806e-05,0.0017869446711122339
0.28725,0.4593567075656319,0.4594034321110279,0.4609405789004545,4.6724545396004125e-05,0.001583871334822573
0.289,0.4575934347908175,0.45764190323593573,0.45898259305591393,4.8468445118243775e-05,0.0013891582650964462
0.29075,0.455851231398075,0.45588496245415444,0.4570246072113734,3.37310560794557e-05,0.0011733758132984051
0.2925,0.4540977360419867,0.4541326285904608,0.45506662136683285,3.489254847405254e-05,0.0009688853248461249
0.29425,0.4523605141218687,0.4523849204696311,0.45310863552229225,2.44063477624068e-05,0.0007481214004235737
0.296,0.4506225410512987,0.450641856916442,0.45115064967775176,1.9315865143310074e-05,0.0005281086264530832
0.29775,0.448906169376723,0.4489034567556698,0.44919266383321116,2.712621053224673e-06,0.0002864944564881511
0.2995,0.4471695395174138,0.4471697388120912,0.4472346779886706,1.9929467742763052e-07,6.513847125683148e-05
0.30125,0.4454395383222722,0.4454403935925271,0.4455771958800914,8.552702548958457e-07,0.0001376575578192485
0.303,0.4437324234552138,0.443714517044611,0.44403991526589687,1.790641060278597e-05,0.0003074918106830693
0.3047500000000001,0.4419984350629391,0.44199204179085855,0.4425026346517022,6.39327208057372e-06,0.0005041995887630768
0.3065,0.4402894228919956,0.4402729525202256,0.4409653540375077,1.647037176999433e-05,0.0006759311455121209
0.30825,0.4385810967544201,0.43855723392166734,0.439428073423313,2.386283275274126e-05,0.0008469766688929403
0.31,0.4368751351751067,0.4368448706841398,0.43789079280911847,3.026449096688033e-05,0.0010156576340117907
0.31175,0.4351683170829603,0.4351358474965984,0.43635351219492385,3.246958636188291e-05,0.0011851951119635773
0.3135,0.4334593896666178,0.4334301490479988,0.4348162315807293,2.924061861897531e-05,0.0013568419141115062
0.31525,0.4317520176946979,0.43172776002729674,0.4332789509665347,2.4257667401161864e-05,0.0015269332718367834
0.317,0.4300536475009274,0.4300286651234476,0.43174167035234007,2.4982377479776385e-05,0.0016880228514126738
0.31875,0.4283588789469954,0.42833284902540725,0.4302043897381455,2.602992158817763e-05,0.0018455107911500845
0.3205,0.426672529857822,0.42664029642213114,0.4286671091239509,3.22334356908649e-05,0.001994579266128893
0.32225,0.4249762892140863,0.4249509920025751,0.4271298285097563,2.5297211511232653e-05,0.0021535392956699706
0.324,0.423287114128383,0.4232649204556945,0.42559254789556167,2.2193672688464172e-05,0.0023054337671786773
0.32575,0.4216195594343213,0.42158206647044516,0.4240552672813671,3.749296387611789e-05,0.0024357078470458315
0.3275,0.4199189914383046,0.41990241473578255,0.4225179866671725,1.6576702522030917e-05,0.0025989952288679175
0.32925,0.4182371694982519,0.41822594994066253,0.4209807060529779,1.1219557589370321e-05,0.0027435365547259782
0.331,0.4165794675548293,0.41655265677404046,0.41944342543878327,2.6810780788810717e-05,0.0028639578839539936
0.33275,0.4149032402993553,0.4148825199248722,0.4179061448245887,2.072037448314079e-05,0.0030029045252333852
0.3345,0.4132351266181065,0.41321552408211315,0.4163688642103941,1.9602535993368253e-05,0.0031337375922875776
0.33625,0.4115761315497918,0.41155165393471915,0.4148315835961995,2.447761507262669e-05,0.003255452046407703
0.3380000000000001,0.4099195731997616,0.40989089417164554,0.4132943029820048,2.867902811604095e-05,0.0033747297822432354
0.33975,0.4082587964311219,0.40823322948184837,0.4117570223678103,2.556694927352554e-05,0.003498225936688415
0.3415,0.4066220595742198,0.4065786445542829,0.4102197417536157,4.3415019936932087e-05,0.003597682179395878
0.34325,0.4049680337664057,0.404927124077905,0.4086824611394211,4.090968850073429e-05,0.003714427373015361
0.345,0.4033089438425708,0.40327865274167,0.4071451805252265,3.0291100900803336e-05,0.0038362366826557026
0.34675,0.4016666250116207,0.40163321523453377,0.4056078999110319,3.34097770869346e-05,0.003941274899411207
0.3485,0.4000094433976732,0.3999907962454519,0.4040706192968373,1.8647152221273888e-05,0.0040611758991641045
0.35025,0.3983752083961496,0.3983513804633799,0.4025333386826427,2.38279327696711e-05,0.004158130286493089
0.3520000000000001,0.3967539612520478,0.39671495257727357,0.400996058068448,3.9008674774243524e-05,0.004242096816400198
0.35375,0.3951173923666786,0.39508149727608843,0.3994587774542535,3.58950905901545e-05,0.004341385087574923
0.3555,0.3934914794065209,0.3934509992487802,0.39792149684005895,4.048015774071878e-05,0.004430017433538047
0.35725,0.3918646858048099,0.39182344318430423,0.3963842162258643,4.124262050564376e-05,0.004519530421054407
0.3590000000000001,0.3902172101316586,0.3901988137716164,0.3948469356116696,1.839636004219436e-05,0.004629725480011004
0.36075,0.3886156830866089,0.3885770956996724,0.3933096549974751,3.858738693646169e-05,0.004693971910866235
0.3625,0.3869735955010591,0.3869582736574277,0.3917723743832805,1.5321843631399545e-05,0.004798778882221411
0.3642500000000001,0.3853756880619002,0.3853423323338378,0.39023509376908583,3.3355728062400836e-05,0.004859405707185627
0.366,0.3837589401394566,0.38372925641785866,0.3886978131548913,2.968372159795063e-05,0.004938873015434719
0.36775,0.3821390572576209,0.3821190305984457,0.3871605325406967,2.0026659175165218e-05,0.005021475283075838
0.3695,0.3805223421438017,0.3805116395645546,0.38562325192650215,1.0702579247123811e-05,0.005100909782700447
0.3712500000000001,0.3789028320991269,0.3789070680051408,0.3840859713123075,4.23590601389412e-06,0.005183139213180588
0.373,0.3773299250579412,0.3773053006091603,0.3825486906981129,2.4624448780929953e-05,0.0052187656401717075
0.37475,0.3756990198913998,0.3757063220655683,0.3810114100839183,7.302174168499764e-06,0.005312390192518501
0.3765,0.3740972462358494,0.3741101170633208,0.3794741294697237,1.2870827471422874e-05,0.005376883233874308
0.3782500000000001,0.3725269497712656,0.3725166702913732,0.37793684885552903,1.0279479892405519e-05,0.005409899084263425
0.38,0.3709272863378144,0.37092596643868125,0.3763995682413345,1.3198991331564436e-06,0.005472281903520115
0.38175,0.3693453852261602,0.3693379901942005,0.37486228762713997,7.395031959733789e-06,0.00551690240097974
0.3835,0.3677266185418325,0.3677527262468865,0.37332500701294535,2.610770505401261e-05,0.005598388471112881
0.3852500000000001,0.3661635008139299,0.36617015928569496,0.3717877263987507,6.658471765064178e-06,0.005624225584820786
0.387,0.3645805197888258,0.3645902739995816,0.3702504457845561,9.754210755830162e-06,0.005669925995730352
0.38875,0.362998447747809,0.363013055077502,0.36871316517036157,1.4607329692994941e-05,0.005714717422552584
0.3905,0.36141768722538,0.36143848720841165,0.3671758845561669,2.0799983031671854e-05,0.005758197330786918
0.3922500000000001,0.3598469864124621,0.3598665550812662,0.36563860394197223,1.9568668804093026e-05,0.005791617529510129
0.394,0.3582559737808901,0.35829724338502156,0.3641013233277777,4.126960413147751e-05,0.005845349546887646
0.39575,0.3567060912266134,0.35673053680863304,0.36256404271358317,2.4445582019638756e-05,0.00585795148696977
0.3975000000000001,0.3551349975343754,0.35516642004105625,0.3610267620993885,3.14225066808671e-05,0.005891764565013113
0.39925,0.3535893081423726,0.3536048777712471,0.35948948148519394,1.5569628874501085e-05,0.005900173342821335
0.401,0.3520089096724659,0.35204589468816094,0.3579522008709993,3.698501569504575e-05,0.005943291198533429
0.40275,0.3504508714407964,0.35048945548075355,0.35641492025680477,3.858403995715687e-05,0.0059640488160083716
0.4045000000000001,0.3488873281764263,0.34893554483798045,0.3548776396426101,4.821666155413462e-05,0.005990311466183784
0.40625,0.3473335514980554,0.3473841474487975,0.35334035902841554,5.0595950742082785e-05,0.006006807530360148
0.408,0.3457636733438954,0.34583524800216003,0.351803078414221,7.157465826462817e-05,0.006039405070325576
0.40975,0.3442458702300365,0.34428883118702375,0.35026579780002637,4.2960956987248e-05,0.006019927569989869
0.4115000000000001,0.3426734636190782,0.34274488169234424,0.3487285171858317,7.141807326604965e-05,0.00605505356675351
0.41325,0.3411401048130867,0.34120338420707735,0.34719123657163714,6.327939399064508e-05,0.006051131758550432
0.415,0.3395963805810048,0.33966432342017866,0.3456539559574426,6.794283917388455e-05,0.006057575376437807
0.41675,0.3380475803550723,0.33812768402060356,0.34411667534324797,8.010366553123927e-05,0.0060690949881756495
0.4185000000000001,0.3364981522399116,0.3365934506973077,0.3425793947290533,9.529845739608689e-05,0.006081242489141714
0.42025,0.3349817138481375,0.33506160813924696,0.34104211411485874,7.989429110943913e-05,0.006060400266721222
0.422,0.3334445669463686,0.33353214103537693,0.3395048335006642,8.757408900833541e-05,0.00606026655429559
0.42375,0.33190921188036,0.33200503407465287,0.33796755288646957,9.582219429288275e-05,0.00605834100610958
0.4255000000000001,0.3303855583195216,0.3304802719460308,0.3364302722722749,9.47136265092019e-05,0.0060447139527533
0.42725,0.3288356042085334,0.3289578393384663,0.33489299165808034,0.00012223512993286834,0.006057387449546925
0.429,0.3273239394113548,0.3274377209409148,0.3333557110438858,0.00011378152955998644,0.006031771632530991
0.4307500000000001,0.3258158827621601,0.32591990144233196,0.3318184304296911,0.00010401868017184679,0.006002547667531
0.4325000000000001,0.3242815098906512,0.3244043655316736,0.3302811498154965,0.00012285564102243463,0.0059996399248453125
0.43425,0.32275870072091,0.32289109789789533,0.32874386920130194,0.0001323971769853216,0.005985168480391934
0.436,0.3212652495420172,0.32138008322995254,0.3272065885871074,0.0001148336879353562,0.005941339045090199
0.4377500000000001,0.3197379426453678,0.3198713062168009,0.3256693079729127,0.000133363571433065,0.005931365327544902
0.4395,0.3182246205716313,0.31836475154739624,0.32413202735871816,0.0001401309757649294,0.005907406787086844
0.44125,0.3167273790212485,0.3168604039106941,0.3225947467445236,0.00013302488944560986,0.005867367723275119
0.443,0.3152031394698728,0.31535824799565,0.321057466130329,0.00015510852577721446,0.0058543266604562105
0.4447500000000001,0.3137038121714248,0.31385826849121956,0.3195201855161343,0.00015445631979477126,0.0058163733447095245
0.4465,0.3122193505256586,0.31236045008635865,0.3179829049019398,0.00014109956070007534,0.0057635543762812325
0.44825,0.310715198059071,0.3108647774700227,0.3164456242877452,0.0001495794109517279,0.005730426228674201
0.45,0.3092329543672661,0.3093712353311673,0.3149083436735506,0.00013828096390117173,0.005675389306284473
0.4517500000000001,0.3077142576877517,0.307879808358748,0.3133710630593559,0.00016555067099632836,0.005656805371604234
0.4535,0.306236408010898,0.30639048124172086,0.31183378244516136,0.00015407323082283764,0.005597374434263336
0.45525,0.3047454402850019,0.3049032386690411,0.3102965018309668,0.00015779838403923163,0.005551061545964908
0.4570000000000001,0.3032355283525833,0.30341806532966437,0.30875922121677213,0.00018253697708109362,0.005523692864188856
0.4587500000000001,0.3017675284385321,0.3019349459125465,0.3072219406025775,0.00016741747401438634,0.005454412164045408
0.4605,0.3002595015153587,0.30045386510664296,0.305684659988383,0.0001943635912842745,0.005425158473024327
0.46225,0.2988072506732494,0.29897480760090944,0.30414737937418845,0.0001675569276600175,0.005340128700939029
0.4640000000000001,0.2973206642666114,0.2974977580843014,0.30261009875999373,0.00017709381768998833,0.005289434493382317
0.4657500000000001,0.295835527984451,0.29602270124577473,0.3010728181457991,0.00018717326132372536,0.005237290161348107
0.4675,0.2943666691406561,0.294549621774285,0.29953553753160456,0.00018295263362888559,0.005168868390948433
0.46925,0.2928997196905011,0.2930785043587877,0.29799825691741,0.00017878466828658013,0.005098537226908895
0.4710000000000001,0.2914057414505182,0.29160933368823844,0.29646097630321533,0.00020359223772026258,0.005055234852697155
0.4727500000000001,0.2899549048790074,0.29014209445159295,0.2949236956890207,0.00018718957258556657,0.004968790810013335
0.4745,0.2884831311867029,0.288676771337807,0.2933864150748262,0.00019364015110412414,0.004903283888123333
0.47625,0.2870149964425972,0.28721334903583595,0.29184913446063165,0.00019835259323874865,0.004834138018034451
0.4780000000000001,0.2855604791103217,0.28575181223463536,0.29031185384643693,0.0001913331243136862,0.004751374736115255
0.47975,0.2841018743275492,0.2842921456231613,0.2887745732322424,0.00019027129561210998,0.00467269890469324
0.4815,0.2826103323239937,0.282834333890369,0.28723729261804787,0.0002240015663753092,0.004626960294054183
0.48325,0.2811604923270806,0.2813783617252142,0.2857000120038532,0.00021786939813356332,0.004539519676772574
0.4850000000000001,0.2797371675620205,0.27992421381665245,0.28416273138965853,0.00018704625463195068,0.004425563827638035
0.48675,0.2782628238470805,0.2784718748536395,0.282625450775464,0.00020905100655899123,0.004362626928383517
0.4885,0.2768190686626269,0.277021329525131,0.2810881701612694,0.00020226086250407782,0.0042691014986425135
0.4902500000000001,0.2753954745988348,0.27557256252008244,0.27955088954707474,0.00017708792124765393,0.004155414948239955
0.4920000000000001,0.2739187363286814,0.27412555852744946,0.2780136089328802,0.00020682219876805297,0.004094872604198774
0.49375,0.2724781631090083,0.27268030223618794,0.2764763283186856,0.00020213912717964577,0.003998165209677329
0.4955,0.2710355146586621,0.27123677833525317,0.27493904770449107,0.00020126367659106803,0.0039035330458289663
0.4972500000000001,0.2696079149814168,0.2697949715136008,0.2734017670902964,0.00018705653218403784,0.003793852108879614
0.4990000000000001,0.2681440889235087,0.2683548664601867,0.27186448647610173,0.00021077753667797516,0.0037203975525930133
0.50075,0.2667277150821411,0.26691644786396634,0.2703272058619072,0.00018873278182524045,0.0035994907797661235
0.5025000000000001,0.2652827589210773,0.26547970041389535,0.2687899252477126,0.00019694149281807016,0.003507166326635336
0.5042500000000001,0.2638633557869001,0.2640446087989293,0.26725264463351794,0.0001812530120292033,0.0033892888466178217
0.5060000000000001,0.2624292091983176,0.26261115770802396,0.2657153640193234,0.00018194850970637555,0.0032861548210058045
0.50775,0.2610039821148623,0.261179331830135,0.2641780834051288,0.00017534971527266574,0.0031741012902665178
0.5095000000000001,0.2595565547897498,0.2597491158542178,0.26264080279093416,0.0001925610644679665,0.003084248001184342
0.5112500000000001,0.2581464029363473,0.2583204944692281,0.2611035221767396,0.0001740915328808379,0.002957119240392325
0.513,0.2567402816284589,0.2568934523641216,0.25956624156254504,0.0001531707356626777,0.0028259599340861308
0.51475,0.2552987733252282,0.2554679742278538,0.2580289609483504,0.00016920090262556586,0.0027301876231222155
0.5165000000000001,0.2538617198342306,0.2540440447493804,0.2564916803341558,0.00018232491514980076,0.002629960499925199
0.5182500000000001,0.2524692477029053,0.252621648617657,0.25495439971996114,0.0001524009147517158,0.002485152017055847
0.52,0.2510544734996249,0.2512007705216393,0.25341711910576664,0.00014629702201440775,0.0023626456061417445
0.52175,0.2496311364136293,0.24978139515028286,0.25187983849157203,0.00015025873665355793,0.002248702077942727
0.5235000000000001,0.2482076360115495,0.24836350719254327,0.25034255787737736,0.0001558711809937774,0.0021349218658278657
0.5252500000000001,0.2468202997394288,0.24694709133737622,0.24880527726318277,0.00012679159794742878,0.0019849775237539835
0.527,0.2453863997958283,0.24553213227373735,0.24726799664898824,0.0001457324779090552,0.0018815968531599447
0.52875,0.2439920494262787,0.2441186146905822,0.24573071603479363,0.0001265652643034909,0.0017386666085149327
0.5305000000000001,0.2426000382353522,0.24270652327686645,0.244193435420599,0.00010648504151425375,0.0015933971852467865
0.5322500000000001,0.2412000131665428,0.24129584272154567,0.24265615480640437,9.582955500286872e-05,0.0014561416398615745
0.534,0.2397797866944885,0.23988655771357567,0.24111887419220984,0.00010677101908718178,0.001339087497721353
0.5357500000000001,0.2383870736480159,0.23847865294191187,0.23958159357801523,9.157929389597141e-05,0.0011945199299993325
0.5375000000000001,0.2369908343848042,0.23707211309550993,0.2380443129638206,8.127871070573445e-05,0.001053478579016387
0.5392500000000001,0.2355989228418483,0.23566692286332555,0.23650703234962597,6.800002147724915e-05,0.0009081095077776713
0.541,0.234180915190094,0.23426306693431437,0.23496975173543144,8.215174422035454e-05,0.0007888365453374291
0.5427500000000001,0.2328069332073324,0.23286052999743187,0.23343247112123683,5.3596790099474934e-05,0.0006255379139044337
0.5445000000000001,0.2314055426981864,0.23145929674163382,0.2318951905070422,5.375404344742929e-05,0.0004896478088557976
0.5462500000000001,0.2300272920417736,0.23005935185587575,0.23035790989284757,3.2059814102147755e-05,0.0003306178510739666
0.548,0.2286308395356169,0.22866068002911347,0.22882062927865304,2.9840493496580134e-05,0.00018978974303615614
0.5497500000000001,0.2272616231692393,0.22726326595030233,0.22728334866445843,1.6427810630159634e-06,2.172549521911593e-05
0.5515000000000001,0.2258764210215784,0.22586718216786822,0.22596699667825298,9.238853710180628e-06,9.057565667458523e-05
0.55325,0.2244989231944118,0.22447257303795518,0.22468746613004584,2.6350156456633744e-05,0.00018854293563402846
0.555,0.2231150797524453,0.2230794444042594,0.2234079355818386,3.563534818590286e-05,0.00029285582939331256
0.5567500000000001,0.2217428501553806,0.22168779973380756,0.22212840503363138,5.505042157302742e-05,0.0003855548782507878
0.5585000000000001,0.2203554021891334,0.22029764249362632,0.22084887448542415,5.775969550708693e-05,0.0004934722962907367
0.56025,0.2189793818635868,0.21890897615074228,0.219569343937217,7.040571284450126e-05,0.0005899620736302125
0.562,0.217609492527687,0.21752180417218187,0.21828981338900977,8.768835550512777e-05,0.0006803208613227751
0.5637500000000001,0.2162464890617434,0.21613613002497176,0.21701028284080254,0.0001103590367716456,0.0007637937790591354
0.5655000000000001,0.2148616561982183,0.2147519571761385,0.2157307522925953,0.00010969902207977333,0.0008690960943770198
0.56725,0.2134837714131313,0.2133692890927089,0.21445122174438816,0.00011448232042238216,0.0009674503312568639
0.5690000000000001,0.2121379708495456,0.21198812924170923,0.21317169119618093,0.00014984160783637623,0.0010337203466353195
0.5707500000000001,0.2107724278845294,0.2106084810901662,0.2118921606479737,0.00016394679436321224,0.0011197327634442922
0.5725000000000001,0.2094217974597574,0.20923034810510643,0.21061263009976647,0.0001914493546509577,0.0011908326400090763
0.57425,0.2080452548522706,0.20785373375355656,0.20933309955155932,0.000191521098714037,0.0012878446992887205
0.5760000000000001,0.2066982159411818,0.206478641502543,0.2080535690033521,0.0002195744386387921,0.0013553530621703003
0.5777500000000001,0.205339734594324,0.20510507481909246,0.20677403845514486,0.0002346597752315438,0.001434303860820857
0.5795000000000001,0.2039560619865707,0.20373303717023147,0.20549450790693763,0.00022302481633923454,0.001538445920366921
0.58125,0.2026309954340402,0.2023625320229868,0.20421497735873048,0.0002684634110534101,0.0015839819246902809
0.5830000000000001,0.2012565245150418,0.20099356284438474,0.20293544681052325,0.00026296167065706366,0.0016789222954814442
0.5847500000000001,0.1999117821712936,0.199626133101452,0.20165591626231602,0.00028564906984160365,0.0017441340910224201
0.5865,0.1985518260081716,0.1982602462612153,0.20037638571410887,0.00029157974695628863,0.0018245597059372842
0.58825,0.1972267089537415,0.19689590579070104,0.19909685516590164,0.00033080316304046065,0.0018701462121601398
0.5900000000000001,0.1958662377691919,0.19553311515693586,0.1978173246176944,0.00033312261225604267,0.001951086848502509
0.5917500000000001,0.1945456567999235,0.19417187782694634,0.19653779406948718,0.00037377897297716234,0.001992137269563682
0.5935,0.1931697238126654,0.19281219726775925,0.19525826352128,0.0003575265449061449,0.002088539708614612
0.5952500000000001,0.1918327234050715,0.19145407694640085,0.19397873297307278,0.0003786464586706395,0.002146009568001289
0.5970000000000001,0.1904953500998557,0.1900975203298979,0.19269920242486555,0.0003978297699577804,0.0022038523250098585
0.5987500000000001,0.1891624270825694,0.188742530885277,0.19141967187665831,0.0004198961972923798,0.002257244794088925
0.6005,0.1878155339299797,0.18738911207956485,0.1901401413284512,0.0004264218504148598,0.0023246073984714843
0.6022500000000001,0.1864937544725866,0.18603726737978774,0.18886061078024396,0.00045648709279885735,0.0023668563076573723
0.6040000000000001,0.1851589428537049,0.18468700025297244,0.18758108023203673,0.00047194260073246674,0.002422137378331829
0.60575,0.1838018437090678,0.18333831416614557,0.18630154968382956,0.00046352954292222526,0.0024997059747617623
0.6075,0.1824693565679042,0.18199121258633363,0.18502201913562233,0.00047814398157056126,0.0025526625677181336
0.6092500000000001,0.181147224535969,0.1806456989805632,0.1837424885874151,0.0005015255554057796,0.002595264051446111
0.6110000000000001,0.1798196301340769,0.17930177681586087,0.18246295803920787,0.0005178533182160217,0.002643327905130971
0.61275,0.1785256431955494,0.1779594495592534,0.18118342749100072,0.0005661936362959807,0.0026577842954513264
0.6145,0.177196462110404,0.17661872067776713,0.1799038969427935,0.0005777414326368635,0.0027074348323894992
0.6162500000000001,0.1758642210013116,0.17527959363842874,0.17862436639458626,0.0005846273628828669,0.0027601453932746545
0.6180000000000001,0.1745236761377682,0.17394207190826483,0.17734483584637903,0.0005816042295033741,0.0028211597086108264
0.61975,0.1732130465233895,0.17260615895430206,0.17606530529817188,0.0006068875690874442,0.0028522587747823736
0.6215,0.1719043218362786,0.17127185824356683,0.17478577474996465,0.0006324635927117683,0.00288145291368605
0.6232500000000001,0.1705855394291275,0.16993917324308586,0.17350624420175742,0.0006463661860416359,0.0029207047726299284
0.625,0.1692719456631302,0.1686081074198858,0.17222671365355027,0.0006638382432443968,0.0029547679904200763
0.62675,0.1679244257457546,0.16727866424099305,0.17094718310534304,0.0006457615047615606,0.0030227573595884294
0.6285000000000001,0.1666448062900718,0.16595084717343428,0.1696676525571358,0.000693959116637527,0.0030228462670640055
0.6302500000000001,0.1653143519923802,0.1646246596842361,0.16838812200892858,0.0006896923081441131,0.0030737700165483772
0.632,0.1640212806309172,0.16330010524042513,0.16710859146072143,0.0007211753904920737,0.003087310829804235
0.63375,0.1627124474993549,0.16197718730902783,0.1658290609125142,0.000735260190327075,0.0031166134131593026
0.6355000000000001,0.1614084967764772,0.16065590935707091,0.16454953036430697,0.0007525874194062865,0.0031410335878297724
0.6372500000000001,0.1600963182482049,0.15933627485158086,0.16326999981609974,0.0007600433966240272,0.003173681567894854
0.639,0.1587707294691059,0.15801828725958447,0.16199046926789257,0.00075244220952142,0.003219739798786675
0.64075,0.1574621591634728,0.15670195004810802,0.16071093871968534,0.000760209115364785,0.0032487795562125277
0.6425000000000001,0.1561692946345676,0.1553872666841783,0.1594314081714781,0.0007820279503893135,0.003262113536910499
0.6442500000000001,0.1548854139084793,0.1540742406348218,0.15815187762327088,0.0008111732736574839,0.0032664637147915843
0.646,0.1535995646418608,0.1527628753670653,0.15687234707506376,0.0008366892747955212,0.0032727824332029476
0.64775,0.1522731075385708,0.1514531743479351,0.15559281652685653,0.0008199331906356966,0.0033197089882857356
0.6495000000000001,0.1510056435190628,0.1501451410444579,0.1543132859786493,0.0008605024746048962,0.0033076424595865073
0.6512500000000001,0.1496949736949911,0.14883877892366038,0.15303375543044206,0.0008561947713307261,0.003338781735450963
0.653,0.1484005516344375,0.1475340914525691,0.1517542248822349,0.0008664601818683948,0.003353673247797395
0.65475,0.147102213657742,0.1462310820982105,0.15047469433402766,0.0008711315595315017,0.0033724806762856496
0.6565000000000001,0.1458135605982508,0.14492975432761127,0.14919516378582043,0.0008838062706395255,0.0033816031875696373
0.6582500000000001,0.1445275998798852,0.14363011160779804,0.1479156332376132,0.0008974882720871602,0.0033880333577279986
0.66,0.1432604146446531,0.14233215740579738,0.14663610268940608,0.0009282572388557286,0.003375688044752967
0.6617500000000001,0.1419518289989248,0.1410358951886358,0.14535657214119885,0.0009159338102890102,0.0034047431422740415
0.6635000000000001,0.140671306279054,0.1397413284233399,0.14407704159299162,0.0009299778557141092,0.003405735313937619
0.66525,0.1393972100344133,0.13844846057693638,0.14279751104478444,0.0009487494574769162,0.003400301010371143
0.667,0.1381043667232227,0.1371572951164517,0.1415179804965772,0.0009470716067710161,0.0034136137733545013
0.6687500000000001,0.1368416604829875,0.13586783550891246,0.14023844994836998,0.0009738249740750271,0.0033967894653824937
0.6705000000000001,0.1355678211957293,0.13458008522134526,0.13895891940016275,0.0009877359743840353,0.0033910982044334514
0.67225,0.1342863845821442,0.13329404772077683,0.1376793888519556,0.0009923368613673766,0.0033930042698114005
0.674,0.1330010396699823,0.13200972647423354,0.13639985830374837,0.000991313195748772,0.0033988186337660653
0.6757500000000001,0.1317078729205092,0.13072712494874203,0.13512032775554114,0.0009807479717671708,0.0034124548350319417
0.6775000000000001,0.1304231050047096,0.12944624661132892,0.1338407972073339,0.0009768583933806863,0.003417692202624306
0.67925,0.1291771654116904,0.1281670949290209,0.13256126665912676,0.0010100704826694895,0.0033841012474363774
0.681,0.1279186846657406,0.12688967336884435,0.13128173611091953,0.001029011296896254,0.0033630514451789273
0.6827500000000001,0.1266271297853834,0.12561398539782598,0.1300022055627123,0.0010131443875574242,0.003375075777328901
0.6845000000000001,0.1253530289505515,0.12434003448299236,0.12872267501450507,0.0010129944675591473,0.0033696460639535686
0.68625,0.1241066268045401,0.12306782409137013,0.12744314446629793,0.0010388027131699729,0.0033365176617578263
0.6880000000000001,0.1228268603535525,0.12179735768998573,0.1261636139180907,0.0010295026635667726,0.003336753564538192
0.6897500000000001,0.1215853446245834,0.12052863874586583,0.12488408336988346,0.001056705878717562,0.003298738745300067
0.6915000000000001,0.1203122127234785,0.11926167072603705,0.12360455282167623,0.001050541997441451,0.0032923400981977324
0.69325,0.1190386630288552,0.117996457097526,0.12232502227346909,0.0010422059313291987,0.0032863592446138873
0.6950000000000001,0.1177613043785747,0.11673300132735914,0.12104549172526186,0.0010283030512155539,0.003284187346687159
0.6967500000000001,0.1165159186070705,0.11547130688256312,0.11976596117705463,0.0010446117245073855,0.003250042569984124
0.6985,0.115265080465156,0.11421137723016461,0.11848643062884746,0.0010537032349913905,0.003221350163691461
0.70025,0.1139975445283096,0.11295321583719005,0.11720690008064023,0.0010443286911195476,0.0032093555523306366
0.7020000000000001,0.1127455395894128,0.11169682617066609,0.115927369532433,0.0010487134187467106,0.0031818299430202007
0.7037500000000001,0.111498894016353,0.11044221169761932,0.11464783898422577,0.0010566823187336816,0.003148944967872769
0.7055,0.1102286527314662,0.10918937588507639,0.11336830843601862,0.001039276846389811,0.0031396557045524215
0.70725,0.1089947542632053,0.10793832220006377,0.1120887778878114,0.0010564320631415297,0.0030940236246060904
0.7090000000000001,0.10773507628938,0.10668905410960808,0.11080924733960416,0.0010460221797719271,0.0030741710502241587
0.7107500000000001,0.1064770230348652,0.10544157508073591,0.10952971679139693,0.0010354479541292844,0.0030526937565317352
0.7125,0.1052237904336394,0.10419588858047399,0.10825018624318979,0.001027901853165411,0.0030263958095503862
0.71425,0.1039826634698242,0.10295199807584866,0.10697065569498256,0.0010306653939755328,0.002987992225158359
0.7160000000000001,0.1027421593759443,0.10170990703388663,0.10569112514677532,0.0010322523420576712,0.002948965770831022
0.7177500000000001,0.1014930847674936,0.10046961892161448,0.1044115945985681,0.001023465845879118,0.0029185098310745006
0.7195,0.1002601713854226,0.09923113720605889,0.10313206405036095,0.0010290341793637164,0.0028718926649383414
0.7212500000000001,0.0990250191603509,0.09799446535424625,0.1018525335021537,0.0010305538061046587,0.0028275143418027976
0.7230000000000001,0.0977719138624693,0.09675960683320324,0.10057300295394647,0.0010123070292660657,0.0028010890914771658
0.7247500000000001,0.0965042994922973,0.09552656510995647,0.09929347240573924,0.0009777343823408335,0.0027891729134419396
0.7265,0.0952987182338836,0.0942953436515326,0.0980139418575321,0.001003374582351002,0.0027152236236484967
0.7282500000000001,0.0940486755373454,0.09306594592495802,0.09673441130932486,0.0009827296123873785,0.002685735771979461
0.7300000000000001,0.0928077660372857,0.09183837539725943,0.09545488076111763,0.0009693906400262686,0.002647114723831931
0.7317500000000001,0.0915974589239664,0.0906126355354634,0.0941753502129104,0.0009848233885029894,0.0025778912889440064
0.7335,0.090338358926113,0.08938872980659662,0.09289581966470326,0.0009496291195163764,0.002557460738590256
0.7352500000000001,0.0891131640301379,0.0881666616776855,0.09161628911649602,0.0009465023524524024,0.002503125086358124
0.7370000000000001,0.0878691827157446,0.0869464346157567,0.0903367585682888,0.0009227480999879079,0.0024675758525441877
0.73875,0.0866662181320398,0.0857280520878369,0.08905722802008165,0.0009381660442028955,0.002391009888041848
0.7405,0.0854308239446225,0.08451151756095249,0.08777769747187442,0.0009193063836700072,0.002346873527251922
0.7422500000000001,0.084210761394832,0.08329683450213018,0.08649816692366719,0.0009139268927018107,0.00228740552883519
0.7440000000000001,0.0829641284921648,0.08208400637839654,0.08521863637545996,0.0008801221137682558,0.002254507883295162
0.74575,0.0817425653007802,0.08087303665677825,0.08393910582725281,0.0008695286440019434,0.0021965405264726123
0.7475,0.0805283851620798,0.0796639288043017,0.08265957527904558,0.0008644563577780984,0.0021311901169657754
0.7492500000000001,0.0792873503888103,0.07845668628799359,0.08138004473083835,0.0008306641008167109,0.002092694342028051
0.7510000000000001,0.0780572697432836,0.07725131257488048,0.08010051418263112,0.0008059571684031208,0.0020432444393475163
0.75275,0.0768535846023457,0.07604781113198908,0.07882098363442397,0.0008057734703566244,0.0019673990320782653
0.7545000000000001,0.075630044326809,0.07484618542634575,0.07754145308621674,0.0007838589004632579,0.0019114087594077345
0.7562500000000001,0.0744297884848467,0.0736464389249772,0.07626192253800951,0.0007833495598695006,0.0018321340531628066
0.7580000000000001,0.0731902807714004,0.07244857509491001,0.07498239198980228,0.0007417056764903868,0.001792111218401879
0.75975,0.0719596951838606,0.07125259740317087,0.07370286144159513,0.000707097780689725,0.0017431662577345325
0.7615000000000001,0.0707422357314607,0.07005850931678616,0.0724233308933879,0.0006837264146745403,0.0016810951619272013
0.7632500000000001,0.0695314340093962,0.06886631430278256,0.07114380034518067,0.0006651197066136344,0.0016123663357844736
0.7650000000000001,0.0683228798910602,0.06767601582818668,0.06986426979697344,0.0006468640628735228,0.0015413899059132374
0.76675,0.0671271462282834,0.06648761736002515,0.06858473924876629,0.0006395288682582573,0.0014575930204828863
0.7685000000000001,0.0659185664711154,0.06530112236532441,0.06730520870055906,0.0006174441057909819,0.0013866422294436659
0.7702500000000001,0.0646784018400087,0.06411653431111113,0.06602567815235183,0.0005618675288975722,0.001347276312343132
0.7720000000000001,0.0634940327831573,0.06293385666441194,0.0647461476041446,0.0005601761187453563,0.0012521148209873045
0.77375,0.0622855790230274,0.06175309289225342,0.06346661705593742,0.0005324861307739806,0.0011810380329100242
0.7755000000000001,0.0610851580821231,0.06057424646166204,0.062187086507730194,0.0005109116204610603,0.0011019284256070933
0.7772500000000001,0.0598563449163886,0.059397320839664466,0.06090755595952296,0.0004590240767241363,0.0010512110431343605
0.779,0.0586497342988232,0.058222319493287385,0.059628025411315816,0.0004274148055358126,0.0009782911124926186
0.78075,0.0574604024117352,0.057049245889557176,0.058348494863108585,0.00041115652217802584,0.0008880924513733832
0.7825000000000001,0.0562572569695987,0.05587810349550054,0.057068964314901355,0.0003791534740981567,0.0008117073453026563
0.7842500000000001,0.0550524959642351,0.05470889577814405,0.055789433766694124,0.00034360018609105175,0.0007369378024590229
0.786,0.0538648894561044,0.053541626204514386,0.05450990321848698,0.0003232632515900169,0.0006450137623825736
0.7877500000000001,0.0526390721103602,0.05237629824163795,0.053230372670279746,0.0002627738687222547,0.0005913005599195442
0.7895000000000001,0.0514526115931454,0.05121291535654142,0.051950842122072516,0.00023969623660398398,0.0004982305289271127
0.7912500000000001,0.0502696419670441,0.05005148101625141,0.050671311573865285,0.0002181609507926896,0.0004016696068211839
0.793,0.0490701052413687,0.04889199868779452,0.04939178102565814,0.00017810655357417687,0.0003216757842894394
0.7947500000000001,0.0478631902650057,0.047734471838197234,0.04811225047745091,0.00012871842680846346,0.0002490602124452096
0.7965000000000001,0.0466463671520433,0.04657890393448619,0.04683271992924368,6.746321755711493e-05,0.00018635277720037424
0.7982500000000001,0.0454660490326821,0.045425298443688006,0.045553189381036446,4.075058899409567e-05,8.714034835434481e-05
0.8,0.0442736588328293,0.0442736588328293,0.0442736588328293,0.0,0.0
