t401_id,Mach,alpha,cr,ci,omega_i,delta_kappa,delta_q,residual_norm,accepted,parameterization,settings_name,spectral_extent,matching_y,max_step,rtol,atol,optimizer_success,optimizer_status,optimizer_message,optimizer_nfev,objective_calls,integration_failures,active_lower_ci,active_upper_ci,ci_lower,ci_upper,seed_cr,seed_ci,attempt_timestamp,purpose,source_path,source_Mach,source_alpha,source_cr,source_ci,mach_distance,anchor_score,direction,is_target,status,requested_alpha,seed_alpha,alpha_step,anchor_source_path,anchor_source_Mach,anchor_source_alpha,neutral_alpha_estimate,neutral_fit_r2,timestamp,trial_alpha,trial_step,mach_directory,mode_status,mode_gamma_mismatch_at_match,mode_numerical_extent,mode_tail_tolerance,mode_far_left,mode_far_right,mode_mu_left,mode_mu_right,mode_n_coordinates,mode_available,freeze_id,reference_status,reference_subset,reference_source_path,neutral_alpha_lower,neutral_alpha_upper,neutral_alpha_uncertainty,neutral_last_positive_ci,neutral_estimate_method,final_reference_id,test_id,primary_chart,test_source,point_role,mach_split,cr_pred,ci_pred,cr_abs_error,ci_abs_error,spectral_error,omega_i_ref,omega_i_pred,omega_i_abs_error,atlas_chart,atlas_budget,spectral_relative_error,validation_id
151,1.4,0.065,0.2492077677030013,0.0787065106241082,0.005115923190567,3.118049221595421e-12,-1.1178280523438389e-12,3.3123662996260888e-12,True,log_ci,nominal,20.0,1.0,0.5,1e-09,1e-11,True,1.0,`gtol` termination condition is satisfied.,3,16,0,False,False,0.000788304356255,0.2,0.249578868394875,0.0788304356255058,2026-07-23T11:41:02.926693+00:00,continuation,,,,,,,,low,True,converged,0.065,0.07,-0.005,/lustre/fswork/projects/rech/fdb/usv13rn/These_PINN_KH_RT/classic_supersonic/data/spectral/supersonic_primary_modal_spectral_133pts.csv,1.4,0.125,,,2026-07-23T11:41:02.938751+00:00,0.065,-0.005,M1p400000,converged,2.0644567290597896e-11,40.0,1e-06,-1585.1778268943754,760.0894012398031,0.0087178798480929,0.0182005098264767,3801.0,True,dense_kappa_q_campaign_v1_FINAL_FREEZE,retained_classical_supersonic,base_dense_campaign,/lustre/fswork/projects/rech/fdb/usv13rn/These_PINN_KH_RT/assets/classic_supersonic/dense_kappa_q_campaign_v1_FINAL_FREEZE/classical_supersonic_maps/classical_supersonic_dense_reference.csv,,,,,,M1.400000_a0.06500000,151,C10,existing_T128,validation,validation,0.22920655,0.07553358,0.0200012205619261,0.0031729343144272,0.0202513292435456,0.005115923190567,0.0049096824601292,0.0002062407304377,C10,76,0.0774899967074345,151
152,1.4,0.08,0.2661290557451206,0.0756907205857265,0.0060552576468581,9.861399891120117e-13,-2.0921459009670692e-13,1.008088697900721e-12,True,log_ci,nominal,20.0,1.0,0.5,1e-09,1e-11,True,1.0,`gtol` termination condition is satisfied.,3,16,0,False,False,0.0007578879446052,0.2,0.266398169366953,0.0757887944605246,2026-07-23T11:41:00.914121+00:00,continuation,,,,,,,,low,True,converged,0.08,0.085,-0.005,/lustre/fswork/projects/rech/fdb/usv13rn/These_PINN_KH_RT/classic_supersonic/data/spectral/supersonic_primary_modal_spectral_133pts.csv,1.4,0.125,,,2026-07-23T11:41:00.926076+00:00,0.08,-0.005,M1p400000,converged,1.5664886601510743e-11,40.0,1e-06,-1347.6741652778069,580.1401177337152,0.0102547698724835,0.0238566794729654,3801.0,True,dense_kappa_q_campaign_v1_FINAL_FREEZE,retained_classical_supersonic,base_dense_campaign,/lustre/fswork/projects/rech/fdb/usv13rn/These_PINN_KH_RT/assets/classic_supersonic/dense_kappa_q_campaign_v1_FINAL_FREEZE/classical_supersonic_maps/classical_supersonic_dense_reference.csv,,,,,,M1.400000_a0.08000000,152,C10,geometry_extension,validation,validation,0.2571622,0.0751278,0.00896684241962,0.0005629177965152,0.0089844943888864,0.0060552576468581,0.0060102242231369,4.5033423721217714e-05,C10,76,0.0324721003239153,152
153,1.4,0.09,0.275856408505958,0.0732297072154944,0.0065906736493945,4.71536004686968e-13,-5.487971188600228e-14,4.74718849944721e-13,True,log_ci,nominal,20.0,1.0,0.5,1e-09,1e-11,True,1.0,`gtol` termination condition is satisfied.,3,16,0,False,False,0.0007331846676159,0.2,0.2760796760255939,0.073318466761596,2026-07-23T11:40:59.545816+00:00,continuation,,,,,,,,low,True,converged,0.09,0.095,-0.005,/lustre/fswork/projects/rech/fdb/usv13rn/These_PINN_KH_RT/classic_supersonic/data/spectral/supersonic_primary_modal_spectral_133pts.csv,1.4,0.125,,,2026-07-23T11:40:59.584737+00:00,0.09,-0.005,M1p400000,converged,1.7286055212168948e-11,40.0,1e-06,-1242.4565229094364,497.37828828689015,0.0111235529477996,0.0278352030388946,3801.0,True,dense_kappa_q_campaign_v1_FINAL_FREEZE,retained_classical_supersonic,base_dense_campaign,/lustre/fswork/projects/rech/fdb/usv13rn/These_PINN_KH_RT/assets/classic_supersonic/dense_kappa_q_campaign_v1_FINAL_FREEZE/classical_supersonic_maps/classical_supersonic_dense_reference.csv,,,,,,M1.400000_a0.09000000,153,C10,existing_T128,validation,validation,0.27855065,0.07360723,0.0026942461437765,0.0003775214808518,0.0027205669908603,0.0065906736493944,0.0066246505826711,3.397693327666842e-05,C10,76,0.0095321081070013,153
154,1.4,0.1,0.2846022594703237,0.0704955574151523,0.0070495557415152,2.265618248564749e-13,-4.822531263215524e-15,2.266131445659777e-13,True,log_ci,nominal,20.0,1.0,0.5,1e-09,1e-11,True,1.0,`gtol` termination condition is satisfied.,3,16,0,False,False,0.0007057883584156,0.2,0.2847905397942675,0.0705788358415602,2026-07-23T11:40:58.174696+00:00,continuation,,,,,,,,low,True,converged,0.1,0.105,-0.0049999999999999,/lustre/fswork/projects/rech/fdb/usv13rn/These_PINN_KH_RT/classic_supersonic/data/spectral/supersonic_primary_modal_spectral_133pts.csv,1.4,0.125,,,2026-07-23T11:40:58.187246+00:00,0.1,-0.0049999999999999,M1p400000,converged,3.1102474233017717e-11,40.0,1e-06,-1165.0712943512842,433.1799007410368,0.0118627576131896,0.0319710947265686,3801.0,True,dense_kappa_q_campaign_v1_FINAL_FREEZE,retained_classical_supersonic,base_dense_campaign,/lustre/fswork/projects/rech/fdb/usv13rn/These_PINN_KH_RT/assets/classic_supersonic/dense_kappa_q_campaign_v1_FINAL_FREEZE/classical_supersonic_maps/classical_supersonic_dense_reference.csv,,,,,,M1.400000_a0.10000000,154,C10,geometry_extension,validation,validation,0.2926524,0.07068892,0.0080501388775309,0.0001933608177654,0.0080524607638523,0.0070495557415152,0.0070688918232917,1.933608177654908e-05,C10,76,0.0274637621783025,154
155,1.4,0.115,0.2962218237406611,0.0659925696254854,0.0075891455069308,7.467290674689765e-14,9.209646933960867e-15,7.523869083576006e-14,True,log_ci,nominal,20.0,1.0,0.5,1e-09,1e-11,True,1.0,`gtol` termination condition is satisfied.,3,16,0,False,False,0.0006607247013484,0.2,0.2963711208523465,0.0660724701348437,2026-07-23T11:40:56.186515+00:00,continuation,,,,,,,,low,True,converged,0.115,0.12,-0.0049999999999999,/lustre/fswork/projects/rech/fdb/usv13rn/These_PINN_KH_RT/classic_supersonic/data/spectral/supersonic_primary_modal_spectral_133pts.csv,1.4,0.125,,,2026-07-23T11:40:56.198465+00:00,0.115,-0.0049999999999999,M1p400000,converged,2.781167657032437e-11,40.0,1e-06,-1086.4213479210348,360.3005458096047,0.0127221179866915,0.0384581841590211,3801.0,True,dense_kappa_q_campaign_v1_FINAL_FREEZE,retained_classical_supersonic,base_dense_campaign,/lustre/fswork/projects/rech/fdb/usv13rn/These_PINN_KH_RT/assets/classic_supersonic/dense_kappa_q_campaign_v1_FINAL_FREEZE/classical_supersonic_maps/classical_supersonic_dense_reference.csv,,,,,,M1.400000_a0.11500000,155,C10,existing_T128,validation,validation,0.30036557,0.06537449,0.0041437434666753,0.0006180760265474,0.0041895856468399,0.0075891455069308,0.0075180667638778,7.10787430529521e-05,C10,76,0.0138049750954778,155
156,1.25,0.12,0.2171187822126098,0.0931959386996336,0.011183512643956,3.16097842345542e-13,-1.4186568586538328e-14,3.164160309841579e-13,True,log_ci,nominal,20.0,1.0,0.5,1e-09,1e-11,True,1.0,`gtol` termination condition is satisfied.,3,16,0,False,False,0.0009326343388214,0.2,0.2173086645129779,0.0932634338821487,2026-07-23T11:41:02.345493+00:00,continuation,,,,,,,,low,True,converged,0.12,0.125,-0.005,/lustre/fswork/projects/rech/fdb/usv13rn/These_PINN_KH_RT/classic_supersonic/data/spectral/supersonic_primary_modal_spectral_133pts.csv,1.2,0.1875,,,2026-07-23T11:41:02.358240+00:00,0.12,-0.005,M1p250000,converged,7.651984972441978e-11,40.0,1e-06,-748.1030095504549,302.9925251387343,0.018478093103246,0.045747337819212,3801.0,True,dense_kappa_q_campaign_v1_FINAL_FREEZE,retained_classical_supersonic,base_dense_campaign,/lustre/fswork/projects/rech/fdb/usv13rn/These_PINN_KH_RT/assets/classic_supersonic/dense_kappa_q_campaign_v1_FINAL_FREEZE/classical_supersonic_maps/classical_supersonic_dense_reference.csv,,,,,,M1.250000_a0.12000000,156,C11,existing_T128,validation,validation,0.22025391,0.092688195,0.0031351323820404,0.0005077432922429,0.0031759814709372,0.011183512643956,0.0111225834488868,6.0929195069159975e-05,C11,76,0.0134418645695982,156
157,1.25,0.125,0.2213574976778959,0.0908591657147537,0.0113573957143442,2.312594560294201e-13,-7.528699885739343e-16,2.312606815181582e-13,True,log_ci,nominal,20.0,1.0,0.5,1e-09,1e-11,True,1.0,`gtol` termination condition is satisfied.,3,16,0,False,False,0.0009092811505851,0.2,0.2215329147786415,0.0909281150585125,2026-07-23T11:41:01.831540+00:00,continuation,,,,,,,,low,True,converged,0.125,0.13,-0.005,/lustre/fswork/projects/rech/fdb/usv13rn/These_PINN_KH_RT/classic_supersonic/data/spectral/supersonic_primary_modal_spectral_133pts.csv,1.2,0.1875,,,2026-07-23T11:41:01.843892+00:00,0.125,-0.005,M1p250000,converged,3.3933000647789254e-11,40.0,1e-06,-738.3853162717558,288.20426211369414,0.0187212503432919,0.0481035109155997,3801.0,True,dense_kappa_q_campaign_v1_FINAL_FREEZE,retained_classical_supersonic,base_dense_campaign,/lustre/fswork/projects/rech/fdb/usv13rn/These_PINN_KH_RT/assets/classic_supersonic/dense_kappa_q_campaign_v1_FINAL_FREEZE/classical_supersonic_maps/classical_supersonic_dense_reference.csv,,,,,,M1.250000_a0.12500000,157,C11,geometry_extension,validation,validation,0.2252446,0.089663304,0.0038870989226366,0.0011958613262306,0.0040668934515102,0.0113573957143442,0.0112079130485653,0.0001494826657788,C11,76,0.0169964362000274,157
158,1.25,0.13,0.2254063308428138,0.0885168779525414,0.0115071941338303,1.6068743557973164e-13,1.5785983631388945e-15,1.6069518949235077e-13,True,log_ci,nominal,20.0,1.0,0.5,1e-09,1e-11,True,1.0,`gtol` termination condition is satisfied.,3,16,0,False,False,0.0008858741017271,0.2,0.2255688791428625,0.0885874101727104,2026-07-23T11:41:01.320160+00:00,continuation,,,,,,,,low,True,converged,0.13,0.135,-0.005,/lustre/fswork/projects/rech/fdb/usv13rn/These_PINN_KH_RT/classic_supersonic/data/spectral/supersonic_primary_modal_spectral_133pts.csv,1.2,0.1875,,,2026-07-23T11:41:01.332074+00:00,0.13,-0.005,M1p250000,converged,3.7796443003448416e-11,40.0,1e-06,-730.389450592844,274.63564817938266,0.0189261503980482,0.0504894655066998,3801.0,True,dense_kappa_q_campaign_v1_FINAL_FREEZE,retained_classical_supersonic,base_dense_campaign,/lustre/fswork/projects/rech/fdb/usv13rn/These_PINN_KH_RT/assets/classic_supersonic/dense_kappa_q_campaign_v1_FINAL_FREEZE/classical_supersonic_maps/classical_supersonic_dense_reference.csv,,,,,,M1.250000_a0.13000000,158,C11,geometry_extension,validation,validation,0.22927621,0.08696296,0.0038698792268425,0.0015539172920837,0.0041702067312046,0.0115071941338303,0.0113051848858594,0.0002020092479708,C11,76,0.0172206112728412,158
159,1.25,0.135,0.2292797469069861,0.0861695821740407,0.0116328935934955,1.1773915176149785e-13,3.580469254416131e-15,1.1779358054494669e-13,True,log_ci,nominal,20.0,1.0,0.5,1e-09,1e-11,True,1.0,`gtol` termination condition is satisfied.,3,16,0,False,False,0.0008624183096379,0.2,0.2294307861874753,0.0862418309637945,2026-07-23T11:41:00.810178+00:00,continuation,,,,,,,,low,True,converged,0.135,0.14,-0.005,/lustre/fswork/projects/rech/fdb/usv13rn/These_PINN_KH_RT/classic_supersonic/data/spectral/supersonic_primary_modal_spectral_133pts.csv,1.2,0.1875,,,2026-07-23T11:41:00.821822+00:00,0.135,-0.005,M1p250000,converged,7.535639002642199e-11,40.0,1e-06,-724.0088139819649,262.1452356214855,0.0190928753955296,0.0529050665855442,3801.0,True,dense_kappa_q_campaign_v1_FINAL_FREEZE,retained_classical_supersonic,base_dense_campaign,/lustre/fswork/projects/rech/fdb/usv13rn/These_PINN_KH_RT/assets/classic_supersonic/dense_kappa_q_campaign_v1_FINAL_FREEZE/classical_supersonic_maps/classical_supersonic_dense_reference.csv,,,,,,M1.250000_a0.13500000,159,C11,geometry_extension,validation,validation,0.23267023,0.08460586,0.0033904857466317,0.0015637244441288,0.0037337150045603,0.0116328935934954,0.011421790793538,0.0002111027999574,C11,76,0.0152435391560074,159
160,1.25,0.14,0.2329906146711097,0.0838177442773477,0.0117344841988286,8.05397415426512e-14,5.171210681886862e-15,8.070558461267424e-14,True,log_ci,nominal,20.0,1.0,0.5,1e-09,1e-11,True,1.0,`gtol` termination condition is satisfied.,3,16,0,False,False,0.0008389184953902,0.2,0.2331313105185937,0.0838918495390293,2026-07-23T11:41:00.305255+00:00,continuation,,,,,,,,low,True,converged,0.14,0.145,-0.0049999999999999,/lustre/fswork/projects/rech/fdb/usv13rn/These_PINN_KH_RT/classic_supersonic/data/spectral/supersonic_primary_modal_spectral_133pts.csv,1.2,0.1875,,,2026-07-23T11:41:00.316687+00:00,0.14,-0.0049999999999999,M1p250000,converged,7.017067348777468e-11,40.0,1e-06,-719.1603020028643,250.6124599436746,0.0192215062121583,0.0553501901703267,3801.0,True,dense_kappa_q_campaign_v1_FINAL_FREEZE,retained_classical_supersonic,base_dense_campaign,/lustre/fswork/projects/rech/fdb/usv13rn/These_PINN_KH_RT/assets/classic_supersonic/dense_kappa_q_campaign_v1_FINAL_FREEZE/classical_supersonic_maps/classical_supersonic_dense_reference.csv,,,,,,M1.250000_a0.14000000,160,C11,geometry_extension,validation,validation,0.23565666,0.08255581,0.0026660491043343,0.0012619361504212,0.0029496272094049,0.0117344841988286,0.0115578131377697,0.0001766710610589,C11,76,0.0119124565161182,160
161,1.25,0.15,0.2399695757908944,0.0791021284512497,0.0118653192676874,4.871103520542874e-14,4.740999259844614e-15,4.8941209882535255e-14,True,log_ci,nominal,20.0,1.0,0.5,1e-09,1e-11,True,1.0,`gtol` termination condition is satisfied.,3,16,0,False,False,0.0007918040012166,0.2,0.2400924717472486,0.0791804001216666,2026-07-23T11:40:59.278151+00:00,continuation,,,,,,,,low,True,converged,0.15,0.155,-0.005,/lustre/fswork/projects/rech/fdb/usv13rn/These_PINN_KH_RT/classic_supersonic/data/spectral/supersonic_primary_modal_spectral_133pts.csv,1.2,0.1875,,,2026-07-23T11:40:59.291120+00:00,0.15,-0.005,M1p250000,converged,4.59047445165952e-11,40.0,1e-06,-713.8296201845516,230.0206969981089,0.0193648039646903,0.060328553185947,3801.0,True,dense_kappa_q_campaign_v1_FINAL_FREEZE,retained_classical_supersonic,base_dense_campaign,/lustre/fswork/projects/rech/fdb/usv13rn/These_PINN_KH_RT/assets/classic_supersonic/dense_kappa_q_campaign_v1_FINAL_FREEZE/classical_supersonic_maps/classical_supersonic_dense_reference.csv,,,,,,M1.250000_a0.15000000,161,C11,geometry_extension,validation,validation,0.2408801,0.07901921,0.0009105261282797,8.291721858749712e-05,0.0009142937686643,0.0118653192676874,0.0118528816848993,1.2437582788125607e-05,C11,76,0.003618517418373,161
162,1.25,0.165,0.249471908602467,0.072004408591219,0.0118807274175511,2.1656287874094463e-14,4.128641872824801e-15,2.2046325956941056e-14,True,log_ci,nominal,20.0,1.0,0.5,1e-09,1e-11,True,1.0,`gtol` termination condition is satisfied.,3,16,0,False,False,0.0007209024097379,0.2,0.2495736445434791,0.0720902409737948,2026-07-23T11:40:57.702302+00:00,continuation,,,,,,,,low,True,converged,0.165,0.17,-0.005,/lustre/fswork/projects/rech/fdb/usv13rn/These_PINN_KH_RT/classic_supersonic/data/spectral/supersonic_primary_modal_spectral_133pts.csv,1.2,0.1875,,,2026-07-23T11:40:57.715731+00:00,0.165,-0.005,M1p250000,converged,3.249508121819775e-11,40.0,1e-06,-716.3554236838083,204.14796832641105,0.0192960220751765,0.068014875046546,3801.0,True,dense_kappa_q_campaign_v1_FINAL_FREEZE,retained_classical_supersonic,base_dense_campaign,/lustre/fswork/projects/rech/fdb/usv13rn/These_PINN_KH_RT/assets/classic_supersonic/dense_kappa_q_campaign_v1_FINAL_FREEZE/classical_supersonic_maps/classical_supersonic_dense_reference.csv,,,,,,M1.250000_a0.16500000,162,C11,existing_T128,validation,validation,0.24842209,0.07345389,0.0010498223636059,0.0014494797058619,0.0017897257926377,0.0118807274175511,0.0121198915690183,0.0002391641514672,C11,76,0.0068926992155527,162
163,1.25,0.175,0.2552531931688245,0.0672601587494335,0.0117705277811508,1.474514954580286e-14,6.271025365656158e-15,1.6023270398542032e-14,True,log_ci,nominal,20.0,1.0,0.5,1e-09,1e-11,True,1.0,`gtol` termination condition is satisfied.,3,16,0,False,False,0.0006735209885939,0.2,0.2553435797322652,0.0673520988593993,2026-07-23T11:40:56.635079+00:00,continuation,,,,,,,,low,True,converged,0.175,0.18,-0.005,/lustre/fswork/projects/rech/fdb/usv13rn/These_PINN_KH_RT/classic_supersonic/data/spectral/supersonic_primary_modal_spectral_133pts.csv,1.2,0.1875,,,2026-07-23T11:40:56.648476+00:00,0.175,-0.005,M1p250000,converged,3.3942947722651475e-11,40.0,1e-06,-725.1367415542787,189.54737792909705,0.0190619321125057,0.0732838809535004,3801.0,True,dense_kappa_q_campaign_v1_FINAL_FREEZE,retained_classical_supersonic,base_dense_campaign,/lustre/fswork/projects/rech/fdb/usv13rn/These_PINN_KH_RT/assets/classic_supersonic/dense_kappa_q_campaign_v1_FINAL_FREEZE/classical_supersonic_maps/classical_supersonic_dense_reference.csv,,,,,,M1.250000_a0.17500000,163,C11,existing_T128,validation,validation,0.2548922,0.068653174,0.0003609929372723,0.0013930149952449,0.0014390297695801,0.0117705277811508,0.0120143054053187,0.0002437776241678,C11,76,0.0054515696026469,163
164,1.25,0.185,0.2606507009450217,0.0625085633894292,0.0115640842270444,2.8449465006019636e-16,9.246076126956382e-16,9.673863981716928e-16,True,log_ci,nominal,20.0,1.0,0.5,1e-09,1e-11,True,1.0,`gtol` termination condition is satisfied.,4,21,0,False,False,0.0006131975065074,0.2,0.2619451708342147,0.061319750650747,2026-07-23T11:40:55.552131+00:00,continuation,,,,,,,,low,True,converged,0.185,0.1875,-0.0025,/lustre/fswork/projects/rech/fdb/usv13rn/These_PINN_KH_RT/classic_supersonic/data/spectral/supersonic_primary_modal_spectral_133pts.csv,1.2,0.1875,,,2026-07-23T11:40:55.566008+00:00,0.185,-0.0025,M1p250000,converged,3.629226592764008e-11,40.0,1e-06,-740.0235041225868,176.6481608666818,0.0186779953335102,0.0786679410057227,3801.0,True,dense_kappa_q_campaign_v1_FINAL_FREEZE,retained_classical_supersonic,base_dense_campaign,/lustre/fswork/projects/rech/fdb/usv13rn/These_PINN_KH_RT/assets/classic_supersonic/dense_kappa_q_campaign_v1_FINAL_FREEZE/classical_supersonic_maps/classical_supersonic_dense_reference.csv,,,,,,M1.250000_a0.18500000,164,C11,existing_T128,validation,validation,0.26258126,0.06307994,0.0019305580672006,0.0005713749030741,0.0020133364673338,0.0115640842270444,0.0116697885841131,0.0001057043570687,C11,76,0.0075112935549716,164
165,1.25,0.2,0.2681174439846895,0.0553716212071203,0.011074324241424,1.0859368959614812e-14,1.7232743010353602e-14,2.0368930405446835e-14,True,log_ci,nominal,20.0,1.0,0.5,1e-09,1e-11,True,1.0,`gtol` termination condition is satisfied.,3,16,0,False,False,0.0005546665296144,0.2,0.2681938534242447,0.0554666529614486,2026-07-23T11:41:11.365279+00:00,continuation,,,,,,,,high,True,converged,0.2,0.195,0.005,/lustre/fswork/projects/rech/fdb/usv13rn/These_PINN_KH_RT/classic_supersonic/data/spectral/supersonic_primary_modal_spectral_133pts.csv,1.2,0.1875,,,2026-07-23T11:41:11.378758+00:00,0.2,0.005,M1p250000,converged,5.671717480065151e-11,40.0,1e-06,-775.5086920727587,159.90892187637036,0.0178225539249549,0.086958376158888,3801.0,True,dense_kappa_q_campaign_v1_FINAL_FREEZE,retained_classical_supersonic,base_dense_campaign,/lustre/fswork/projects/rech/fdb/usv13rn/These_PINN_KH_RT/assets/classic_supersonic/dense_kappa_q_campaign_v1_FINAL_FREEZE/classical_supersonic_maps/classical_supersonic_dense_reference.csv,,,,,,M1.250000_a0.20000000,165,C11,geometry_extension,validation,validation,0.27128386,0.05515606,0.003166420990286,0.0002155616439603,0.0031737499444775,0.011074324241424,0.0110312119126319,4.311232879207136e-05,C11,76,0.0115925306690454,165
166,1.3,0.125,0.2507348468934173,0.0805663184923582,0.0100707898115447,2.423616862756717e-13,-1.2819606487468604e-15,2.423650766869931e-13,True,log_ci,nominal,20.0,1.0,0.5,1e-09,1e-11,True,1.0,`gtol` termination condition is satisfied.,3,16,0,False,False,0.0008063307898619,0.2,0.2509161766736624,0.0806330789861904,2026-07-23T11:41:02.150941+00:00,continuation,,,,,,,,high,True,converged,0.125,0.12,0.005,/lustre/fswork/projects/rech/fdb/usv13rn/These_PINN_KH_RT/classic_supersonic/data/spectral/supersonic_primary_modal_spectral_133pts.csv,1.3,0.1,,,2026-07-23T11:41:02.162880+00:00,0.125,0.005,M1p300000,converged,4.5816801952937635e-11,40.0,1e-06,-834.1762554726979,298.8089246856502,0.0165702706942461,0.0463945578184219,3801.0,True,dense_kappa_q_campaign_v1_FINAL_FREEZE,retained_classical_supersonic,base_dense_campaign,/lustre/fswork/projects/rech/fdb/usv13rn/These_PINN_KH_RT/assets/classic_supersonic/dense_kappa_q_campaign_v1_FINAL_FREEZE/classical_supersonic_maps/classical_supersonic_dense_reference.csv,,,,,,M1.300000_a0.12500000,166,C11,geometry_extension,validation,validation,0.25193366,0.081078894,0.0011988171900635,0.0005125759440012,0.0013038008872372,0.0100707898115447,0.0101348618045449,6.407199300015147e-05,C11,76,0.0049506268064699,166
167,1.3,0.14,0.2614849500675949,0.0742149320251794,0.0103900904835251,9.079542673262608e-14,5.244069067877888e-15,9.094674142567364e-14,True,log_ci,nominal,20.0,1.0,0.5,1e-09,1e-11,True,1.0,`gtol` termination condition is satisfied.,3,16,0,False,False,0.0007428461762756,0.2,0.2616300178938321,0.0742846176275675,2026-07-23T11:41:03.685885+00:00,continuation,,,,,,,,high,True,converged,0.14,0.135,0.005,/lustre/fswork/projects/rech/fdb/usv13rn/These_PINN_KH_RT/classic_supersonic/data/spectral/supersonic_primary_modal_spectral_133pts.csv,1.3,0.1,,,2026-07-23T11:41:03.697530+00:00,0.14,0.005,M1p300000,converged,3.5673937616280856e-11,40.0,1e-06,-812.391814764784,259.08388334665017,0.0170147090310698,0.0535383558280074,3801.0,True,dense_kappa_q_campaign_v1_FINAL_FREEZE,retained_classical_supersonic,base_dense_campaign,/lustre/fswork/projects/rech/fdb/usv13rn/These_PINN_KH_RT/assets/classic_supersonic/dense_kappa_q_campaign_v1_FINAL_FREEZE/classical_supersonic_maps/classical_supersonic_dense_reference.csv,,,,,,M1.300000_a0.14000000,167,C11,geometry_extension,validation,validation,0.2620215,0.07412652,0.0005365617255416,8.841276238871765e-05,0.0005437971146203,0.0103900904835251,0.0103777126967906,1.237778673442158e-05,C11,76,0.002000630501733,167
168,1.3,0.15,0.2679572274581126,0.0699210503103882,0.0104881575465582,4.9182879990894454e-14,4.3680337125096e-15,4.9376466081650126e-14,True,log_ci,nominal,20.0,1.0,0.5,1e-09,1e-11,True,1.0,`gtol` termination condition is satisfied.,3,16,0,False,False,0.0006999353840287,0.2,0.2680837116979584,0.0699935384028774,2026-07-23T11:41:04.723589+00:00,continuation,,,,,,,,high,True,converged,0.15,0.145,0.005,/lustre/fswork/projects/rech/fdb/usv13rn/These_PINN_KH_RT/classic_supersonic/data/spectral/supersonic_primary_modal_spectral_133pts.csv,1.3,0.1,,,2026-07-23T11:41:04.734915+00:00,0.15,0.005,M1p300000,converged,2.975197633988565e-11,40.0,1e-06,-807.0362649940749,237.3727078119663,0.0171276300481934,0.0584579045889996,3801.0,True,dense_kappa_q_campaign_v1_FINAL_FREEZE,retained_classical_supersonic,base_dense_campaign,/lustre/fswork/projects/rech/fdb/usv13rn/These_PINN_KH_RT/assets/classic_supersonic/dense_kappa_q_campaign_v1_FINAL_FREEZE/classical_supersonic_maps/classical_supersonic_dense_reference.csv,,,,,,M1.300000_a0.15000000,168,C11,existing_T128,validation,validation,0.26856416,0.07012184,0.0006069371804066,0.0002007893321365,0.0006392879608281,0.0104881575465582,0.0105182759463787,3.011839982047793e-05,C11,76,0.0023084850945745,168
169,1.3,0.165,0.2767939145626458,0.0634079026984927,0.0104623039452513,2.224609385592657e-14,4.666406150377611e-15,2.2730245009831638e-14,True,log_ci,nominal,20.0,1.0,0.5,1e-09,1e-11,True,1.0,`gtol` termination condition is satisfied.,3,16,0,False,False,0.000634859060436,0.2,0.2768983255788714,0.0634859060436069,2026-07-23T11:41:06.307159+00:00,continuation,,,,,,,,high,True,converged,0.165,0.16,0.005,/lustre/fswork/projects/rech/fdb/usv13rn/These_PINN_KH_RT/classic_supersonic/data/spectral/supersonic_primary_modal_spectral_133pts.csv,1.3,0.1,,,2026-07-23T11:41:06.319192+00:00,0.165,0.005,M1p300000,converged,2.827958813105998e-11,40.0,1e-06,-812.0321675138193,210.15178997099108,0.0170221888572383,0.0660695641765022,3801.0,True,dense_kappa_q_campaign_v1_FINAL_FREEZE,retained_classical_supersonic,base_dense_campaign,/lustre/fswork/projects/rech/fdb/usv13rn/These_PINN_KH_RT/assets/classic_supersonic/dense_kappa_q_campaign_v1_FINAL_FREEZE/classical_supersonic_maps/classical_supersonic_dense_reference.csv,,,,,,M1.300000_a0.16500000,169,C11,geometry_extension,validation,validation,0.276617,0.0643884,0.0001769239963921,0.0009804991078618,0.0009963335791878,0.0104623039452512,0.0106240862980484,0.0001617823527972,C11,76,0.0035086641995102,169
170,1.3,0.18,0.2847433722614646,0.0568244575691361,0.0102284023624445,1.199040866595169e-14,6.5034783114370506e-15,1.3640569274185791e-14,True,log_ci,nominal,20.0,1.0,0.5,1e-09,1e-11,True,1.0,`gtol` termination condition is satisfied.,3,16,0,False,False,0.0005690975339632,0.2,0.2848307292266714,0.056909753396325,2026-07-23T11:41:07.892462+00:00,continuation,,,,,,,,high,True,converged,0.18,0.175,0.005,/lustre/fswork/projects/rech/fdb/usv13rn/These_PINN_KH_RT/classic_supersonic/data/spectral/supersonic_primary_modal_spectral_133pts.csv,1.3,0.1,,,2026-07-23T11:41:07.904591+00:00,0.18,0.005,M1p300000,converged,4.5304627236022976e-11,40.0,1e-06,-833.3017290845298,187.8563297796612,0.0165875564786216,0.0739567613678666,3801.0,True,dense_kappa_q_campaign_v1_FINAL_FREEZE,retained_classical_supersonic,base_dense_campaign,/lustre/fswork/projects/rech/fdb/usv13rn/These_PINN_KH_RT/assets/classic_supersonic/dense_kappa_q_campaign_v1_FINAL_FREEZE/classical_supersonic_maps/classical_supersonic_dense_reference.csv,,,,,,M1.300000_a0.18000000,170,C11,geometry_extension,validation,validation,0.28472474,0.057305846,1.863008731606275e-05,0.0004813887941699,0.0004817491580748,0.0102284023624444,0.010315052345395,8.664998295059012e-05,C11,76,0.0016591554117538,170
171,1.3,0.19,0.2896217231739951,0.0524040829124998,0.0099567757533749,9.23566778610052e-15,1.5118115093137874e-14,1.7715952230252206e-14,True,log_ci,nominal,20.0,1.0,0.5,1e-09,1e-11,True,1.0,`gtol` termination condition is satisfied.,3,16,0,False,False,0.0005249543570083,0.2,0.2896997657398449,0.0524954357008312,2026-07-23T11:41:08.995827+00:00,continuation,,,,,,,,high,True,converged,0.19,0.185,0.005,/lustre/fswork/projects/rech/fdb/usv13rn/These_PINN_KH_RT/classic_supersonic/data/spectral/supersonic_primary_modal_spectral_133pts.csv,1.3,0.1,,,2026-07-23T11:41:09.041077+00:00,0.19,0.005,M1p300000,converged,3.215762831712591e-11,40.0,1e-06,-857.7089879017782,175.1263422291436,0.0161153957957559,0.0793663278292265,3801.0,True,dense_kappa_q_campaign_v1_FINAL_FREEZE,retained_classical_supersonic,base_dense_campaign,/lustre/fswork/projects/rech/fdb/usv13rn/These_PINN_KH_RT/assets/classic_supersonic/dense_kappa_q_campaign_v1_FINAL_FREEZE/classical_supersonic_maps/classical_supersonic_dense_reference.csv,,,,,,M1.300000_a0.19000000,171,C11,geometry_extension,validation,validation,0.29113266,0.051932544,0.0015109355460213,0.0004715393963407,0.0015828062504717,0.0099567757533749,0.0098671832680702,8.959248530474202e-05,C11,76,0.0053777584795485,171
172,1.3,0.205,0.2963941012868269,0.0457359573632657,0.0093758712594694,1.0345890810725678e-14,5.4581339448134265e-14,5.55532183821956e-14,True,log_ci,nominal,20.0,1.0,0.5,1e-09,1e-11,True,1.0,`gtol` termination condition is satisfied.,3,16,0,False,False,0.0004583871343045,0.2,0.296460509373553,0.0458387134304527,2026-07-23T11:41:10.649286+00:00,continuation,,,,,,,,high,True,converged,0.205,0.2,0.0049999999999999,/lustre/fswork/projects/rech/fdb/usv13rn/These_PINN_KH_RT/classic_supersonic/data/spectral/supersonic_primary_modal_spectral_133pts.csv,1.3,0.1,,,2026-07-23T11:41:10.662946+00:00,0.205,0.0049999999999999,M1p300000,converged,1.0124341234970804e-10,40.0,1e-06,-913.2839932556,158.5781467712404,0.0151344913290031,0.0877055304802117,3801.0,True,dense_kappa_q_campaign_v1_FINAL_FREEZE,retained_classical_supersonic,base_dense_campaign,/lustre/fswork/projects/rech/fdb/usv13rn/These_PINN_KH_RT/assets/classic_supersonic/dense_kappa_q_campaign_v1_FINAL_FREEZE/classical_supersonic_maps/classical_supersonic_dense_reference.csv,,,,,,M1.300000_a0.20500000,172,C11,geometry_extension,validation,validation,0.30017838,0.045171008,0.0037842775335923,0.0005649498492657,0.0038262154648474,0.0093758712594694,0.0092600565403699,0.0001158147190994,C11,76,0.012758217002453,172
173,1.35,0.12,0.2742053174866416,0.0730358087275012,0.0087642970473001,1.9547211072001858e-13,1.6028844918025701e-15,1.95478682490018e-13,True,log_ci,nominal,20.0,1.0,0.5,1e-09,1e-11,True,1.0,`gtol` termination condition is satisfied.,3,16,0,False,False,0.0007310715885151,0.2,0.2743824667596694,0.0731071588515145,2026-07-23T11:41:04.702942+00:00,continuation,,,,,,,,high,True,converged,0.12,0.115,0.0049999999999999,/lustre/fswork/projects/rech/fdb/usv13rn/These_PINN_KH_RT/classic_supersonic/data/spectral/supersonic_primary_modal_spectral_133pts.csv,1.3,0.1,,,2026-07-23T11:41:04.715246+00:00,0.12,0.0049999999999999,M1p350000,converged,3.3114972412197674e-11,40.0,1e-06,-951.7184232765776,327.2239755761512,0.0145231378405023,0.0423557967300998,3801.0,True,dense_kappa_q_campaign_v1_FINAL_FREEZE,retained_classical_supersonic,base_dense_campaign,/lustre/fswork/projects/rech/fdb/usv13rn/These_PINN_KH_RT/assets/classic_supersonic/dense_kappa_q_campaign_v1_FINAL_FREEZE/classical_supersonic_maps/classical_supersonic_dense_reference.csv,,,,,,M1.350000_a0.12000000,173,C11,geometry_extension,validation,validation,0.2770064,0.07376849,0.0028010702239296,0.0007326803352848,0.0028953091152929,0.0087642970473001,0.0088522186875343,8.792164023418807e-05,C11,76,0.0102031798672321,173
174,1.35,0.13,0.2813135711090627,0.0693127042819089,0.0090106515566481,9.755043994807977e-14,4.260480856999038e-15,9.764343311865256e-14,True,log_ci,nominal,20.0,1.0,0.5,1e-09,1e-11,True,1.0,`gtol` termination condition is satisfied.,3,16,0,False,False,0.0006938430908639,0.2,0.281465885342193,0.069384309086397,2026-07-23T11:41:06.077325+00:00,continuation,,,,,,,,high,True,converged,0.13,0.125,0.005,/lustre/fswork/projects/rech/fdb/usv13rn/These_PINN_KH_RT/classic_supersonic/data/spectral/supersonic_primary_modal_spectral_133pts.csv,1.3,0.1,,,2026-07-23T11:41:06.090104+00:00,0.13,0.005,M1p350000,converged,2.8920711203957435e-11,40.0,1e-06,-928.1753239460992,295.17988527909995,0.0148917741034708,0.0469711977664875,3801.0,True,dense_kappa_q_campaign_v1_FINAL_FREEZE,retained_classical_supersonic,base_dense_campaign,/lustre/fswork/projects/rech/fdb/usv13rn/These_PINN_KH_RT/assets/classic_supersonic/dense_kappa_q_campaign_v1_FINAL_FREEZE/classical_supersonic_maps/classical_supersonic_dense_reference.csv,,,,,,M1.350000_a0.13000000,174,C11,geometry_extension,validation,validation,0.2796072,0.07011482,0.0017063645260396,0.0008021169136935,0.0018854897079962,0.0090106515566481,0.0091149267554283,0.0001042751987801,C11,76,0.0065078211055671,174
175,1.35,0.14,0.2878537618589696,0.065498137605778,0.0091697392648089,5.0248000205144194e-14,6.125308593674106e-15,5.0619965724839336e-14,True,log_ci,nominal,20.0,1.0,0.5,1e-09,1e-11,True,1.0,`gtol` termination condition is satisfied.,3,16,0,False,False,0.0006557108277271,0.2,0.2879859892926056,0.0655710827727121,2026-07-23T11:41:07.480778+00:00,continuation,,,,,,,,high,True,converged,0.14,0.135,0.005,/lustre/fswork/projects/rech/fdb/usv13rn/These_PINN_KH_RT/classic_supersonic/data/spectral/supersonic_primary_modal_spectral_133pts.csv,1.3,0.1,,,2026-07-23T11:41:07.493355+00:00,0.14,0.005,M1p350000,converged,2.790332015387944e-11,40.0,1e-06,-914.2696753979154,268.1745133445092,0.0151185094148307,0.0517209014807014,3801.0,True,dense_kappa_q_campaign_v1_FINAL_FREEZE,retained_classical_supersonic,base_dense_campaign,/lustre/fswork/projects/rech/fdb/usv13rn/These_PINN_KH_RT/assets/classic_supersonic/dense_kappa_q_campaign_v1_FINAL_FREEZE/classical_supersonic_maps/classical_supersonic_dense_reference.csv,,,,,,M1.350000_a0.14000000,175,C11,geometry_extension,validation,validation,0.2847157,0.06582763,0.0031380497885045,0.0003294928544843,0.0031553006221736,0.0091697392648089,0.0092158682644367,4.6128999627801856e-05,C11,76,0.0106882735414056,175
176,1.35,0.15,0.2938988427909336,0.0616057159092201,0.009240857386383,2.6683516507475247e-14,5.157332894079048e-15,2.71773460033362e-14,True,log_ci,nominal,20.0,1.0,0.5,1e-09,1e-11,True,1.0,`gtol` termination condition is satisfied.,3,16,0,False,False,0.0006168097361585,0.2,0.2940145593358604,0.0616809736158514,2026-07-23T11:41:08.907353+00:00,continuation,,,,,,,,high,True,converged,0.15,0.145,0.005,/lustre/fswork/projects/rech/fdb/usv13rn/These_PINN_KH_RT/classic_supersonic/data/spectral/supersonic_primary_modal_spectral_133pts.csv,1.3,0.1,,,2026-07-23T11:41:08.920159+00:00,0.15,0.005,M1p350000,converged,3.0467898108098884e-11,40.0,1e-06,-909.2147459380044,245.1401240202435,0.0152027816128918,0.0566029364373384,3801.0,True,dense_kappa_q_campaign_v1_FINAL_FREEZE,retained_classical_supersonic,base_dense_campaign,/lustre/fswork/projects/rech/fdb/usv13rn/These_PINN_KH_RT/assets/classic_supersonic/dense_kappa_q_campaign_v1_FINAL_FREEZE/classical_supersonic_maps/classical_supersonic_dense_reference.csv,,,,,,M1.350000_a0.15000000,176,C11,geometry_extension,validation,validation,0.29216713,0.061549515,0.0017317156585178,5.620137713086698e-05,0.0017326274027462,0.009240857386383,0.0092324271798133,8.4302065696297e-06,C11,76,0.0057699204242146,176
177,1.35,0.16,0.2995091787227976,0.0576466978458383,0.0092234716553341,1.4981071938535706e-14,5.349887199912473e-15,1.590766511714932e-14,True,log_ci,nominal,20.0,1.0,0.5,1e-09,1e-11,True,1.0,`gtol` termination condition is satisfied.,3,16,0,False,False,0.0005772520332497,0.2,0.2996111370949777,0.0577252033249713,2026-07-23T11:41:10.319793+00:00,continuation,,,,,,,,high,True,converged,0.16,0.155,0.005,/lustre/fswork/projects/rech/fdb/usv13rn/These_PINN_KH_RT/classic_supersonic/data/spectral/supersonic_primary_modal_spectral_133pts.csv,1.3,0.1,,,2026-07-23T11:41:10.334091+00:00,0.16,0.005,M1p350000,converged,4.343555301878458e-11,40.0,1e-06,-912.7427768006418,225.2873660356677,0.0151442156764792,0.0616155956665114,3801.0,True,dense_kappa_q_campaign_v1_FINAL_FREEZE,retained_classical_supersonic,base_dense_campaign,/lustre/fswork/projects/rech/fdb/usv13rn/These_PINN_KH_RT/assets/classic_supersonic/dense_kappa_q_campaign_v1_FINAL_FREEZE/classical_supersonic_maps/classical_supersonic_dense_reference.csv,,,,,,M1.350000_a0.16000000,177,C11,geometry_extension,validation,validation,0.29920152,0.0575992,0.0003076604256021,4.7496047399273045e-05,0.0003113050144155,0.0092234716553341,0.0092158722877502,7.599367583883965e-06,C11,76,0.0010206508389857,177
178,1.35,0.175,0.3072180313716652,0.0516035602251204,0.009030623039396,8.007483565108942e-15,9.712716741994144e-15,1.2587956925399098e-14,True,log_ci,nominal,20.0,1.0,0.5,1e-09,1e-11,True,1.0,`gtol` termination condition is satisfied.,3,16,0,False,False,0.0005168877131672,0.2,0.3073032623536505,0.0516887713167239,2026-07-23T11:41:12.527223+00:00,continuation,,,,,,,,high,True,converged,0.175,0.17,0.0049999999999999,/lustre/fswork/projects/rech/fdb/usv13rn/These_PINN_KH_RT/classic_supersonic/data/spectral/supersonic_primary_modal_spectral_133pts.csv,1.3,0.1,,,2026-07-23T11:41:12.547896+00:00,0.175,0.0049999999999999,M1p350000,converged,3.1686627798823576e-11,40.0,1e-06,-934.7381251786908,200.21004560328515,0.0147881154728986,0.0693762214386186,3801.0,True,dense_kappa_q_campaign_v1_FINAL_FREEZE,retained_classical_supersonic,base_dense_campaign,/lustre/fswork/projects/rech/fdb/usv13rn/These_PINN_KH_RT/assets/classic_supersonic/dense_kappa_q_campaign_v1_FINAL_FREEZE/classical_supersonic_maps/classical_supersonic_dense_reference.csv,,,,,,M1.350000_a0.17500000,178,C11,geometry_extension,validation,validation,0.30677086,0.051287524,0.0004471702228309,0.0003160358229788,0.0005475763413375,0.009030623039396,0.0089753167703747,5.530626902129458e-05,C11,76,0.0017577463305802,178
179,1.35,0.19,0.3142004177558614,0.0454576540431336,0.0086369542681953,8.264222639553509e-15,3.029347606098298e-14,3.1400510627909514e-14,True,log_ci,nominal,20.0,1.0,0.5,1e-09,1e-11,True,1.0,`gtol` termination condition is satisfied.,3,16,0,False,False,0.0004555212915253,0.2,0.3142724235138391,0.0455521291525353,2026-07-23T11:41:14.701329+00:00,continuation,,,,,,,,high,True,converged,0.19,0.185,0.005,/lustre/fswork/projects/rech/fdb/usv13rn/These_PINN_KH_RT/classic_supersonic/data/spectral/supersonic_primary_modal_spectral_133pts.csv,1.3,0.1,,,2026-07-23T11:41:14.714407+00:00,0.19,0.005,M1p350000,converged,8.931316506089193e-11,40.0,1e-06,-979.6735469262576,179.5170900956428,0.0141100347191462,0.0774227587387277,3801.0,True,dense_kappa_q_campaign_v1_FINAL_FREEZE,retained_classical_supersonic,base_dense_campaign,/lustre/fswork/projects/rech/fdb/usv13rn/These_PINN_KH_RT/assets/classic_supersonic/dense_kappa_q_campaign_v1_FINAL_FREEZE/classical_supersonic_maps/classical_supersonic_dense_reference.csv,,,,,,M1.350000_a0.19000000,179,C11,existing_T128,validation,validation,0.31398237,0.04360955,0.0002180502402974,0.0018481056830242,0.0018609246419241,0.0086369542681953,0.0082858141884207,0.0003511400797746,C11,76,0.005861701853775,179
180,1.35,0.195,0.3163863053741663,0.0433899218473674,0.0084610347602366,1.3655743202889424e-14,5.008493619840237e-14,5.1913198287345944e-14,True,log_ci,nominal,20.0,1.0,0.5,1e-09,1e-11,True,1.0,`gtol` termination condition is satisfied.,3,16,0,False,False,0.0004348817558308,0.2,0.3164545129628396,0.0434881755830869,2026-07-23T11:41:15.430562+00:00,continuation,,,,,,,,high,True,converged,0.195,0.19,0.005,/lustre/fswork/projects/rech/fdb/usv13rn/These_PINN_KH_RT/classic_supersonic/data/spectral/supersonic_primary_modal_spectral_133pts.csv,1.3,0.1,,,2026-07-23T11:41:15.443991+00:00,0.195,0.005,M1p350000,converged,6.424522252539345e-11,40.0,1e-06,-1000.7799011363512,173.40808687983983,0.0138125202263409,0.0801677374871118,3801.0,True,dense_kappa_q_campaign_v1_FINAL_FREEZE,retained_classical_supersonic,base_dense_campaign,/lustre/fswork/projects/rech/fdb/usv13rn/These_PINN_KH_RT/assets/classic_supersonic/dense_kappa_q_campaign_v1_FINAL_FREEZE/classical_supersonic_maps/classical_supersonic_dense_reference.csv,,,,,,M1.350000_a0.19500000,180,C11,existing_T128,validation,validation,0.31691256,0.041087877,0.0005262562808782,0.0023020448420287,0.0023614309492074,0.0084610347602366,0.008012136016041,0.0004488987441956,C11,76,0.0073945440897201,180
181,1.35,0.205,0.3205673791062923,0.0392299223989418,0.008042134091783,1.4085954624931674e-14,1.2001510896197942e-13,1.2083890307699514e-13,True,log_ci,nominal,20.0,1.0,0.5,1e-09,1e-11,True,1.0,`gtol` termination condition is satisfied.,3,16,0,False,False,0.0003933701888118,0.2,0.320628744117789,0.039337018881188,2026-07-23T11:41:16.875113+00:00,continuation,,,,,,,,high,True,converged,0.205,0.2,0.0049999999999999,/lustre/fswork/projects/rech/fdb/usv13rn/These_PINN_KH_RT/classic_supersonic/data/spectral/supersonic_primary_modal_spectral_133pts.csv,1.3,0.1,,,2026-07-23T11:41:16.888393+00:00,0.205,0.0049999999999999,M1p350000,converged,4.8625930929388226e-11,40.0,1e-06,-1054.3828371774632,162.18909322675395,0.0131104325397849,0.0857509887936165,3801.0,True,dense_kappa_q_campaign_v1_FINAL_FREEZE,retained_classical_supersonic,base_dense_campaign,/lustre/fswork/projects/rech/fdb/usv13rn/These_PINN_KH_RT/assets/classic_supersonic/dense_kappa_q_campaign_v1_FINAL_FREEZE/classical_supersonic_maps/classical_supersonic_dense_reference.csv,,,,,,M1.350000_a0.20500000,181,C11,geometry_extension,validation,validation,0.32367352,0.03696668,0.0031061374056248,0.002263240918534,0.0038432211799412,0.008042134091783,0.0075781697034835,0.0004639643882994,C11,76,0.0119000329250838,181
182,1.4,0.13,0.3063854824913954,0.0611151985503771,0.007944975811549,-2.2495894036467234e-14,3.006622728563002e-14,3.755054289475886e-14,True,log_ci,nominal,20.0,1.0,0.5,1e-09,1e-11,True,1.0,`gtol` termination condition is satisfied.,4,21,0,False,False,0.000627766263558,0.2,0.3031399613158659,0.0627766263558038,2026-07-23T11:41:05.808813+00:00,continuation,,,,,,,,high,True,converged,0.13,0.125,0.005,/lustre/fswork/projects/rech/fdb/usv13rn/These_PINN_KH_RT/classic_supersonic/data/spectral/supersonic_primary_modal_spectral_133pts.csv,1.4,0.125,,,2026-07-23T11:41:05.821657+00:00,0.13,0.005,M1p400000,converged,2.4833844070111408e-11,40.0,1e-06,-1041.160503433071,306.23434823986423,0.0132757504938327,0.0452730703932682,3801.0,True,dense_kappa_q_campaign_v1_FINAL_FREEZE,retained_classical_supersonic,base_dense_campaign,/lustre/fswork/projects/rech/fdb/usv13rn/These_PINN_KH_RT/assets/classic_supersonic/dense_kappa_q_campaign_v1_FINAL_FREEZE/classical_supersonic_maps/classical_supersonic_dense_reference.csv,,,,,,M1.400000_a0.13000000,182,C11,existing_T128,validation,validation,0.30280337,0.061630692,0.0035821151150678,0.0005154937826059,0.0036190167915475,0.007944975811549,0.0080119900032877,6.701419173876788e-05,C11,76,0.0115837672703868,182
183,1.4,0.145,0.3153782841847528,0.0559501968448136,0.0081127785424979,1.7662954432395853e-14,5.993469609499869e-15,1.865212152118065e-14,True,log_ci,nominal,20.0,1.0,0.5,1e-09,1e-11,True,1.0,`gtol` termination condition is satisfied.,3,16,0,False,False,0.000560270758465,0.2,0.3154915322542168,0.0560270758465066,2026-07-23T11:41:07.877389+00:00,continuation,,,,,,,,high,True,converged,0.145,0.14,0.0049999999999999,/lustre/fswork/projects/rech/fdb/usv13rn/These_PINN_KH_RT/classic_supersonic/data/spectral/supersonic_primary_modal_spectral_133pts.csv,1.4,0.125,,,2026-07-23T11:41:07.890321+00:00,0.145,0.0049999999999999,M1p400000,converged,4.350691732280346e-11,40.0,1e-06,-1022.4969870870094,264.7092799339164,0.0135186564221034,0.0524054253709918,3801.0,True,dense_kappa_q_campaign_v1_FINAL_FREEZE,retained_classical_supersonic,base_dense_campaign,/lustre/fswork/projects/rech/fdb/usv13rn/These_PINN_KH_RT/assets/classic_supersonic/dense_kappa_q_campaign_v1_FINAL_FREEZE/classical_supersonic_maps/classical_supersonic_dense_reference.csv,,,,,,M1.400000_a0.14500000,183,C11,existing_T128,validation,validation,0.31311578,0.055988725,0.0022625085995782,3.85284299876526e-05,0.0022628366275722,0.0081127785424979,0.0081183651648461,5.586622348209558e-06,C11,76,0.0070646794057674,183
184,1.4,0.16,0.3234118947756643,0.0505600727271105,0.0080896116363376,9.221789998292708e-15,7.433290094560618e-15,1.1844627997641142e-14,True,log_ci,nominal,20.0,1.0,0.5,1e-09,1e-11,True,1.0,`gtol` termination condition is satisfied.,3,16,0,False,False,0.0005064099809519,0.2,0.3235056550542971,0.0506409980951901,2026-07-23T11:41:10.018087+00:00,continuation,,,,,,,,high,True,converged,0.16,0.155,0.005,/lustre/fswork/projects/rech/fdb/usv13rn/These_PINN_KH_RT/classic_supersonic/data/spectral/supersonic_primary_modal_spectral_133pts.csv,1.4,0.125,,,2026-07-23T11:41:10.033139+00:00,0.16,0.005,M1p400000,converged,3.056464586134234e-11,40.0,1e-06,-1027.945927700493,231.93369608012927,0.0134475763676745,0.0598471956048729,3801.0,True,dense_kappa_q_campaign_v1_FINAL_FREEZE,retained_classical_supersonic,base_dense_campaign,/lustre/fswork/projects/rech/fdb/usv13rn/These_PINN_KH_RT/assets/classic_supersonic/dense_kappa_q_campaign_v1_FINAL_FREEZE/classical_supersonic_maps/classical_supersonic_dense_reference.csv,,,,,,M1.400000_a0.16000000,184,C11,geometry_extension,validation,validation,0.32531068,0.050676104,0.0018987825142984,0.0001160309542154,0.0019023244252602,0.0080896116363376,0.0081081765890121,1.8564952674465784e-05,C11,76,0.0058114607018182,184
185,1.4,0.17,0.3283163310618344,0.0468651382343523,0.0079670734998399,3.790023850314128e-14,-2.5483087862099296e-15,3.798581256554699e-14,True,log_ci,nominal,20.0,1.0,0.5,1e-09,1e-11,True,1.0,`gtol` termination condition is satisfied.,3,16,0,False,False,0.0004695028006361,0.2,0.3283995730800838,0.046950280063612,2026-07-23T11:41:11.462901+00:00,continuation,,,,,,,,high,True,converged,0.17,0.165,0.005,/lustre/fswork/projects/rech/fdb/usv13rn/These_PINN_KH_RT/classic_supersonic/data/spectral/supersonic_primary_modal_spectral_133pts.csv,1.4,0.125,,,2026-07-23T11:41:11.475826+00:00,0.17,0.005,M1p400000,converged,9.838451441139527e-11,40.0,1e-06,-1045.2966786942516,213.71195083754807,0.0132247425412568,0.0649769421406197,3801.0,True,dense_kappa_q_campaign_v1_FINAL_FREEZE,retained_classical_supersonic,base_dense_campaign,/lustre/fswork/projects/rech/fdb/usv13rn/These_PINN_KH_RT/assets/classic_supersonic/dense_kappa_q_campaign_v1_FINAL_FREEZE/classical_supersonic_maps/classical_supersonic_dense_reference.csv,,,,,,M1.400000_a0.17000000,185,C11,geometry_extension,validation,validation,0.3300763,0.047091223,0.0017599759964999,0.000226085065151,0.0017744379293005,0.0079670734998398,0.0080055079609155,3.843446107567455e-05,C11,76,0.0053504246171173,185
186,1.4,0.18,0.3329061267127761,0.0431021730901373,0.0077583911562247,8.562595077421521e-15,2.5281859938885987e-14,2.6692517236658883e-14,True,log_ci,nominal,20.0,1.0,0.5,1e-09,1e-11,True,1.0,`gtol` termination condition is satisfied.,3,16,0,False,False,0.0004319284122543,0.2,0.3329803766529973,0.0431928412254304,2026-07-23T11:41:12.921735+00:00,continuation,,,,,,,,high,True,converged,0.18,0.175,0.005,/lustre/fswork/projects/rech/fdb/usv13rn/These_PINN_KH_RT/classic_supersonic/data/spectral/supersonic_primary_modal_spectral_133pts.csv,1.4,0.125,,,2026-07-23T11:41:12.935373+00:00,0.18,0.005,M1p400000,converged,4.3616032028802976e-11,40.0,1e-06,-1074.8788603140451,197.78416910452063,0.0128611513139566,0.0702394742486483,3801.0,True,dense_kappa_q_campaign_v1_FINAL_FREEZE,retained_classical_supersonic,base_dense_campaign,/lustre/fswork/projects/rech/fdb/usv13rn/These_PINN_KH_RT/assets/classic_supersonic/dense_kappa_q_campaign_v1_FINAL_FREEZE/classical_supersonic_maps/classical_supersonic_dense_reference.csv,,,,,,M1.400000_a0.18000000,186,C11,existing_T128,validation,validation,0.33327493,0.04287909,0.0003688040027848,0.0002230833770406,0.0004310250405509,0.0077583911562247,0.0077182361483573,4.01550078673223e-05,C11,76,0.0012840171420779,186
187,1.4,0.195,0.3392727143507565,0.0373503591752265,0.0072833200391691,2.3696322681843185e-14,1.0631599767219061e-13,1.0892477711556389e-13,True,log_ci,nominal,20.0,1.0,0.5,1e-09,1e-11,True,1.0,`gtol` termination condition is satisfied.,3,16,0,False,False,0.0003745223650743,0.2,0.3393357375580613,0.0374522365074349,2026-07-23T11:41:15.097779+00:00,continuation,,,,,,,,high,True,converged,0.195,0.19,0.005,/lustre/fswork/projects/rech/fdb/usv13rn/These_PINN_KH_RT/classic_supersonic/data/spectral/supersonic_primary_modal_spectral_133pts.csv,1.4,0.125,,,2026-07-23T11:41:15.110934+00:00,0.195,0.005,M1p400000,converged,1.1486955317833848e-10,40.0,1e-06,-1147.1353682288718,177.36158462480927,0.0120515736998127,0.0783786790298696,3801.0,True,dense_kappa_q_campaign_v1_FINAL_FREEZE,retained_classical_supersonic,base_dense_campaign,/lustre/fswork/projects/rech/fdb/usv13rn/These_PINN_KH_RT/assets/classic_supersonic/dense_kappa_q_campaign_v1_FINAL_FREEZE/classical_supersonic_maps/classical_supersonic_dense_reference.csv,,,,,,M1.400000_a0.19500000,187,C11,geometry_extension,validation,validation,0.33833414,0.03565119,0.0009385711889828,0.0016991708314631,0.0019411587753926,0.0072833200391691,0.0069519817270338,0.0003313383121353,C11,76,0.0056871697102975,187
188,1.4,0.205,0.3432124396512809,0.0334556201732537,0.006858402135517,2.574329638349581e-14,2.589569184086038e-13,2.6023336238916175e-13,True,log_ci,nominal,20.0,1.0,0.5,1e-09,1e-11,True,1.0,`gtol` termination condition is satisfied.,3,16,0,False,False,0.0003356745828607,0.2,0.3432691855909083,0.0335674582860773,2026-07-23T11:41:16.565192+00:00,continuation,,,,,,,,high,True,converged,0.205,0.2,0.0049999999999999,/lustre/fswork/projects/rech/fdb/usv13rn/These_PINN_KH_RT/classic_supersonic/data/spectral/supersonic_primary_modal_spectral_133pts.csv,1.4,0.125,,,2026-07-23T11:41:16.578064+00:00,0.205,0.0049999999999999,M1p400000,converged,5.1468633151991216e-11,40.0,1e-06,-1219.6053145916253,165.63338400897285,0.0113357949384985,0.0839661618242471,3801.0,True,dense_kappa_q_campaign_v1_FINAL_FREEZE,retained_classical_supersonic,base_dense_campaign,/lustre/fswork/projects/rech/fdb/usv13rn/These_PINN_KH_RT/assets/classic_supersonic/dense_kappa_q_campaign_v1_FINAL_FREEZE/classical_supersonic_maps/classical_supersonic_dense_reference.csv,,,,,,M1.400000_a0.20500000,188,C11,existing_T128,validation,validation,0.34253463,0.031653296,0.0006778081605735,0.0018023239708325,0.0019255637092491,0.006858402135517,0.0064889257214963,0.0003694764140206,C11,76,0.0055839470793439,188
189,1.25,0.21,0.2727260864318847,0.0506097964643259,0.0106280572575084,1.0678957718113224e-14,3.773370504944752e-14,3.9215719229716425e-14,True,log_ci,nominal,20.0,1.0,0.5,1e-09,1e-11,True,1.0,`gtol` termination condition is satisfied.,3,16,0,False,False,0.0005071265821274,0.2,0.2727947674918584,0.0507126582127404,2026-07-23T11:41:12.474847+00:00,continuation,,,,,,,,high,True,converged,0.21,0.205,0.005,/lustre/fswork/projects/rech/fdb/usv13rn/These_PINN_KH_RT/classic_supersonic/data/spectral/supersonic_primary_modal_spectral_133pts.csv,1.2,0.1875,,,2026-07-23T11:41:12.488761+00:00,0.21,0.005,M1p250000,converged,4.6214642605181775e-11,40.0,1e-06,-809.8188065725576,150.1874570390681,0.0170668842425232,0.0926273284224937,3801.0,True,dense_kappa_q_campaign_v1_FINAL_FREEZE,retained_classical_supersonic,base_dense_campaign,/lustre/fswork/projects/rech/fdb/usv13rn/These_PINN_KH_RT/assets/classic_supersonic/dense_kappa_q_campaign_v1_FINAL_FREEZE/classical_supersonic_maps/classical_supersonic_dense_reference.csv,,,,,,M1.250000_a0.21000000,189,C12,geometry_extension,validation,validation,0.27169138,0.05034788,0.0010347045005797,0.0002619169353265,0.0010673396294201,0.0106280572575084,0.0105730547010898,5.5002556418581525e-05,C12,76,0.0038479027657838,189
190,1.25,0.22,0.2770736728867821,0.0458466775087439,0.0100862690519236,8.687495167691852e-15,1.02022557069148e-13,1.0239177077878977e-13,True,log_ci,nominal,20.0,1.0,0.5,1e-09,1e-11,True,1.0,`gtol` termination condition is satisfied.,3,16,0,False,False,0.0004595888431911,0.2,0.2771356344729896,0.0459588843191123,2026-07-23T11:41:13.616748+00:00,continuation,,,,,,,,high,True,converged,0.22,0.215,0.005,/lustre/fswork/projects/rech/fdb/usv13rn/These_PINN_KH_RT/classic_supersonic/data/spectral/supersonic_primary_modal_spectral_133pts.csv,1.2,0.1875,,,2026-07-23T11:41:13.630379+00:00,0.22,0.005,M1p250000,converged,5.086352603384695e-11,40.0,1e-06,-855.036707793892,141.42591572375483,0.0161637297839035,0.0984091575273792,3801.0,True,dense_kappa_q_campaign_v1_FINAL_FREEZE,retained_classical_supersonic,base_dense_campaign,/lustre/fswork/projects/rech/fdb/usv13rn/These_PINN_KH_RT/assets/classic_supersonic/dense_kappa_q_campaign_v1_FINAL_FREEZE/classical_supersonic_maps/classical_supersonic_dense_reference.csv,,,,,,M1.250000_a0.22000000,190,C12,existing_T128,validation,validation,0.27545696,0.047311086,0.001616707917147,0.0014644086988843,0.0021813384255392,0.0100862690519236,0.0104084389656782,0.0003221699137545,C12,76,0.0077671616572332,190
191,1.25,0.23,0.2811853643047579,0.0410836573707542,0.0094492411952734,-1.3114509478384662e-15,2.624671313622429e-13,2.6247040775888136e-13,True,log_ci,nominal,20.0,1.0,0.5,1e-09,1e-11,True,1.0,`gtol` termination condition is satisfied.,3,16,0,False,False,0.000412071849575,0.2,0.2812414457221327,0.0412071849575094,2026-07-23T11:41:14.754054+00:00,continuation,,,,,,,,high,True,converged,0.23,0.225,0.005,/lustre/fswork/projects/rech/fdb/usv13rn/These_PINN_KH_RT/classic_supersonic/data/spectral/supersonic_primary_modal_spectral_133pts.csv,1.2,0.1875,,,2026-07-23T11:41:14.768182+00:00,0.23,0.005,M1p250000,converged,1.0738353116359806e-10,40.0,1e-06,-914.3978307135584,133.49387701606918,0.015113818457979,0.1043032395473117,3801.0,True,dense_kappa_q_campaign_v1_FINAL_FREEZE,retained_classical_supersonic,base_dense_campaign,/lustre/fswork/projects/rech/fdb/usv13rn/These_PINN_KH_RT/assets/classic_supersonic/dense_kappa_q_campaign_v1_FINAL_FREEZE/classical_supersonic_maps/classical_supersonic_dense_reference.csv,,,,,,M1.250000_a0.23000000,191,C12,existing_T128,validation,validation,0.2803468,0.04373632,0.0008385534870393,0.0026526626182117,0.0027820479716719,0.0094492411952734,0.0100593535974621,0.0006101124021887,C12,76,0.0097900537741826,191
192,1.25,0.24,0.2850832400495695,0.036322018907998,0.0087172845379195,-5.1625370645069785e-14,7.073820695868704e-13,7.09263400484788e-13,True,log_ci,nominal,20.0,1.0,0.5,1e-09,1e-11,True,1.0,`gtol` termination condition is satisfied.,3,16,0,False,False,0.0003645951950084,0.2,0.2851341472242841,0.0364595195008481,2026-07-23T11:41:15.899705+00:00,continuation,,,,,,,,high,True,converged,0.24,0.235,0.005,/lustre/fswork/projects/rech/fdb/usv13rn/These_PINN_KH_RT/classic_supersonic/data/spectral/supersonic_primary_modal_spectral_133pts.csv,1.2,0.1875,,,2026-07-23T11:41:15.913119+00:00,0.24,0.005,M1p250000,converged,5.753565136800938e-11,40.0,1e-06,-992.9270584170396,126.28327027339849,0.0139179057630466,0.1103089394379168,3801.0,True,dense_kappa_q_campaign_v1_FINAL_FREEZE,retained_classical_supersonic,base_dense_campaign,/lustre/fswork/projects/rech/fdb/usv13rn/These_PINN_KH_RT/assets/classic_supersonic/dense_kappa_q_campaign_v1_FINAL_FREEZE/classical_supersonic_maps/classical_supersonic_dense_reference.csv,,,,,,M1.250000_a0.24000000,192,C12,geometry_extension,validation,validation,0.2854401,0.039288204,0.0003568472688509,0.0029661852553149,0.0029875734203754,0.0087172845379195,0.009429168999195,0.0007118844612755,C12,76,0.0103956170259217,192
193,1.25,0.25,0.2887867792820066,0.0315629485870253,0.0078907371467563,-2.5091040356528573e-13,2.049852475261016e-12,2.065151616940269e-12,True,log_ci,nominal,20.0,1.0,0.5,1e-09,1e-11,True,1.0,`gtol` termination condition is satisfied.,3,16,0,False,False,0.0003171810488901,0.2,0.2888331092245847,0.0317181048890163,2026-07-23T11:41:17.060745+00:00,continuation,,,,,,,,high,True,converged,0.25,0.245,0.005,/lustre/fswork/projects/rech/fdb/usv13rn/These_PINN_KH_RT/classic_supersonic/data/spectral/supersonic_primary_modal_spectral_133pts.csv,1.2,0.1875,,,2026-07-23T11:41:17.074581+00:00,0.25,0.005,M1p250000,converged,4.960243552139109e-11,40.0,1e-06,-1098.7595968640155,119.70384678588891,0.0125767756200288,0.1164256075056031,3801.0,True,dense_kappa_q_campaign_v1_FINAL_FREEZE,retained_classical_supersonic,base_dense_campaign,/lustre/fswork/projects/rech/fdb/usv13rn/These_PINN_KH_RT/assets/classic_supersonic/dense_kappa_q_campaign_v1_FINAL_FREEZE/classical_supersonic_maps/classical_supersonic_dense_reference.csv,,,,,,M1.250000_a0.25000000,193,C12,geometry_extension,validation,validation,0.28996918,0.033972252,0.0011823967719942,0.0024093035732854,0.0026838043584934,0.0078907371467563,0.0084930630400776,0.0006023258933213,C12,76,0.0092383626703443,193
194,1.25,0.26,0.2923132509359473,0.026807548410821,0.0069699625868134,-1.205410771198956e-12,6.608072596059333e-12,6.717115345303577e-12,True,log_ci,nominal,20.0,1.0,0.5,1e-09,1e-11,True,1.0,`gtol` termination condition is satisfied.,3,16,0,False,False,0.0002698569486089,0.2,0.2923555133758003,0.0269856948608937,2026-07-23T11:41:18.235131+00:00,continuation,,,,,,,,high,True,converged,0.26,0.255,0.005,/lustre/fswork/projects/rech/fdb/usv13rn/These_PINN_KH_RT/classic_supersonic/data/spectral/supersonic_primary_modal_spectral_133pts.csv,1.2,0.1875,,,2026-07-23T11:41:18.249304+00:00,0.26,0.005,M1p250000,converged,8.072096500382796e-11,40.0,1e-06,-1245.8666198000742,113.67962111489076,0.0110912409999096,0.122652578276442,3801.0,True,dense_kappa_q_campaign_v1_FINAL_FREEZE,retained_classical_supersonic,base_dense_campaign,/lustre/fswork/projects/rech/fdb/usv13rn/These_PINN_KH_RT/assets/classic_supersonic/dense_kappa_q_campaign_v1_FINAL_FREEZE/classical_supersonic_maps/classical_supersonic_dense_reference.csv,,,,,,M1.250000_a0.26000000,194,C12,geometry_extension,validation,validation,0.293522,0.027849346,0.0012087493768578,0.0010417979884862,0.0015957500132753,0.0069699625868134,0.0072408300638198,0.0002708674770064,C12,76,0.0054362283805098,194
195,1.25,0.27,0.2956780307175911,0.0220568452413984,0.0059553482151775,-5.903763589110156e-12,2.4903837672618488e-11,2.5594053124509907e-11,True,log_ci,nominal,20.0,1.0,0.5,1e-09,1e-11,True,1.0,`gtol` termination condition is satisfied.,3,16,0,False,False,0.000222661370496,0.2,0.2957166647558877,0.0222661370496019,2026-07-23T11:41:19.420501+00:00,continuation,,,,,,,,high,True,converged,0.27,0.265,0.005,/lustre/fswork/projects/rech/fdb/usv13rn/These_PINN_KH_RT/classic_supersonic/data/spectral/supersonic_primary_modal_spectral_133pts.csv,1.2,0.1875,,,2026-07-23T11:41:19.435074+00:00,0.27,0.005,M1p250000,converged,7.272366707915489e-11,40.0,1e-06,-1460.2957711195422,108.14618954327196,0.0094621439657474,0.1289891696916257,3801.0,True,dense_kappa_q_campaign_v1_FINAL_FREEZE,retained_classical_supersonic,base_dense_campaign,/lustre/fswork/projects/rech/fdb/usv13rn/These_PINN_KH_RT/assets/classic_supersonic/dense_kappa_q_campaign_v1_FINAL_FREEZE/classical_supersonic_maps/classical_supersonic_dense_reference.csv,,,,,,M1.250000_a0.27000000,195,C12,existing_T128,validation,validation,0.29621077,0.021166207,0.0005327351210319,0.0008906379725642,0.0010378066811089,0.0059553482151775,0.0057148759625852,0.0002404722525923,C12,76,0.0035001960989405,195
196,1.25,0.28,0.2988948614100279,0.0173117979143134,0.0048473034160077,-3.481309684971734e-11,1.1923097752164488e-10,1.2420941072654195e-10,True,log_ci,nominal,20.0,1.0,0.5,1e-09,1e-11,True,1.0,`gtol` termination condition is satisfied.,3,16,0,False,False,0.0001756563144226,0.2,0.298930245866253,0.0175656314422604,2026-07-23T11:41:20.629285+00:00,continuation,,,,,,,,high,True,converged,0.28,0.275,0.005,/lustre/fswork/projects/rech/fdb/usv13rn/These_PINN_KH_RT/classic_supersonic/data/spectral/supersonic_primary_modal_spectral_133pts.csv,1.2,0.1875,,,2026-07-23T11:41:20.643082+00:00,0.28,0.005,M1p250000,converged,1.7072489898371739e-10,40.0,1e-06,-1796.6427009948216,103.04861261309972,0.0076903551147385,0.1354346826051492,3801.0,True,dense_kappa_q_campaign_v1_FINAL_FREEZE,retained_classical_supersonic,base_dense_campaign,/lustre/fswork/projects/rech/fdb/usv13rn/These_PINN_KH_RT/assets/classic_supersonic/dense_kappa_q_campaign_v1_FINAL_FREEZE/classical_supersonic_maps/classical_supersonic_dense_reference.csv,,,,,,M1.250000_a0.28000000,196,C12,geometry_extension,validation,validation,0.29860616,0.0146661885,0.0002887041071714,0.0026456094060412,0.0026613153121777,0.0048473034160077,0.0041065327823162,0.0007407706336915,C12,76,0.0088889538158281,196
197,1.25,0.295,0.3034693255859127,0.0102067782825361,0.0030109995933481,8.248957072964913e-14,-1.7680735348024612e-14,8.436312987086642e-14,True,log_ci,nominal,20.0,1.0,0.5,1e-09,1e-11,True,1.0,`gtol` termination condition is satisfied.,4,21,0,False,False,0.0001058033476561,0.2,0.3035004420855264,0.0105803347656154,2026-07-23T11:41:23.112257+00:00,continuation,,,,,,,,high,True,converged,0.295,0.29,0.005,/lustre/fswork/projects/rech/fdb/usv13rn/These_PINN_KH_RT/classic_supersonic/data/spectral/supersonic_primary_modal_spectral_133pts.csv,1.2,0.1875,,,2026-07-23T11:41:23.126936+00:00,0.295,0.005,M1p250000,converged,4.1007896584602574e-10,40.0,1e-06,-2898.137427898807,96.11812691310678,0.00476709733167,0.1453056099890755,3801.0,True,dense_kappa_q_campaign_v1_FINAL_FREEZE,retained_classical_supersonic,base_dense_campaign,/lustre/fswork/projects/rech/fdb/usv13rn/These_PINN_KH_RT/assets/classic_supersonic/dense_kappa_q_campaign_v1_FINAL_FREEZE/classical_supersonic_maps/classical_supersonic_dense_reference.csv,,,,,,M1.250000_a0.29500000,197,C12,existing_T128,validation,validation,0.30278036,0.0072139287,0.0006889656024685,0.0029928495457897,0.0030711271554787,0.0030109995933481,0.0021281089773401,0.0008828906160079,C12,76,0.010114338768624,197
198,1.25,0.305,0.3063675554095615,0.0054796730125314,0.001671300268822,-6.364214710785636e-13,1.3471552432614553e-12,1.4899193059681566e-12,True,log_ci,nominal,20.0,1.0,0.5,1e-09,1e-11,True,1.0,`gtol` termination condition is satisfied.,4,21,0,False,False,6.025420801293561e-05,0.2,0.3063961712735316,0.0060254208012935,2026-07-23T11:41:24.764221+00:00,continuation,,,,,,,,high,True,converged,0.305,0.3,0.005,/lustre/fswork/projects/rech/fdb/usv13rn/These_PINN_KH_RT/classic_supersonic/data/spectral/supersonic_primary_modal_spectral_133pts.csv,1.2,0.1875,,,2026-07-23T11:41:24.787846+00:00,0.305,0.005,M1p250000,converged,1.4123567497578298e-10,40.0,1e-06,-5227.840435050065,91.91774562973558,0.0026425681726211,0.1520202625313832,3801.0,True,dense_kappa_q_campaign_v1_FINAL_FREEZE,retained_classical_supersonic,base_dense_campaign,/lustre/fswork/projects/rech/fdb/usv13rn/These_PINN_KH_RT/assets/classic_supersonic/dense_kappa_q_campaign_v1_FINAL_FREEZE/classical_supersonic_maps/classical_supersonic_dense_reference.csv,,,,,,M1.250000_a0.30500000,198,C12,geometry_extension,validation,validation,0.3061978,0.0042845644,0.0001697631179202,0.0011951086068516,0.0012071056699299,0.001671300268822,0.0013067921437323,0.0003645081250897,C12,76,0.0039394270514464,198
199,1.3,0.21,0.2985209082313058,0.0435048963481715,0.009136028233116,1.319083731132764e-14,8.643606663749639e-14,8.743678747950219e-14,True,log_ci,nominal,20.0,1.0,0.5,1e-09,1e-11,True,1.0,`gtol` termination condition is satisfied.,3,16,0,False,False,0.0004361222765232,0.2,0.2985839507182099,0.0436122276523267,2026-07-23T11:41:11.201479+00:00,continuation,,,,,,,,high,True,converged,0.21,0.205,0.005,/lustre/fswork/projects/rech/fdb/usv13rn/These_PINN_KH_RT/classic_supersonic/data/spectral/supersonic_primary_modal_spectral_133pts.csv,1.3,0.1,,,2026-07-23T11:41:11.213532+00:00,0.21,0.005,M1p300000,converged,8.232001513423895e-11,40.0,1e-06,-938.0362565354014,153.63946070914136,0.0147350374333779,0.090544779413833,3801.0,True,dense_kappa_q_campaign_v1_FINAL_FREEZE,retained_classical_supersonic,base_dense_campaign,/lustre/fswork/projects/rech/fdb/usv13rn/These_PINN_KH_RT/assets/classic_supersonic/dense_kappa_q_campaign_v1_FINAL_FREEZE/classical_supersonic_maps/classical_supersonic_dense_reference.csv,,,,,,M1.300000_a0.21000000,199,C12,geometry_extension,validation,validation,0.30169225,0.03950087,0.0031713391594412,0.0040040265375902,0.0051077999743464,0.009136028233116,0.008295182660222,0.0008408455728939,C12,76,0.0169315028234174,199
200,1.3,0.22,0.3025977768737177,0.0390324736865274,0.008587144211036,1.1719791803699307e-14,2.3056730136250536e-13,2.308649691432427e-13,True,log_ci,nominal,20.0,1.0,0.5,1e-09,1e-11,True,1.0,`gtol` termination condition is satisfied.,3,16,0,False,False,0.0003915045582519,0.2,0.3026547285759009,0.0391504558251968,2026-07-23T11:41:12.299289+00:00,continuation,,,,,,,,high,True,converged,0.22,0.215,0.005,/lustre/fswork/projects/rech/fdb/usv13rn/These_PINN_KH_RT/classic_supersonic/data/spectral/supersonic_primary_modal_spectral_133pts.csv,1.3,0.1,,,2026-07-23T11:41:12.311313+00:00,0.22,0.005,M1p300000,converged,5.524498221958311e-11,40.0,1e-06,-999.5674749536888,144.50418609242502,0.0138277827795494,0.0963118872678707,3801.0,True,dense_kappa_q_campaign_v1_FINAL_FREEZE,retained_classical_supersonic,base_dense_campaign,/lustre/fswork/projects/rech/fdb/usv13rn/These_PINN_KH_RT/assets/classic_supersonic/dense_kappa_q_campaign_v1_FINAL_FREEZE/classical_supersonic_maps/classical_supersonic_dense_reference.csv,,,,,,M1.300000_a0.22000000,200,C12,geometry_extension,validation,validation,0.30321145,0.03774661,0.0006136737030645,0.0012858654292337,0.001424796587563,0.008587144211036,0.0083042538166046,0.0002828903944314,C12,76,0.0046698593866354,200
