epoch,ci_anchor_loss,weighted_loss,ci_lr,grad_norm
1,2.9125499949996427e-08,2.9125499949996427e-05,0.00019999999976849078,0.4067876754780679
100,1.9013001537059897e-12,1.9013001537059897e-09,0.0001999976849170125,0.0014261263916242513
200,1.1304789135967213e-14,1.1304789135967213e-11,0.00019999073978088392,0.0002439750039938182
300,3.4596047326979215e-19,3.4596047326979213e-16,0.00019997916493011032,1.3556618474960185e-06
400,9.672439420754282e-24,9.672439420754281e-21,0.00019996296092883366,7.060830899431392e-09
500,2.3372383505953024e-27,2.3372383505953025e-24,0.00019994212856681411,1.0190850490025251e-10
600,2.843214522446839e-27,2.8432145224468387e-24,0.00019991666885939155,1.1667687688273707e-10
700,2.3385989295433566e-27,2.3385989295433566e-24,0.00019988658304743624,1.0581368257759172e-10
800,1.916237372686264e-27,1.916237372686264e-24,0.0001998518725972882,9.550454243629675e-11
900,1.6268450200794115e-27,1.6268450200794115e-24,0.00019981253920068581,8.81174034838752e-11
1000,1.360376842986536e-27,1.360376842986536e-24,0.0001997685847746833,8.053432124828258e-11
1100,1.1872349127982577e-27,1.1872349127982578e-24,0.00019972001146155744,7.53280688392045e-11
1200,1.0074118059344065e-27,1.0074118059344066e-24,0.0001996668216287029,6.941846234752407e-11
1300,7.529105935200003e-11,7.529105935200004e-08,0.0001996090178685172,0.0117862595091901
1400,2.990455561977282e-14,2.990455561977282e-11,0.00019954660299827397,0.00022823650436653518
1500,3.815556768304258e-18,3.815556768304257e-15,0.00019947958005998598,2.5726892251977425e-06
1600,3.8277771115455057e-22,3.8277771115455056e-19,0.00019940795232025667,2.5915427624406587e-08
1700,2.2873856957863427e-10,2.2873856957863427e-07,0.000199331723270121,0.022586936778765283
1800,1.0200232628309763e-13,1.0200232628309764e-10,0.0001992508966248754,0.0004488534565893265
1900,7.094716226763077e-18,7.0947162267630774e-15,0.00019916547632389646,3.7300540744712876e-06
2000,1.708458949784632e-21,1.7084589497846319e-18,0.0001990754665304492,5.7984175358101076e-08
2100,1.2613163227841765e-09,1.2613163227841766e-06,0.00019898087163148392,0.0480829186191621
2200,1.2664425935172868e-08,1.2664425935172868e-05,0.00019888169623742254,0.25727387493661796
2300,1.720557897393126e-12,1.720557897393126e-09,0.00019877794518193386,0.002977342036855463
2400,5.671154487198222e-08,5.671154487198222e-05,0.00019866962352169798,0.5378867553286013
2500,8.876052457358892e-13,8.876052457358891e-10,0.0001985567365361598,0.002093104908053195
2600,1.4444863360407312e-16,1.4444863360407312e-13,0.00019843928972727168,2.6826184514962727e-05
2700,6.0854646053206826e-09,6.085464605320682e-06,0.00019831728881922545,0.15905585358386842
2800,3.1010534983909705e-11,3.10105349839097e-08,0.00019819073975817323,0.012285021565788385
2900,3.606594600014805e-12,3.606594600014805e-09,0.0001980596487119377,0.004211380940852765
3000,6.07374598036274e-11,6.07374598036274e-08,0.00019792402206971155,0.01705529887620098
3100,2.4040149375552748e-15,2.404014937555275e-12,0.00019778386644174595,0.00010759897343557062
3200,1.7251009255779022e-07,0.00017251009255779022,0.0001976391886590285,0.8780967393791724
3300,2.1708388209137304e-12,2.1708388209137302e-09,0.00019748999577295025,0.0019152415445274024
3400,5.588603533725875e-17,5.588603533725875e-14,0.0001973362950549619,1.470459819730455e-05
3500,4.389148551843385e-08,4.389148551843385e-05,0.00019717809399621966,0.4508501768340079
3600,1.654549429681186e-12,1.654549429681186e-09,0.00019701540030721997,0.002719777952596125
3700,9.649161201129945e-17,9.649161201129944e-14,0.00019684822191742366,1.0353367317482598e-05
3800,3.478106818230777e-21,3.478106818230777e-18,0.0001966765669748696,1.205128185221254e-07
3900,1.6484299972026135e-07,0.00016484299972026136,0.00019650044384577755,0.8597016243041786
4000,4.827715166862465e-12,4.827715166862465e-09,0.0001963198611141403,0.004165790187034585
4100,1.0575560266800821e-16,1.0575560266800821e-13,0.00019613482758130545,1.7813727596009555e-05
4200,2.2760470020513401e-10,2.2760470020513402e-07,0.00019594535226554637,0.02413972344634319
4300,6.731160308950174e-12,6.731160308950174e-09,0.00019575144440162266,0.0048646230030489224
4400,4.1983639232546807e-16,4.1983639232546806e-13,0.00019555311344032997,3.8777203165049466e-05
4500,2.02334284601229e-08,2.0233428460122898e-05,0.0001953503690480396,0.29376099290796437
4600,1.1716526972023771e-12,1.1716526972023772e-09,0.00019514322110622718,0.002215153145873352
4700,5.777647598463092e-17,5.777647598463092e-14,0.00019493167971099118,1.5400078314123614e-05
4800,1.1906942077161633e-08,1.1906942077161633e-05,0.0001947157551725607,0.14972215925268784
4900,7.26729400398185e-13,7.26729400398185e-10,0.00019449545801479318,0.0011743931000846959
5000,6.511429684119957e-10,6.511429684119957e-07,0.00019427079897466133,0.05206215440511662
5100,2.167564023298789e-14,2.167564023298789e-11,0.00019404178900172972,0.00030009518257988297
5200,2.799772310386681e-17,2.7997723103866813e-14,0.00019380843925762136,1.0791521259666084e-05
5300,5.851012966923588e-11,5.851012966923588e-08,0.00019357076111547368,0.010189002200329268
5400,3.0718024030762272e-09,3.0718024030762274e-06,0.0001933287661593839,0.07492475781763132
5500,1.7708645674761584e-12,1.7708645674761583e-09,0.00019308246618384483,0.0022743217417610343
5600,3.7947075293960506e-16,3.7947075293960504e-13,0.00019283187319316979,3.043621786538177e-05
5700,4.58487387165062e-10,4.5848738716506197e-07,0.00019257699940090757,0.032732872681028015
5800,7.519312339290741e-13,7.519312339290741e-10,0.00019231785722924726,0.0017501454081386178
5900,5.1924028853244736e-11,5.1924028853244734e-08,0.00019205445930841277,0.01423881946784489
6000,4.620344532642351e-15,4.620344532642351e-12,0.00019178681847604708,0.00013613336268942554
6100,2.1609180074811137e-08,2.1609180074811137e-05,0.00019151494777658684,0.2914832322666554
6200,1.083189480066551e-12,1.083189480066551e-09,0.00019123886046062632,0.00202163942929858
6300,1.0071199398765498e-09,1.0071199398765498e-06,0.00019095856998427185,0.047299257423823224
6400,6.957495621271931e-14,6.957495621271931e-11,0.00019067409000848585,0.00034259169706251735
6500,3.084228480565706e-11,3.084228480565706e-08,0.00019038543439842088,0.010017076287444015
6600,9.876125092289134e-12,9.876125092289134e-09,0.00019009261722274424,0.004940730473816314
6700,5.942038124911365e-09,5.942038124911365e-06,0.00018979565275295196,0.1060758599908014
6800,1.1461189084757937e-13,1.1461189084757938e-10,0.0001894945554626733,0.0006629799157941662
6900,5.6383635074020175e-11,5.6383635074020174e-08,0.0001891893400269654,0.014618830766197915
7000,4.002893515987901e-15,4.002893515987901e-12,0.00018888002132159807,0.00011878799072943898
7100,4.232428828544122e-11,4.232428828544122e-08,0.0001885666144223286,0.008916020988120313
7200,3.982421900368393e-08,3.982421900368393e-05,0.00018824913460416704,0.3898038936144213
7300,2.492699946392664e-12,2.4926999463926644e-09,0.00018792759734063193,0.0030591722351496773
7400,1.732566167048522e-16,1.7325661670485218e-13,0.00018760201830299582,2.5551283101216728e-05
7500,9.286023054385796e-10,9.286023054385797e-07,0.0001872724133595217,0.03856403984635248
7600,3.215701863119254e-11,3.215701863119254e-08,0.00018693879857468947,0.00961193250604336
7700,1.6424244189868912e-14,1.6424244189868912e-11,0.00018660119020841315,0.00024764085648226465
7800,1.7779626879559814e-18,1.7779626879559814e-15,0.00018625960471524815,2.588632230052108e-06
7900,4.0538322468060395e-09,4.0538322468060394e-06,0.00018591405874358952,0.12343476346102503
8000,1.8568853247677165e-13,1.8568853247677167e-10,0.00018556456913486046,0.0008301794937443493
8100,4.718179967795022e-09,4.7181799677950224e-06,0.00018521115292269145,0.09550615350050792
8200,3.95392688328622e-12,3.953926883286219e-09,0.00018485382733209,0.002576545548654489
8300,3.4045914831947135e-09,3.4045914831947135e-06,0.00018449260977860136,0.08340515971690382
8400,2.855246599882883e-12,2.855246599882883e-09,0.00018412751786745947,0.0031990560622826743
8500,1.0552364383845665e-10,1.0552364383845665e-07,0.00018375856939272897,0.01973474237899068
8600,4.277790781997763e-12,4.277790781997763e-09,0.00018338578233643803,0.003926945673117839
8700,6.35203257413805e-08,6.352032574138051e-05,0.00018300917486770187,0.3459824442955314
8800,3.030240025209433e-14,3.0302400252094327e-11,0.00018262876534183721,0.00022295352750518164
8900,6.8490712593328665e-09,6.849071259332866e-06,0.00018224457229946763,0.1558294188901709
9000,2.825994911589746e-13,2.825994911589746e-10,0.00018185661446562,0.0010002275876469552
9100,7.913441609958391e-18,7.91344160995839e-15,0.00018146491074881184,4.880751075383119e-06
9200,1.5071739115099605e-11,1.5071739115099605e-08,0.00018106948024012968,0.0055342988379568836
9300,5.963853808637645e-08,5.963853808637645e-05,0.00018067034221229866,0.46195851096346136
9400,4.1475047172758135e-13,4.1475047172758136e-10,0.00018026751611874314,0.000979083282837526
9500,1.059252433159529e-16,1.059252433159529e-13,0.00017986102159263858,1.0451385086258242e-05
9600,4.457327411019155e-10,4.457327411019155e-07,0.00017945087844595478,0.034488269505302496
9700,7.92121790445901e-13,7.921217904459011e-10,0.00017903710666849004,0.001212702855175461
9800,1.6224264397157442e-11,1.6224264397157442e-08,0.00017861972642689707,0.005529106088334649
9900,1.5630192638063176e-08,1.5630192638063176e-05,0.0001781987580637,0.23525694829908855
10000,5.941422201613319e-13,5.941422201613319e-10,0.0001777742220963029,0.0014459336090705515
10100,3.8381352322355894e-10,3.8381352322355896e-07,0.00017734613921599002,0.02678929553778192
10200,1.2580409154116283e-13,1.2580409154116282e-10,0.00017691453028691686,0.0005181049431391165
10300,9.936447828220253e-12,9.936447828220253e-09,0.00017647941634509382,0.005886178208093412
10400,7.453786217507053e-16,7.453786217507053e-13,0.00017604081859736055,5.1028006066071175e-05
10500,6.424017571732185e-08,6.424017571732186e-05,0.00017559875842035246,0.353533057451703
10600,6.18153045930788e-09,6.18153045930788e-06,0.000175153257359459,0.14580930659411653
10700,2.350856138607999e-13,2.350856138607999e-10,0.00017470433712777326,0.0009074459095673113
10800,2.1597991049085928e-09,2.159799104908593e-06,0.0001742520196050341,0.08426389086001475
10900,1.2811853883734575e-13,1.2811853883734575e-10,0.00017379632683655943,0.0006476820183834206
11000,4.3651034130598567e-10,4.365103413059857e-07,0.00017333728103217187,0.02582895017631854
11100,7.579079159560324e-09,7.5790791595603245e-06,0.00017287490456511633,0.12038589090682925
11200,2.3290187239446795e-10,2.3290187239446794e-07,0.0001724092199709695,0.027947670349056892
11300,6.880896979084664e-09,6.880896979084664e-06,0.0001719402499465415,0.1287724405219554
11400,7.69729749655049e-10,7.69729749655049e-07,0.00017146801734876972,0.05019957987782134
11500,1.8406891497504031e-09,1.8406891497504031e-06,0.00017099254519360474,0.07672879224847576
11600,2.1533822612892664e-09,2.1533822612892663e-06,0.00017051385665488864,0.06400589865851718
11700,1.0732335807583602e-10,1.0732335807583601e-07,0.00017003197506322543,0.017203567493112082
11800,1.8691479861174442e-08,1.869147986117444e-05,0.0001695469239048441,0.18726182688624457
11900,9.883731233306449e-09,9.883731233306448e-06,0.0001690587268204537,0.172736702557715
12000,1.0640353408464277e-12,1.0640353408464278e-09,0.00016856740760409154,0.0019072686966487493
12100,1.0947550954733315e-11,1.0947550954733314e-08,0.00016807299020196297,0.004833885178576795
12200,9.256695097692419e-12,9.25669509769242e-09,0.00016757549871127464,0.005602829449888625
12300,6.348883632120347e-09,6.348883632120347e-06,0.00016707495737906006,0.14685988246200624
12400,1.1819843901032766e-10,1.1819843901032766e-07,0.00016657139060099744,0.016389740511599766
12500,4.9275652141182516e-11,4.927565214118252e-08,0.00016606482292022123,0.010775948769331635
12600,8.83312233242164e-09,8.83312233242164e-06,0.00016555527902612554,0.16854274554366294
12700,3.274203990378154e-12,3.2742039903781542e-09,0.00016504278375316085,0.003297823725779716
12800,4.6097089103417126e-09,4.609708910341712e-06,0.00016452736207962375,0.09410779012911953
12900,2.93977655160575e-12,2.93977655160575e-09,0.00016400903912643948,0.0026641541616414977
13000,5.018843884798223e-10,5.018843884798223e-07,0.00016348784015593755,0.03536535350818666
13100,4.275417302585865e-12,4.275417302585865e-09,0.00016296379057062046,0.0031205398191312206
13200,3.8716655165286946e-10,3.8716655165286947e-07,0.00016243691591192564,0.03569650106805831
13300,5.01297758474139e-13,5.012977584741391e-10,0.00016190724185898069,0.001050105415655708
13400,1.0217063538640892e-10,1.0217063538640892e-07,0.00016137479422735165,0.01808040099683919
13500,3.0593414855467974e-11,3.0593414855467974e-08,0.00016083959896778495,0.007600366484493846
13600,2.317456384813149e-15,2.317456384813149e-12,0.0001603016821649425,6.85379120404666e-05
13700,3.4441349513080006e-11,3.444134951308001e-08,0.00015976107003613037,0.010468469771545136
13800,3.934409516808978e-09,3.9344095168089785e-06,0.00015921778893002105,0.0872427538152664
13900,3.909955529944249e-14,3.909955529944249e-11,0.0001586718653253691,0.0003075114328479795
14000,8.411936618277832e-12,8.411936618277832e-09,0.00015812332582972096,0.004344905909740351
14100,5.835342887218495e-09,5.835342887218496e-06,0.00015757219717811772,0.13538346415029284
14200,1.6198949812354891e-12,1.619894981235489e-09,0.00015701850623179228,0.0022588957107294405
14300,2.1054207762491538e-09,2.1054207762491537e-06,0.0001564622799768603,0.08098424642746584
14400,1.0032324689308953e-11,1.0032324689308953e-08,0.0001559035455230047,0.005060018294243947
14500,3.73666739353516e-11,3.7366673935351595e-08,0.00015534233010215448,0.009971283425754537
14600,1.8565580184900587e-12,1.8565580184900586e-09,0.00015477866106715756,0.0021327012314269656
14700,1.1897471708922248e-08,1.1897471708922248e-05,0.00015421256589044738,0.16220977969045217
14800,2.0720185887707707e-10,2.0720185887707707e-07,0.00015364407216270431,0.022606199076354607
14900,6.110039278478239e-13,6.110039278478239e-10,0.00015307320759151057,0.0013987828162473793
15000,8.025826649053471e-10,8.025826649053471e-07,0.0001525,0.05035341758404123
15100,4.26053592829644e-11,4.26053592829644e-08,0.00015192447732550194,0.00891525380786698
15200,2.242961691244207e-09,2.2429616912442072e-06,0.0001513466676181796,0.052007329896399314
15300,5.580310682808465e-10,5.580310682808465e-07,0.00015076659903966294,0.041706935551292054
15400,4.791789719579349e-12,4.791789719579349e-09,0.00015018429986167616,0.003423314474403752
15500,8.388494788397638e-12,8.388494788397638e-09,0.00014959979846465964,0.003995211085402797
15600,1.1623372137433518e-08,1.1623372137433518e-05,0.00014901312333638687,0.1922703586778732
15700,5.202845103167671e-10,5.202845103167671e-07,0.000148424303070576,0.03295802664987239
15800,5.383593261394351e-13,5.383593261394351e-10,0.00014783336636549593,0.001086605227420271
15900,3.218143545050315e-11,3.2181435450503154e-08,0.00014724034202256812,0.008573907517338289
16000,6.526411579471888e-09,6.5264115794718885e-06,0.00014664525894496236,0.1398255718816137
16100,6.316661260822803e-09,6.316661260822803e-06,0.00014604814613618832,0.13890456834988785
16200,5.607406819381941e-10,5.607406819381941e-07,0.00014544903269868192,0.021025639197640063
16300,1.0070530428641961e-10,1.007053042864196e-07,0.00014484794783238685,0.018127058795884946
16400,4.9352328399423374e-11,4.935232839942337e-08,0.0001442449208333315,0.010263074791873801
16500,1.1213954141460605e-10,1.1213954141460604e-07,0.00014363998109220104,0.01494379141624216
16600,5.040960501140104e-10,5.040960501140105e-07,0.00014303315809290504,0.036036677317174796
16700,4.662113758348757e-14,4.662113758348757e-11,0.00014242448141114035,0.0003543026883615148
16800,7.096499781249777e-11,7.096499781249778e-08,0.00014181398071294978,0.011493751087957998
16900,1.0479463265766786e-08,1.0479463265766786e-05,0.00014120168575327606,0.18489038022443594
17000,4.387575514297848e-13,4.3875755142978483e-10,0.00014058762637451165,0.0011181273860149667
17100,3.112985418838579e-11,3.1129854188385787e-08,0.00013997183250504444,0.005707474358275455
17200,7.428407314162019e-11,7.42840731416202e-08,0.00013935433415779877,0.011889928796141855
17300,4.6000199618008756e-14,4.600019961800876e-11,0.00013873516142877304,0.00038648904044719204
17400,4.305357084097429e-12,4.3053570840974296e-09,0.00013811434449557245,0.0036930792676056596
17500,1.0900612278626865e-10,1.0900612278626865e-07,0.00013749191361593857,0.014413472386884067
17600,2.5774074782059156e-14,2.5774074782059155e-11,0.00013686789912627424,0.00022067911343262507
17700,1.169559125258169e-08,1.169559125258169e-05,0.00013624233144016542,0.18139630587351546
17800,2.926470850108835e-13,2.926470850108835e-10,0.00013561524104689857,0.0008605683498643749
17900,3.9154141908540994e-11,3.9154141908540995e-08,0.00013498665850997476,0.008597463486130117
18000,1.0871489947672236e-15,1.0871489947672236e-12,0.00013435661446562,4.5435075423261374e-05
18100,4.518720479104456e-09,4.518720479104456e-06,0.00013372513962129224,0.11192361973309105
18200,1.9899794403771869e-13,1.9899794403771867e-10,0.00013309226475418447,0.000530032005094293
18300,2.1375016296855657e-11,2.1375016296855656e-08,0.00013245802070972483,0.00636559263477219
18400,6.589630086279617e-16,6.589630086279617e-13,0.0001318224384000733,3.5344661375311016e-05
18500,5.726871845052209e-10,5.726871845052209e-07,0.00013118554880261492,0.04320010172508818
18600,3.927880201212969e-14,3.9278802012129685e-11,0.00013054738295845023,0.00022702941841236534
18700,9.175999213947084e-09,9.175999213947084e-06,0.00012990797197088216,0.13280250692762025
18800,3.2070296461586715e-13,3.2070296461586716e-10,0.0001292673470039001,0.0007803537737626366
18900,8.367285533704203e-17,8.367285533704203e-14,0.00012862553928066125,1.4851336670449591e-05
19000,8.542852127508076e-12,8.542852127508077e-09,0.00012798258008196844,0.0049722340642271694
19100,9.349708859418057e-11,9.349708859418057e-08,0.00012733850074474605,0.013420692417567376
19200,6.792247626487252e-17,6.792247626487252e-14,0.0001266933326605123,1.1507901514422836e-05
19300,1.476914337879694e-11,1.4769143378796938e-08,0.00012604710727384943,0.005315416755716194
19400,1.8420298110249148e-08,1.842029811024915e-05,0.00012539985608087104,0.2413499870593955
19500,1.8480981815361767e-14,1.8480981815361767e-11,0.00012475161062768713,0.00023736077308413497
19600,3.014785621757893e-09,3.0147856217578926e-06,0.00012410240250886666,0.07640509191231729
19700,9.114002592986368e-11,9.114002592986368e-08,0.00012345226336589734,0.01688819453456269
19800,1.0313198097711434e-13,1.0313198097711434e-10,0.00012280122488564387,0.00020350955906168778
19900,2.7842815645936166e-10,2.7842815645936166e-07,0.00012214931879880322,0.021753980450660647
20000,7.589505296708028e-11,7.589505296708028e-08,0.0001214965768783584,0.015562538720387304
20100,9.56751112626348e-13,9.567511126263479e-10,0.00012084303093802973,0.0017379948187516605
20200,7.405462047161891e-11,7.405462047161891e-08,0.00012018871283072432,0.015315199901790016
20300,1.4841222744315356e-13,1.4841222744315357e-10,0.00011953365444698363,0.0005335813729082737
20400,7.425377871653152e-10,7.425377871653152e-07,0.00011887788771342911,0.048450110807249466
20500,8.517444580542574e-10,8.517444580542574e-07,0.00011822144459120624,0.04080027509621971
20600,1.9397630325654453e-14,1.9397630325654452e-11,0.00011756435707442666,0.00024158172249012078
20700,3.5428414146224247e-09,3.5428414146224247e-06,0.00011690665718860892,0.09744977714648778
20800,3.607339433779827e-11,3.607339433779827e-08,0.00011624837698911763,0.009848200136563958
20900,9.892839980795056e-11,9.892839980795056e-08,0.00011558954855960091,0.01630173139560713
21000,3.851445310342754e-09,3.851445310342754e-06,0.0001149302040104271,0.08533969192127847
21100,3.3834606198888315e-10,3.3834606198888313e-07,0.0001142703754771192,0.03172891540392182
21200,2.5019669987725062e-09,2.501966998772506e-06,0.00011361009511878913,0.08589055668818212
21300,4.4167477970595795e-10,4.4167477970595795e-07,0.00011294939511657002,0.030408439269676023
21400,9.670411690950868e-10,9.670411690950868e-07,0.00011228830767204778,0.054324975514987744
21500,8.156992172971016e-11,8.156992172971016e-08,0.0001116268650056919,0.015604524735529665
21600,8.04815603182333e-09,8.04815603182333e-06,0.00011096509935528479,0.1560099980888134
21700,2.213372757540175e-09,2.213372757540175e-06,0.00011030304297435056,0.060036256224891
21800,9.397585746408604e-14,9.397585746408604e-11,0.00010964072813058328,0.0004897288240414631
21900,7.954865408116428e-12,7.954865408116428e-09,0.00010897818710427397,0.004847491411633081
22000,2.8613464158576814e-09,2.8613464158576814e-06,0.00010831545218673762,0.07490997096343847
22100,8.615914490296319e-13,8.615914490296319e-10,0.00010765255567873906,0.0016214744094498852
22200,5.173660124453538e-12,5.173660124453538e-09,0.00010698952988891893,0.003881689349340295
22300,3.9614008423234374e-09,3.961400842323437e-06,0.00010632640713221882,0.08859979720855014
22400,1.0659299674404263e-12,1.0659299674404264e-09,0.00010566321972830635,0.0018325283788404683
22500,5.46199697687963e-13,5.46199697687963e-10,0.000105,0.001266791581207866
22600,3.4407741519164247e-10,3.4407741519164246e-07,0.00010433678027169366,0.02652073390513222
22700,1.6686324698581122e-13,1.6686324698581122e-10,0.0001036735928677812,0.0005923677756153549
22800,2.0664017136980224e-12,2.0664017136980224e-09,0.00010301047011108109,0.0022309457376769506
22900,2.2362297850751094e-14,2.2362297850751094e-11,0.00010234744432126098,0.00022641021591182124
23000,1.2687793825845035e-11,1.2687793825845035e-08,0.00010168454781326244,0.005528301084425721
23100,6.267980370757789e-12,6.2679803707577896e-09,0.00010102181289572605,0.004227948127705875
23200,3.81581953518861e-09,3.81581953518861e-06,0.00010035927186941674,0.10413131277820062
23300,2.2538543864748597e-09,2.25385438647486e-06,9.969695702564943e-05,0.06981301349439405
23400,7.652625487031272e-14,7.652625487031272e-11,9.903490064471523e-05,0.0003800629357880186
23500,2.7081432525640137e-09,2.7081432525640136e-06,9.837313499430809e-05,0.0893213093824262
23600,6.197353754282415e-09,6.197353754282415e-06,9.771169232795224e-05,0.11302906125153565
23700,1.448942903893968e-13,1.448942903893968e-10,9.705060488343003e-05,0.000545201637895387
23800,1.1902316748226325e-09,1.1902316748226324e-06,9.63899048812109e-05,0.05427459900761595
23900,2.591672039184385e-10,2.591672039184385e-07,9.572962452288082e-05,0.025758715845305813
24000,4.89182660540826e-09,4.89182660540826e-06,9.506979598957293e-05,0.11317052535973651
24100,1.8738707779319814e-13,1.8738707779319814e-10,9.441045144039909e-05,0.0006036680790339054
24200,8.96590578405587e-12,8.96590578405587e-09,9.37516230108824e-05,0.00403773316311176
24300,3.049759422446186e-12,3.049759422446186e-09,9.309334281139109e-05,0.0029699505598226004
24400,1.7000921724883704e-10,1.7000921724883704e-07,9.243564292557335e-05,0.022030790244429083
24500,1.648796621790059e-11,1.648796621790059e-08,9.177855540879381e-05,0.005559051954848206
24600,9.515230065994207e-12,9.515230065994206e-09,9.112211228657091e-05,0.005374788389650223
24700,1.0058610909169221e-11,1.005861090916922e-08,9.04663455530164e-05,0.004322199351221495
24800,1.8617880851450523e-12,1.8617880851450524e-09,8.981128716927569e-05,0.0018744374669893529
24900,5.604861047986982e-12,5.6048610479869815e-09,8.915696906197029e-05,0.004135296491488465
25000,2.9163652105027594e-09,2.9163652105027593e-06,8.850342312164161e-05,0.07625653496312003
25100,2.3073679401209094e-11,2.3073679401209096e-08,8.78506812011968e-05,0.006763684231092087
25200,1.1333001455097253e-12,1.1333001455097254e-09,8.719877511435614e-05,0.0014542917511653263
25300,3.7099872976903363e-09,3.709987297690336e-06,8.654773663410268e-05,0.08566199443375243
25400,1.0255598510128933e-10,1.0255598510128933e-07,8.589759749113337e-05,0.017600705200383367
25500,8.664487218426108e-12,8.664487218426109e-09,8.524838937231287e-05,0.00429187163406538
25600,6.2591957530743e-13,6.2591957530743e-10,8.4600143919129e-05,0.00111321101432075
25700,3.9295792974906694e-10,3.9295792974906697e-07,8.395289272615061e-05,0.0335235177179672
25800,1.1511542726999018e-10,1.1511542726999017e-07,8.33066673394877e-05,0.015180520543312677
25900,3.190051655290635e-13,3.190051655290635e-10,8.266149925525395e-05,0.0007941924842415567
26000,5.234874455890654e-12,5.234874455890654e-09,8.201741991803158e-05,0.003410256859368281
26100,1.413528725534748e-12,1.413528725534748e-09,8.13744607193388e-05,0.001914909162185892
26200,2.0059517939197653e-09,2.0059517939197654e-06,8.073265299609991e-05,0.062394941343720346
26300,4.489670070291353e-09,4.4896700702913535e-06,8.009202802911788e-05,0.11699988730291598
26400,6.175570865691082e-15,6.175570865691082e-12,7.945261704154976e-05,0.00013718496392662682
26500,5.124412710656549e-09,5.124412710656549e-06,7.881445119738509e-05,0.10209947421837035
26600,1.326516568115381e-11,1.326516568115381e-08,7.817756159992671e-05,0.006440947182003177
26700,3.3736902347516357e-13,3.3736902347516357e-10,7.754197929027518e-05,0.0010091390119500072
26800,2.6674532971811783e-12,2.6674532971811783e-09,7.690773524581559e-05,0.0028549518902161665
26900,4.0685856323896814e-12,4.0685856323896814e-09,7.627486037870778e-05,0.002712701491797875
27000,5.755643167387284e-11,5.755643167387284e-08,7.564338553438e-05,0.013095049683506558
27100,2.3146747837065418e-09,2.3146747837065417e-06,7.501334149002528e-05,0.06809971060006743
27200,2.104887573811522e-13,2.104887573811522e-10,7.438475895310145e-05,0.0006511856983865547
27300,3.4248407417033143e-10,3.4248407417033143e-07,7.375766855983459e-05,0.03221100840887823
27400,4.5323208734909583e-10,4.5323208734909583e-07,7.313210087372579e-05,0.03002202222278193
27500,2.0441669143875976e-13,2.0441669143875977e-10,7.250808638406148e-05,0.0006291752913333643
27600,2.3832888502874858e-09,2.3832888502874856e-06,7.188565550442757e-05,0.0851083196547568
27700,3.4062455905594746e-13,3.4062455905594746e-10,7.1264838571227e-05,0.001037653749694104
27800,1.1773313840329937e-11,1.1773313840329937e-08,7.064566584220125e-05,0.004805995413380954
27900,4.24555013622714e-15,4.24555013622714e-12,7.00281674949556e-05,4.932077505761469e-05
28000,1.3442225631021723e-09,1.3442225631021723e-06,6.941237362548834e-05,0.05122542261667207
28100,4.53458803282711e-13,4.53458803282711e-10,6.879831424672397e-05,0.0010597168471396334
28200,3.9169618682117184e-11,3.9169618682117184e-08,6.818601928705022e-05,0.008617253782974389
28300,2.0336426268964498e-13,2.0336426268964498e-10,6.757551858885964e-05,0.0006214387043278903
28400,3.9415580126480436e-10,3.9415580126480436e-07,6.696684190709499e-05,0.03094083593008859
28500,3.09515904223991e-11,3.0951590422399105e-08,6.636001890779899e-05,0.007641187800732126
28600,4.107006044694611e-13,4.1070060446946114e-10,6.575507916666854e-05,0.0008803576194285726
28700,6.643307889497536e-11,6.643307889497536e-08,6.515205216761317e-05,0.014299062933800838
28800,7.904044363399308e-14,7.904044363399308e-11,6.45509673013181e-05,0.000396817884971016
28900,5.04853492386811e-10,5.04853492386811e-07,6.395185386381166e-05,0.03111801184193548
29000,8.631306884216572e-12,8.631306884216572e-09,6.335474105503764e-05,0.005180093104181572
29100,2.337464483380869e-10,2.3374644833808687e-07,6.275965797743191e-05,0.026297665366382717
29200,8.006190235940019e-10,8.006190235940018e-07,6.21666336345041e-05,0.03794184100783811
29300,3.639233874732327e-14,3.639233874732327e-11,6.157569692942408e-05,0.00031494592001229726
29400,2.369989199182775e-13,2.369989199182775e-10,6.098687666361316e-05,0.0007905696972212036
29500,4.843589284458645e-12,4.843589284458645e-09,6.0400201535340395e-05,0.0019243515604891498
29600,3.814608795606632e-15,3.814608795606632e-12,5.981570013832384e-05,8.706235403297335e-05
29700,7.416372641927e-12,7.416372641927e-09,5.9233400960337036e-05,0.0045974661333291825
29800,3.2790636352555263e-13,3.279063635255526e-10,5.865333238182038e-05,0.0008015344224067756
29900,3.7533438301997257e-13,3.753343830199726e-10,5.807552267449807e-05,0.0008328057185126437
30000,1.619669879937009e-12,1.6196698799370089e-09,5.750000000000002e-05,0.0022129827599877603
30100,3.5045457172386536e-13,3.5045457172386534e-10,5.692679240848946e-05,0.0010342291423843582
30200,7.11617792305881e-11,7.11617792305881e-08,5.635592783729572e-05,0.010681060948477398
30300,3.103574359453318e-15,3.103574359453318e-12,5.578743410955265e-05,6.603429386304924e-05
30400,1.0985199514027791e-10,1.0985199514027791e-07,5.522133893284249e-05,0.015186785196133507
30500,7.181890699858409e-12,7.181890699858409e-09,5.4657669897845544e-05,0.004648424434043274
30600,3.996208844592519e-14,3.996208844592519e-11,5.4096454476995295e-05,0.00029557010697431476
30700,1.160939043989102e-12,1.160939043989102e-09,5.353772002313972e-05,0.0014968591375828825
30800,4.125607449331774e-12,4.125607449331774e-09,5.298149376820774e-05,0.0027633850720201057
30900,3.4228587054797055e-15,3.4228587054797055e-12,5.242780282188232e-05,0.00010154101621132858
31000,1.9827888939963286e-10,1.9827888939963286e-07,5.1876674170279074e-05,0.019712303850656282
31100,5.202732796783934e-14,5.202732796783934e-11,5.1328134674630904e-05,0.000324074886470845
31200,1.2146634086129623e-12,1.2146634086129624e-09,5.0782211069979e-05,0.001896408314942304
31300,1.815907041671489e-17,1.8159070416714888e-14,5.0238929963869654e-05,7.3313922187867235e-06
31400,2.1918407946375172e-10,2.191840794637517e-07,4.969831783505752e-05,0.01889449081743211
31500,6.128802715673137e-10,6.128802715673138e-07,4.916040103221506e-05,0.042771605235959444
31600,1.3778450465747732e-14,1.3778450465747732e-11,4.8625205772648374e-05,0.000203652647387431
31700,1.2849348093309215e-09,1.2849348093309215e-06,4.809275814101936e-05,0.06211524235688264
31800,8.312072872228904e-11,8.312072872228904e-08,4.756308408807439e-05,0.012785976829326737
31900,6.031653560675741e-14,6.031653560675741e-11,4.7036209429379575e-05,0.0003477831305005268
32000,1.0511271130263091e-12,1.0511271130263092e-09,4.651215984406246e-05,0.0014574327676876255
32100,1.4644582563642257e-12,1.4644582563642257e-09,4.599096087356052e-05,0.0019489659841961612
32200,3.600522101005611e-13,3.600522101005611e-10,4.547263792037628e-05,0.0010321708921376246
32300,5.734937438758423e-13,5.734937438758423e-10,4.4957216246839164e-05,0.00131149228651804
32400,6.102871775457069e-13,6.102871775457069e-10,4.444472097387448e-05,0.0013800545346055507
32500,3.4163742522343143e-13,3.4163742522343144e-10,4.393517707977876e-05,0.0003484079551588947
32600,1.552583374306758e-15,1.552583374306758e-12,4.3428609399002565e-05,6.61861998499269e-05
32700,2.548093366990316e-12,2.5480933669903157e-09,4.292504262093998e-05,0.0025534802142884922
32800,2.867296552489442e-13,2.8672965524894416e-10,4.242450128872535e-05,0.0007567152480860672
32900,7.115670729529787e-20,7.115670729529786e-17,4.1927009798037056e-05,3.553472459854777e-07
33000,1.738281076006013e-11,1.738281076006013e-08,4.14325923959085e-05,0.0056136098458037555
33100,4.638323289786384e-12,4.638323289786384e-09,4.094127317954631e-05,0.003558092571173824
33200,1.150348631319879e-13,1.150348631319879e-10,4.045307609515595e-05,0.0005812952534183761
33300,4.60200545528237e-14,4.60200545528237e-11,3.996802493677457e-05,0.00036722793338947685
33400,8.593274002091962e-12,8.593274002091962e-09,3.948614334511137e-05,0.0038480260271417286
33500,2.538347013211126e-15,2.538347013211126e-12,3.900745480639525e-05,8.05729197298847e-05
33600,1.987114334147523e-14,1.987114334147523e-11,3.853198265123027e-05,0.00015972616244362936
33700,3.966979826826476e-10,3.966979826826476e-07,3.80597500534585e-05,0.028625980868877902
33800,7.906277863928983e-14,7.906277863928983e-11,3.7590780029030534e-05,0.00040088173272766924
33900,2.4980856423929344e-10,2.4980856423929344e-07,3.7125095434883704e-05,0.027152347541541826
34000,6.551075761233652e-15,6.551075761233652e-12,3.666271896782816e-05,0.00014124552637731204
34100,1.684173081158729e-10,1.6841730811587291e-07,3.620367316344061e-05,0.018143509156285927
34200,6.011207510397369e-15,6.011207510397369e-12,3.574798039496593e-05,0.00010623670334606346
34300,1.1686344447963267e-12,1.1686344447963268e-09,3.5295662872226734e-05,0.0014941829993688983
34400,5.851773478665784e-16,5.851773478665784e-13,3.484674264054103e-05,3.378411498583246e-05
34500,1.6270309298878795e-11,1.6270309298878797e-08,3.440124157964753e-05,0.005550112964616785
34600,1.2158968708710093e-11,1.2158968708710093e-08,3.395918140263948e-05,0.0060288231740211525
34700,3.237339868717752e-15,3.237339868717752e-12,3.3520583654906196e-05,9.184961077966757e-05
34800,7.108965785239113e-17,7.108965785239113e-14,3.308546971308315e-05,1.1609207140587238e-05
34900,2.376810354443345e-12,2.376810354443345e-09,3.265386078401002e-05,0.0021583515810053387
35000,2.5211551395288544e-11,2.5211551395288545e-08,3.2225777903697096e-05,0.008668021726522313
35100,1.567254202410563e-15,1.5672542024105628e-12,3.180124193630003e-05,6.89289023996285e-05
35200,6.359804924264443e-11,6.359804924264444e-08,3.138027357310295e-05,0.013831884165196994
35300,5.5474994717156806e-14,5.5474994717156806e-11,3.096289333150994e-05,0.0003379346040161418
35400,3.447209635511723e-13,3.447209635511723e-10,3.0549121554045226e-05,0.0008131519836980315
35500,1.444491839811532e-17,1.444491839811532e-14,3.0138978407361418e-05,4.786583224669835e-06
35600,6.755264152373321e-11,6.755264152373321e-08,2.9732483881256894e-05,0.01134904566603883
35700,3.7989133119237584e-14,3.798913311923758e-11,2.932965778770136e-05,0.0003291226747502233
35800,1.124684854119927e-14,1.124684854119927e-11,2.8930519759870335e-05,0.0001850445142359556
35900,2.0635391133948422e-13,2.063539113394842e-10,2.8535089251188163e-05,0.0007676506017469118
36000,2.6730004211047644e-12,2.6730004211047642e-09,2.8143385534380006e-05,0.0022738105808891634
36100,4.040267334158731e-15,4.040267334158731e-12,2.7755427700532384e-05,0.0001094832755736185
36200,1.4710703480162827e-13,1.4710703480162826e-10,2.7371234658162794e-05,0.0006658974300766885
36300,1.4141388081398021e-12,1.4141388081398022e-09,2.6990825132298114e-05,0.001686252978780569
36400,1.0741542050002055e-18,1.0741542050002054e-15,2.661421766356197e-05,1.2674419220600756e-06
36500,1.3290793390188535e-11,1.3290793390188536e-08,2.6241430607271044e-05,0.0049831741093786415
36600,2.038890041584266e-13,2.038890041584266e-10,2.5872482132540555e-05,0.0007929058489297997
36700,3.849523843097891e-17,3.849523843097891e-14,2.5507390221398646e-05,1.0586423820186735e-05
36800,6.0805940541066855e-12,6.080594054106686e-09,2.5146172667909995e-05,0.004305372030289896
36900,9.418930127170119e-11,9.418930127170119e-08,2.4788847077308593e-05,0.013686247962283887
37000,5.614715622037829e-16,5.614715622037828e-13,2.4435430865139535e-05,2.3857199438069557e-05
37100,4.996449160274801e-13,4.996449160274801e-10,2.408594125641047e-05,0.0010670651990452552
37200,3.828319559315864e-11,3.828319559315864e-08,2.3740395284751874e-05,0.008671323197534601
37300,1.7810774966396716e-14,1.7810774966396717e-11,2.339880979158688e-05,0.00018861685202987543
37400,2.681817694830183e-11,2.681817694830183e-08,2.3061201425310542e-05,0.007229307793254113
37500,3.972083883380829e-12,3.972083883380829e-09,2.2727586640478323e-05,0.0034424894968200243
37600,3.965824146912556e-14,3.965824146912556e-11,2.2397981697004194e-05,0.0003456213496052278
37700,1.095459904734309e-12,1.0954599047343091e-09,2.2072402659368096e-05,0.0014391197731341786
37800,9.18953450699324e-16,9.18953450699324e-13,2.175086539583298e-05,4.1856473200009186e-05
37900,2.753797141020861e-13,2.753797141020861e-10,2.1433385577671448e-05,0.0009310282024984725
38000,1.0627029365983258e-16,1.0627029365983258e-13,2.1119978678401936e-05,1.5961956869450467e-05
38100,1.643949616219887e-13,1.6439496162198872e-10,2.0810659973034602e-05,0.0005538525205012223
38200,4.589707922706223e-14,4.589707922706223e-11,2.0505444537326733e-05,0.0003731198086033692
38300,4.6773487619018555e-14,4.6773487619018557e-11,2.020434724704807e-05,0.00037336661456313
38400,2.390381796515799e-15,2.390381796515799e-12,1.9907382777255775e-05,6.87658916277073e-05
38500,8.134600877222847e-15,8.134600877222847e-12,1.9614565601579155e-05,6.15130387771638e-05
38600,1.9939969083093407e-10,1.9939969083093407e-07,1.9325909991514202e-05,0.024379288701443815
38700,1.1779632512444795e-14,1.1779632512444795e-11,1.904143001572816e-05,0.00018972921295116478
38800,7.214288714303677e-16,7.214288714303677e-13,1.8761139539373683e-05,3.588926320710343e-05
38900,8.794276105389294e-14,8.794276105389293e-11,1.8485052223413185e-05,0.00034334109850111356
39000,1.6518460873075854e-12,1.6518460873075854e-09,1.821318152395291e-05,0.0022471547714606444
39100,2.8428366964621776e-16,2.8428366964621775e-13,1.794554069158724e-05,2.9181671339601536e-05
39200,1.7208769526924899e-10,1.72087695269249e-07,1.7682142770752734e-05,0.01838407196726263
39300,7.617189783142798e-12,7.617189783142798e-09,1.7423000599092464e-05,0.004727597164210325
39400,2.727577229419866e-15,2.727577229419866e-12,1.7168126806830263e-05,8.967311409734051e-05
39500,8.552874995726864e-11,8.552874995726863e-08,1.6917533816155207e-05,0.015954972949907997
39600,1.456870907952952e-14,1.456870907952952e-11,1.6671233840616125e-05,0.0001834770135108896
39700,5.417420790330171e-15,5.417420790330171e-12,1.6429238884526345e-05,0.00010123434368122202
39800,2.402268047897201e-17,2.402268047897201e-14,1.619156074237863e-05,7.68576905804252e-06
39900,4.792586645653963e-13,4.792586645653963e-10,1.595821099827031e-05,0.001118761516370765
40000,2.6442450724183016e-12,2.6442450724183014e-09,1.572920102533871e-05,0.002290841581250997
40100,6.428220900162955e-17,6.428220900162955e-14,1.5504541985206815e-05,1.1100900410892051e-05
40200,9.64055712347603e-12,9.64055712347603e-09,1.5284244827439305e-05,0.005016787421371353
40300,8.099868485160989e-12,8.09986848516099e-09,1.5068320289008855e-05,0.00403634874745335
40400,1.1076851808198466e-12,1.1076851808198466e-09,1.485677889377283e-05,0.0018387343632053318
40500,6.952213771158562e-13,6.952213771158563e-10,1.4649630951960416e-05,0.001145399440592005
40600,2.3062816176012812e-15,2.3062816176012813e-12,1.4446886559670043e-05,8.40912867698263e-05
40700,2.6233332514361313e-11,2.6233332514361314e-08,1.4248555598377355e-05,0.008910980075659908
40800,8.15887244912194e-12,8.15887244912194e-09,1.4054647734453613e-05,0.003930996859974776
40900,5.197321041735615e-16,5.197321041735615e-13,1.386517241869454e-05,3.155698152701894e-05
41000,7.136726169397154e-12,7.136726169397154e-09,1.3680138885859706e-05,0.0036769392488812027
41100,5.145134078855313e-13,5.145134078855312e-10,1.3499556154222482e-05,0.0010128298519002548
41200,1.1058512431754125e-16,1.1058512431754125e-13,1.3323433025130416e-05,1.3759340750290775e-05
41300,1.6443792719042304e-12,1.6443792719042305e-09,1.3151778082576361e-05,0.002272530593217755
41400,2.3806201773492994e-13,2.3806201773492994e-10,1.2984599692780047e-05,0.0006893927565239137
41500,5.365262901225181e-12,5.365262901225181e-09,1.2821906003780337e-05,0.003332587079820237
41600,6.322160497962085e-12,6.322160497962085e-09,1.2663704945038113e-05,0.00440359896152087
41700,1.679224236047332e-16,1.679224236047332e-13,1.2510004227049773e-05,2.2073114097114525e-05
41800,7.139878361080564e-12,7.139878361080564e-09,1.236081134097149e-05,0.0037224098466974286
41900,1.4477735943812138e-11,1.4477735943812138e-08,1.2216133558254049e-05,0.006627007134527939
42000,1.4142394518032887e-15,1.4142394518032886e-12,1.207597793028846e-05,4.7226463591443755e-05
42100,1.2315720510912328e-16,1.231572051091233e-13,1.1940351288062315e-05,1.4337321690425334e-05
42200,3.0070739312376966e-12,3.0070739312376967e-09,1.1809260241826805e-05,0.003053099717523494
42300,2.1493647895206848e-15,2.1493647895206847e-12,1.1682711180774584e-05,8.114340826550184e-05
42400,9.492803451781555e-12,9.492803451781556e-09,1.156071027272835e-05,0.005361534471965362
42500,8.274549143082797e-12,8.274549143082797e-09,1.144326346384024e-05,0.0039916683683510045
42600,7.289396742384982e-16,7.289396742384982e-13,1.1330376478302038e-05,3.751248609516004e-05
42700,2.798870464718185e-13,2.798870464718185e-10,1.122205481806615e-05,0.0007470885986943582
42800,9.643398145912437e-13,9.643398145912436e-10,1.1118303762577487e-05,0.0014074295265223947
42900,9.928807144505268e-12,9.928807144505269e-09,1.101912836851611e-05,0.004551743504510888
43000,7.75313215214462e-15,7.75313215214462e-12,1.0924533469550817e-05,0.00012000512377499748
43100,6.225379281032835e-13,6.225379281032835e-10,1.0834523676103542e-05,0.0013110406922627743
43200,2.676448398941175e-13,2.676448398941175e-10,1.0749103375124614e-05,0.0007185604770815599
43300,6.966851737697989e-14,6.96685173769799e-11,1.066827672987899e-05,0.0001688920015851759
43400,6.319474576933091e-14,6.31947457693309e-11,1.0592047679743345e-05,0.00035618422822633676
43500,1.7028713864629947e-13,1.7028713864629948e-10,1.0520419940014038e-05,0.0007234488559356682
43600,2.3752836472469517e-16,2.3752836472469515e-13,1.0453397001726039e-05,2.7015675199171843e-05
43700,2.1444626837698418e-13,2.144462683769842e-10,1.0390982131482819e-05,0.0008097607810016311
43800,1.974878840725659e-14,1.9748788407256592e-11,1.0333178371297087e-05,5.0495518854924015e-05
43900,1.0702684996828073e-16,1.0702684996828072e-13,1.0279988538442578e-05,1.4721477787584775e-05
44000,1.3566475640862152e-13,1.3566475640862152e-10,1.0231415225316703e-05,0.000637422546014734
44100,1.0683819161030675e-13,1.0683819161030675e-10,1.0187460799314202e-05,0.0004509974480638355
44200,7.051905040372954e-11,7.051905040372954e-08,1.0148127402711804e-05,0.011617536098605163
44300,3.5394481485695253e-15,3.539448148569525e-12,1.0113416952563773e-05,8.147782872547975e-05
44400,1.334025031150634e-13,1.334025031150634e-10,1.0083331140608454e-05,0.0006382021278441473
44500,5.073874400443644e-13,5.073874400443644e-10,1.0057871433185903e-05,0.0009810224539689482
44600,1.335600982189068e-14,1.335600982189068e-11,1.0037039071166338e-05,0.00015229355175866321
44700,9.152257035895213e-13,9.152257035895212e-10,1.0020835069889678e-05,0.001664671428188414
44800,3.834275584737187e-13,3.8342755847371867e-10,1.0009260219116098e-05,0.0008825843443785343
44900,7.945930638778847e-15,7.945930638778846e-12,1.00023150829875e-05,0.00012452684601416418
45000,4.856141462817254e-14,4.856141462817254e-11,1e-05,0.0002509553991027238
