condition,benchmark_id,atlas_chart,Mach,alpha,cr_reference,ci_reference,cr_pinn,ci_pinn,ambiguous,status,technical_success,target_error,target_recovery,best_candidate_index,best_center_kind,best_center_index,best_cr_center,best_ci_center,best_cr,best_ci,best_stage1_mismatch,best_stage2_mismatch,best_total_mismatch,best_retry_index,best_cr_half_window,best_ci_half_window,n_boxes,n_completed_boxes,n_technical_boxes,total_box_solves,total_seconds
seeded,0,C00,1.05,0.105,1.861849458323276e-10,0.0596915838649033,0.00960359,0.051924232,False,COMPLETED,True,1.7268649133253102e-06,True,0,PINN,0,0.00960359,0.051924232,0.0,0.05968985700000001,2.671678220483921e-07,2.9405025813728884e-21,2.671678220483951e-07,0,0.015,0.008,12,12,12,12,266.52137773286086
seeded,1,C00,1.1,0.09,1.812993186489701e-09,0.1849919122211095,0.04619938,0.10239334,True,COMPLETED,True,0.07578607222110954,False,3,PINN,0,0.04619938,0.10239334,0.0,0.10920583999999998,4.5138315721138925e-08,3.43763192177358e-21,4.513831572114236e-08,0,0.03,0.008,12,12,12,12,245.65510697569698
seeded,2,C00,1.1,0.105,0.0614720572586166,0.1377614529920954,0.06554711,0.10136479,False,COMPLETED,True,1.0327437658335198e-05,True,2,PINN,0,0.06554711,0.10136479,0.061474844375000004,0.13775150875,6.75927007001124e-07,2.5186869508247474e-21,6.759270070011265e-07,0,0.015,0.03,12,12,12,12,265.68892398814205
seeded,3,C00,1.1,0.115,0.0840064838857459,0.1316074319054831,0.07631394,0.10816286,False,COMPLETED,True,3.862816294325427e-06,True,7,PINN,0,0.07631394,0.10816286,0.0840092525,0.131610125625,3.638455956366567e-07,1.682828824138078e-21,3.638455956366584e-07,0,0.06,0.015,12,12,12,12,270.20059377280995
seeded,4,C00,1.2,0.075,0.1254037605689256,0.1278442189910901,0.12534627,0.14678708,False,COMPLETED,True,7.396861722028915e-06,True,4,PINN,0,0.12534627,0.14678708,0.12540486375000004,0.127851533125,4.786643765451621e-07,4.498789181516771e-21,4.786643765451665e-07,0,0.03,0.015,12,12,12,12,265.1120799211785
seeded,5,C01,1.0,0.145,-5.6069094750228085e-11,0.0290465325718309,0.0029645264,0.04338873,False,COMPLETED,True,3.505696831340845e-06,True,1,PINN,0,0.0029645264,0.04338873,0.0,0.029043026875000006,1.1898654012214053e-06,3.604478406887002e-21,1.189865401221409e-06,0,0.015,0.015,12,12,12,12,271.71677640569396
seeded,6,C01,1.0,0.155,-1.1093810174199796e-10,0.0355397248680497,0.0032099485,0.06000469,False,COMPLETED,True,2.074506953265237e-06,True,1,PINN,0,0.0032099485,0.06000469,0.0,0.035541799375,6.148173182158577e-07,3.092838219217601e-21,6.148173182158608e-07,0,0.015,0.015,12,12,12,12,272.22241088503506
seeded,7,C01,1.0,0.18,-4.0809311066342696e-10,0.0641392460321991,-0.000687778,0.07666625,False,COMPLETED,True,9.623012207818195e-07,True,0,PINN,0,0.0,0.07666625,0.0,0.06414020833333335,1.3594430511665447e-07,2.3234647153322193e-21,1.359443051166568e-07,0,0.015,0.008,12,12,12,12,277.7087445098441
seeded,8,C01,1.05,0.14,0.0443825798422026,0.1272560731093161,0.057414338,0.10697,False,COMPLETED,True,5.26534008173798e-06,True,4,PINN,0,0.057414338,0.10697,0.04438699425,0.12725320312500002,4.044039988534185e-07,6.451438638555129e-22,4.0440399885341914e-07,0,0.03,0.015,12,12,12,12,272.561840726994
seeded,9,C01,1.15,0.175,0.193178755219419,0.0858418261519786,0.18874873,0.068635784,False,COMPLETED,True,3.7030697270927854e-06,True,5,PINN,0,0.18874873,0.068635784,0.19318232375000002,0.08584281525000001,9.383302273994903e-07,1.3452005009842505e-22,9.383302273994904e-07,0,0.03,0.03,12,12,12,12,327.4276252038544
seeded,10,C01,1.15,0.2,0.2086070430962784,0.0722196863696432,0.20869216,0.064648345,False,COMPLETED,True,4.0725694324517505e-06,True,1,PINN,0,0.20869216,0.064648345,0.208604269375,0.07221670437500001,1.2493211643717208e-06,1.861992943343409e-21,1.2493211643717227e-06,0,0.015,0.015,12,12,12,12,335.9676228869939
seeded,11,C01,1.2,0.19,0.2345470619404851,0.0685917338335152,0.24428776,0.06646624,False,COMPLETED,True,5.544448929315373e-06,True,2,PINN,0,0.24428776,0.06646624,0.23455143187499997,0.06859514624999999,1.640982259575357e-06,7.235347735684171e-23,1.640982259575357e-06,0,0.015,0.03,12,12,12,12,339.9543558349833
seeded,12,C02,1.0,0.25,0.111546652099929,0.0638826719697617,0.11011088,0.06385911,False,COMPLETED,True,2.489904216874943e-06,True,0,PINN,0,0.11011088,0.06385911,0.11154642687499998,0.06388515166666668,7.985854401892227e-07,4.8537666837314854e-20,7.985854401892712e-07,0,0.015,0.008,12,12,12,12,320.3429480328923
seeded,13,C02,1.0,0.315,0.1527202937243574,0.0259287963122211,0.15882558,0.02823904,False,COMPLETED,True,3.4423294939909915e-06,True,0,PINN,0,0.15882558,0.02823904,0.152722064375,0.025931748333333327,1.6978643224461007e-06,5.691990793283986e-20,1.6978643224461577e-06,0,0.015,0.008,12,12,12,12,354.36014731402975
seeded,14,C02,1.05,0.22,0.1435406899321354,0.0776899506702274,0.12625547,0.0781236,False,COMPLETED,True,1.3591558128773617e-06,True,3,PINN,0,0.12625547,0.0781236,0.14354062624999994,0.07769130833333336,4.189547294174514e-07,1.8737671307830022e-20,4.189547294174701e-07,0,0.03,0.008,12,12,12,12,321.8506177160889
seeded,15,C02,1.05,0.225,0.1469792621771554,0.0747033476696535,0.1288271,0.0745805,False,COMPLETED,True,3.7277458528253428e-06,True,0,PINN,0,0.1288271,0.0745805,0.14698139687499998,0.07470029166666665,1.1931232584928293e-06,2.031112642187398e-20,1.1931232584928497e-06,0,0.015,0.008,12,12,12,12,322.5222371388227
seeded,16,C02,1.05,0.35,0.2055430635370356,0.0033487427887457,0.20462894,0.0017850369,False,COMPLETED,True,3.917021505235842e-06,True,5,PINN,0,0.20462894,0.0017850369,0.20554690875,0.0033479962000162763,2.360790331314364e-06,4.746818341991584e-20,2.3607903313144115e-06,0,0.03,0.03,12,12,12,12,392.01276182499714
seeded,17,C02,1.1,0.215,0.1820716357575376,0.0726387709774911,0.18080717,0.07141138,False,COMPLETED,True,5.6181784848296266e-06,True,2,PINN,0,0.18080717,0.07141138,0.182066935625,0.07264184874999999,1.8206124672452033e-06,8.411330060570545e-21,1.8206124672452118e-06,0,0.015,0.03,12,12,12,12,329.6921954964055
seeded,18,C02,1.1,0.265,0.2071896831590645,0.0445687947481188,0.20841847,0.046392817,False,COMPLETED,True,2.7294134267354676e-06,True,4,PINN,0,0.20841847,0.046392817,0.20718800125,0.04456664512500001,1.1775340993433777e-06,2.0545084377004995e-20,1.1775340993433983e-06,0,0.03,0.015,12,12,12,12,351.68726245395374
seeded,19,C02,1.15,0.23,0.2240340200598721,0.0560742848095208,0.23034637,0.055443585,False,COMPLETED,True,2.7977334880096425e-06,True,9,PINN,0,0.23034637,0.055443585,0.2240312658333333,0.05607379333333333,1.034960907339903e-06,5.995414557356475e-21,1.034960907339909e-06,0,0.1,0.008,12,12,12,12,344.6286276060855
seeded,20,C02,1.2,0.285,0.2745150983935676,0.0207082606481318,0.27288508,0.014161268,False,COMPLETED,True,8.491706852095436e-07,True,0,PINN,0,0.27288508,0.014161268,0.274515939375,0.020708143000000005,4.153742219543394e-07,1.0499561489265016e-20,4.1537422195434986e-07,0,0.015,0.008,12,12,12,12,389.0826944062719
seeded,21,C02,1.2,0.315,0.283776640858734,0.0058299567246247,0.27371174,0.005834017,False,COMPLETED,True,3.467200174225083e-06,True,1,PINN,0,0.27371174,0.005834017,0.283780099375,0.005830201963867188,1.9019366302101265e-06,1.5129286544373546e-20,1.9019366302101415e-06,0,0.015,0.015,12,12,12,12,412.1218352688011
seeded,22,C10,1.3,0.085,0.2134213938242283,0.0967386008453398,0.22815315,0.09804351,False,COMPLETED,True,5.155490588395752e-06,True,0,PINN,0,0.22815315,0.09804351,0.21341682187500002,0.09673621833333333,4.97249376718277e-07,5.150316340973251e-21,4.972493767182822e-07,0,0.015,0.008,12,12,12,12,288.616665870999
seeded,23,C10,1.35,0.055,0.2048051278829152,0.0932814022118254,0.19728044,0.09156128,False,COMPLETED,True,5.996552031073366e-06,True,0,PINN,0,0.19728044,0.09156128,0.204809736875,0.09328523833333331,3.0224158527870975e-07,2.3930774642901044e-21,3.0224158527871213e-07,0,0.015,0.008,12,12,12,12,276.8899709112011
seeded,24,C10,1.35,0.09,0.2484573310607619,0.0834671719506741,0.2564376,0.08527956,False,COMPLETED,True,4.3840674578103e-06,True,2,PINN,0,0.2564376,0.08527956,0.24845908437499997,0.08346315375000002,4.829013634793204e-07,5.348638625485038e-21,4.829013634793258e-07,0,0.015,0.03,12,12,12,12,299.5115881320089
seeded,25,C10,1.4,0.075,0.2608331471465684,0.0767975321674059,0.24605283,0.07539043,False,COMPLETED,True,4.6657764109395205e-06,True,9,PINN,0,0.24605283,0.07539043,0.2608314758333333,0.0768018883333333,4.02829769007914e-07,3.947576405595554e-21,4.02829769007918e-07,0,0.1,0.008,12,12,12,12,296.92394387791865
seeded,26,C11,1.25,0.16,0.2464222279528879,0.0743731035158428,0.24575491,0.075478755,False,COMPLETED,True,3.893567495875566e-06,True,7,PINN,0,0.24575491,0.075478755,0.24641897249999997,0.074375239375,9.389806468038096e-07,1.6685402822111945e-21,9.389806468038113e-07,0,0.06,0.015,12,12,12,12,335.0113516058773
seeded,27,C11,1.25,0.17,0.2524134188561518,0.0696333329101972,0.2514455,0.07117982,False,COMPLETED,True,1.187146168756824e-06,True,0,PINN,0,0.2514455,0.07117982,0.25241229687500005,0.06963294500000002,3.113268859720148e-07,9.47206156044749e-22,3.1132688597201573e-07,0,0.015,0.008,12,12,12,12,340.72503487218637
seeded,28,C11,1.25,0.195,0.2657063752620336,0.0577515784663902,0.26916006,0.05756781,False,COMPLETED,True,3.4915941846425954e-06,True,9,PINN,0,0.26916006,0.05756781,0.2657095391666666,0.05775010166666666,1.0980360308499552e-06,3.212017648448968e-23,1.0980360308499552e-06,0,0.1,0.008,12,12,12,12,347.4783318651607
seeded,29,C11,1.35,0.155,0.2967549899429557,0.0596339037531516,0.2958821,0.05954785,False,COMPLETED,True,4.175102791609293e-06,True,1,PINN,0,0.2958821,0.05954785,0.29675124062499997,0.059635740625,1.0212901181682385e-06,4.12138067012265e-21,1.0212901181682426e-06,0,0.015,0.015,12,12,12,12,337.0962434668327
seeded,30,C11,1.4,0.19,0.3372147010212746,0.0392805758273937,0.33646756,0.038047705,False,COMPLETED,True,5.041713745730237e-06,True,0,PINN,0,0.33646756,0.038047705,0.33721951312500004,0.03928207999999999,1.6306196647011259e-06,2.3315203925023808e-21,1.6306196647011282e-06,0,0.015,0.008,12,12,12,12,374.92420484591275
seeded,31,C12,1.25,0.235,0.283159755764521,0.0387025891520861,0.28292152,0.041625187,False,COMPLETED,True,5.948939937727994e-06,True,0,PINN,0,0.28292152,0.041625187,0.283165660625,0.038703312000000004,2.354606236909442e-06,1.2997823469285239e-21,2.3546062369094432e-06,0,0.015,0.008,12,12,12,12,369.9971655901754
