Mach,alpha,cr,ci,omega_i,delta_kappa,delta_q,residual_norm,accepted,parameterization,settings_name,spectral_extent,matching_y,max_step,rtol,atol,optimizer_success,optimizer_status,optimizer_message,optimizer_nfev,objective_calls,integration_failures,active_lower_ci,active_upper_ci,ci_lower,ci_upper,seed_cr,seed_ci,attempt_timestamp,purpose,source_path,source_Mach,source_alpha,source_cr,source_ci,mach_distance,anchor_score,direction,is_target,status,requested_alpha,seed_alpha,alpha_step,anchor_source_path,anchor_source_Mach,anchor_source_alpha,neutral_alpha_estimate,neutral_fit_r2,timestamp,trial_alpha,trial_step,mach_directory,mode_status,mode_gamma_mismatch_at_match,mode_numerical_extent,mode_tail_tolerance,mode_far_left,mode_far_right,mode_mu_left,mode_mu_right,mode_n_coordinates,mode_available,freeze_id,reference_status,reference_subset,reference_source_path,neutral_alpha_lower,neutral_alpha_upper,neutral_alpha_uncertainty,neutral_last_positive_ci,neutral_estimate_method,final_reference_id,_id_key,alpha_neutral_used,alpha_neutral_uncertainty_used,alpha_neutral_source,s,mach_split,is_spectral_anchor,anchor_rank,usable_as_training_anchor,cr_pinn,ci_pinn,omega_i_pinn,cr_error,ci_error
1.9,0.05,0.4575013033096492,0.0201545403695674,0.0010077270184783,1.889288638728948e-12,1.5295239033652486e-12,2.430813635677558e-12,True,log_ci,nominal,20.0,1.0,0.5,1e-09,1e-11,True,1.0,`gtol` termination condition is satisfied.,3,16,0,False,False,0.0002034015061069,0.2,0.4575440169222752,0.0203401506106926,2026-07-23T11:50:50.470684+00:00,continuation,,,,,,,,low,True,converged,0.05,0.055,-0.0049999999999999,/lustre/fswork/projects/rech/fdb/usv13rn/These_PINN_KH_RT/classic_supersonic/data/spectral/supersonic_primary_modal_spectral_133pts.csv,1.9,0.08,,,2026-07-23T11:50:50.481884+00:00,0.05,-0.0049999999999999,M1p900000,converged,1.1293100157953828e-11,40.0,1e-06,-6730.234112014707,1985.676323643234,0.0020531911224124,0.0069618691311839,3801.0,True,dense_kappa_q_campaign_v1_FINAL_FREEZE,retained_classical_supersonic,base_dense_campaign,/lustre/fswork/projects/rech/fdb/usv13rn/These_PINN_KH_RT/assets/classic_supersonic/dense_kappa_q_campaign_v1_FINAL_FREEZE/classical_supersonic_maps/classical_supersonic_dense_reference.csv,,,,,,M1.900000_a0.05000000,M1.900000_a0.05000000,0.215,,max_available_alpha_proxy,0.2325581395348837,train,False,,False,0.46110317,0.037489526,0.0018744762986898423,0.0036018678005039773,0.017334985604229445
1.9,0.055,0.4598761373512365,0.0209545200389075,0.0011524986021399,1.0925531312988568e-12,9.05165699338628e-13,1.4188013560643805e-12,True,log_ci,nominal,20.0,1.0,0.5,1e-09,1e-11,True,1.0,`gtol` termination condition is satisfied.,3,16,0,False,False,0.0002111911203495,0.2,0.4599234445796511,0.0211191120349523,2026-07-23T11:50:49.850239+00:00,continuation,,,,,,,,low,True,converged,0.055,0.06,-0.0049999999999999,/lustre/fswork/projects/rech/fdb/usv13rn/These_PINN_KH_RT/classic_supersonic/data/spectral/supersonic_primary_modal_spectral_133pts.csv,1.9,0.08,,,2026-07-23T11:50:49.860509+00:00,0.055,-0.0049999999999999,M1p900000,converged,1.5852231000720536e-11,40.0,1e-06,-5886.510090755538,1674.7842532084414,0.0023475807167861,0.0082551673426214,3801.0,True,dense_kappa_q_campaign_v1_FINAL_FREEZE,retained_classical_supersonic,base_dense_campaign,/lustre/fswork/projects/rech/fdb/usv13rn/These_PINN_KH_RT/assets/classic_supersonic/dense_kappa_q_campaign_v1_FINAL_FREEZE/classical_supersonic_maps/classical_supersonic_dense_reference.csv,,,,,,M1.900000_a0.05500000,M1.900000_a0.05500000,0.215,,max_available_alpha_proxy,0.2558139534883721,train,False,,False,0.4616587,0.030774126,0.0016925769206136466,0.0017825490482233364,0.009819605790431528
1.9,0.06,0.4622082577801977,0.0215874463500849,0.001295246781005,6.753573394968626e-13,5.585141724107068e-13,8.76382118026091e-13,True,log_ci,nominal,20.0,1.0,0.5,1e-09,1e-11,True,1.0,`gtol` termination condition is satisfied.,3,16,0,False,False,0.0002173473279349,0.2,0.4622587271264724,0.0217347327934912,2026-07-23T11:50:49.222122+00:00,continuation,,,,,,,,low,True,converged,0.06,0.065,-0.005,/lustre/fswork/projects/rech/fdb/usv13rn/These_PINN_KH_RT/classic_supersonic/data/spectral/supersonic_primary_modal_spectral_133pts.csv,1.9,0.08,,,2026-07-23T11:50:49.233290+00:00,0.06,-0.005,M1p900000,converged,2.3343279031429525e-11,40.0,1e-06,-5239.24517968692,1435.6726340272955,0.0026377210430515,0.0096312308839995,3801.0,True,dense_kappa_q_campaign_v1_FINAL_FREEZE,retained_classical_supersonic,base_dense_campaign,/lustre/fswork/projects/rech/fdb/usv13rn/These_PINN_KH_RT/assets/classic_supersonic/dense_kappa_q_campaign_v1_FINAL_FREEZE/classical_supersonic_maps/classical_supersonic_dense_reference.csv,,,,,,M1.900000_a0.06000000,M1.900000_a0.06000000,0.215,,max_available_alpha_proxy,0.2790697674418604,train,False,,False,0.4628167,0.025733698,0.001544021889567375,0.0006084276579584325,0.004146251809371355
1.9,0.065,0.4644930709807444,0.0220661663779487,0.0014343008145666,4.4610756061436163e-13,3.5970011691421893e-13,5.730585744454043e-13,True,log_ci,nominal,20.0,1.0,0.5,1e-09,1e-11,True,1.0,`gtol` termination condition is satisfied.,3,16,0,False,False,0.0002219917809249,0.2,0.4645455570671053,0.0221991780924929,2026-07-23T11:50:48.629974+00:00,continuation,,,,,,,,low,True,converged,0.065,0.07,-0.005,/lustre/fswork/projects/rech/fdb/usv13rn/These_PINN_KH_RT/classic_supersonic/data/spectral/supersonic_primary_modal_spectral_133pts.csv,1.9,0.08,,,2026-07-23T11:50:48.640571+00:00,0.065,-0.005,M1p900000,converged,2.282437061809352e-11,40.0,1e-06,-4732.594055364902,1247.4605906725244,0.0029202197604407,0.0110856840116642,3801.0,True,dense_kappa_q_campaign_v1_FINAL_FREEZE,retained_classical_supersonic,base_dense_campaign,/lustre/fswork/projects/rech/fdb/usv13rn/These_PINN_KH_RT/assets/classic_supersonic/dense_kappa_q_campaign_v1_FINAL_FREEZE/classical_supersonic_maps/classical_supersonic_dense_reference.csv,,,,,,M1.900000_a0.06500000,M1.900000_a0.06500000,0.215,,max_available_alpha_proxy,0.3023255813953489,train,True,1.0,True,0.46449116,0.022066327,0.0014343112427741289,-1.9122569132057343e-06,1.604339609773131e-07
1.9,0.07,0.4667274148350163,0.0224026540029573,0.001568185780207,3.1570926428692333e-13,2.458753686762627e-13,4.001587640903024e-13,True,log_ci,nominal,20.0,1.0,0.5,1e-09,1e-11,True,1.0,`gtol` termination condition is satisfied.,3,16,0,False,False,0.000225238993399,0.2,0.4667810102285148,0.0225238993399066,2026-07-23T11:50:48.036829+00:00,continuation,,,,,,,,low,True,converged,0.07,0.075,-0.0049999999999999,/lustre/fswork/projects/rech/fdb/usv13rn/These_PINN_KH_RT/classic_supersonic/data/spectral/supersonic_primary_modal_spectral_133pts.csv,1.9,0.08,,,2026-07-23T11:50:48.046735+00:00,0.07,-0.0049999999999999,M1p900000,converged,2.6580694966460664e-11,40.0,1e-06,-4329.696414262747,1096.3976215616308,0.0031920859741414,0.0126146402706578,3801.0,True,dense_kappa_q_campaign_v1_FINAL_FREEZE,retained_classical_supersonic,base_dense_campaign,/lustre/fswork/projects/rech/fdb/usv13rn/These_PINN_KH_RT/assets/classic_supersonic/dense_kappa_q_campaign_v1_FINAL_FREEZE/classical_supersonic_maps/classical_supersonic_dense_reference.csv,,,,,,M1.900000_a0.07000000,M1.900000_a0.07000000,0.215,,max_available_alpha_proxy,0.3255813953488372,train,False,,False,0.4665467,0.0194904,0.0013643280230462552,-0.0001807005291385999,-0.0029122536737250827
1.9,0.075,0.4689092726029273,0.0226079949575224,0.0016955996218141,1.6893604570800136e-14,1.59837421076503e-14,2.3256695533941023e-14,True,log_ci,nominal,20.0,1.0,0.5,1e-09,1e-11,True,1.0,`gtol` termination condition is satisfied.,4,21,0,False,False,0.0002269240455598,0.2,0.4710375349773399,0.0226924045559811,2026-07-23T11:50:47.446291+00:00,continuation,,,,,,,,low,True,converged,0.075,0.08,-0.005,/lustre/fswork/projects/rech/fdb/usv13rn/These_PINN_KH_RT/classic_supersonic/data/spectral/supersonic_primary_modal_spectral_133pts.csv,1.9,0.08,,,2026-07-23T11:50:47.456230+00:00,0.075,-0.005,M1p900000,converged,1.7352832589099834e-11,40.0,1e-06,-4005.3833973341752,973.1098729914676,0.0034506827495166,0.0142146421969342,3801.0,True,dense_kappa_q_campaign_v1_FINAL_FREEZE,retained_classical_supersonic,base_dense_campaign,/lustre/fswork/projects/rech/fdb/usv13rn/These_PINN_KH_RT/assets/classic_supersonic/dense_kappa_q_campaign_v1_FINAL_FREEZE/classical_supersonic_maps/classical_supersonic_dense_reference.csv,,,,,,M1.900000_a0.07500000,M1.900000_a0.07500000,0.215,,max_available_alpha_proxy,0.3488372093023256,train,False,,False,0.46882048,0.017771063,0.0013328297529369593,-8.879011048040786e-05,-0.004836931585029611
1.9,0.08,0.4710375349773399,0.0226924045559811,0.0018153923644784,6.636950537763919e-12,1.5775108649918046e-11,1.7114413964767943e-11,True,log_ci,nominal,20.0,1.0,0.5,1e-09,1e-11,True,1.0,`gtol` termination condition is satisfied.,2,11,0,False,False,0.0002269431999999,0.2,0.471039264,0.0226943199999999,2026-07-23T11:50:46.636896+00:00,anchor,/lustre/fswork/projects/rech/fdb/usv13rn/These_PINN_KH_RT/classic_supersonic/data/spectral/supersonic_primary_modal_spectral_133pts.csv,1.9,0.08,0.471039264,0.0226943199999999,0.0,20.997153995657783,anchor,True,anchor_converged,0.08,0.08,0.0,/lustre/fswork/projects/rech/fdb/usv13rn/These_PINN_KH_RT/classic_supersonic/data/spectral/supersonic_primary_modal_spectral_133pts.csv,1.9,0.08,,,2026-07-23T11:50:46.646377+00:00,,,M1p900000,converged,9.484163726720274e-12,40.0,1e-06,-3742.020439589812,871.027488336485,0.0036936841757083,0.0158826060367353,3801.0,True,dense_kappa_q_campaign_v1_FINAL_FREEZE,retained_classical_supersonic,base_dense_campaign,/lustre/fswork/projects/rech/fdb/usv13rn/These_PINN_KH_RT/assets/classic_supersonic/dense_kappa_q_campaign_v1_FINAL_FREEZE/classical_supersonic_maps/classical_supersonic_dense_reference.csv,,,,,,M1.900000_a0.08000000,M1.900000_a0.08000000,0.215,,max_available_alpha_proxy,0.3720930232558139,train,False,,False,0.47116166,0.01672558,0.0013380463421344758,0.0001241285549171689,-0.0059668252793001544
1.9,0.085,0.4731118045402344,0.0226652668576932,0.0019265476829039,6.5997554643537626e-15,1.6991616447192822e-14,1.8228324159883183e-14,True,log_ci,nominal,20.0,1.0,0.5,1e-09,1e-11,True,1.0,`gtol` termination condition is satisfied.,4,21,0,False,False,0.0002269240455598,0.2,0.4710375349773399,0.0226924045559811,2026-07-23T11:50:51.319166+00:00,continuation,,,,,,,,high,True,converged,0.085,0.08,0.005,/lustre/fswork/projects/rech/fdb/usv13rn/These_PINN_KH_RT/classic_supersonic/data/spectral/supersonic_primary_modal_spectral_133pts.csv,1.9,0.08,,,2026-07-23T11:50:51.330537+00:00,0.085,0.005,M1p900000,converged,3.92465402740816e-11,40.0,1e-06,-3526.978776735576,785.4317860707841,0.0039190373435331,0.0176157725111899,3801.0,True,dense_kappa_q_campaign_v1_FINAL_FREEZE,retained_classical_supersonic,base_dense_campaign,/lustre/fswork/projects/rech/fdb/usv13rn/These_PINN_KH_RT/assets/classic_supersonic/dense_kappa_q_campaign_v1_FINAL_FREEZE/classical_supersonic_maps/classical_supersonic_dense_reference.csv,,,,,,M1.900000_a0.08500000,M1.900000_a0.08500000,0.215,,max_available_alpha_proxy,0.3953488372093023,train,False,,False,0.4734598,0.01621962,0.0013786676712334157,0.0003480054783050468,-0.006445647196123606
1.9,0.09,0.4751322369239946,0.0225351864585413,0.0020281667812687,1.772124114118867e-13,1.401760651997819e-13,2.2595036626062213e-13,True,log_ci,nominal,20.0,1.0,0.5,1e-09,1e-11,True,1.0,`gtol` termination condition is satisfied.,3,16,0,False,False,0.000226381616132,0.2,0.4751860741031288,0.0226381616132014,2026-07-23T11:50:51.945310+00:00,continuation,,,,,,,,high,True,converged,0.09,0.085,0.0049999999999999,/lustre/fswork/projects/rech/fdb/usv13rn/These_PINN_KH_RT/classic_supersonic/data/spectral/supersonic_primary_modal_spectral_133pts.csv,1.9,0.08,,,2026-07-23T11:50:51.957216+00:00,0.09,0.0049999999999999,M1p900000,converged,1.9696265559380288e-11,40.0,1e-06,-3351.054469207593,712.86033174708,0.004124929132987,0.0194116639015658,3801.0,True,dense_kappa_q_campaign_v1_FINAL_FREEZE,retained_classical_supersonic,base_dense_campaign,/lustre/fswork/projects/rech/fdb/usv13rn/These_PINN_KH_RT/assets/classic_supersonic/dense_kappa_q_campaign_v1_FINAL_FREEZE/classical_supersonic_maps/classical_supersonic_dense_reference.csv,,,,,,M1.900000_a0.09000000,M1.900000_a0.09000000,0.215,,max_available_alpha_proxy,0.4186046511627906,train,False,,False,0.47565013,0.016159022,0.0014543120004236697,0.0005178947784285071,-0.006376164231611636
1.9,0.095,0.4770994126801933,0.022310043030764,0.0021194540879225,1.3868246828696584e-13,1.173020014455517e-13,1.8163861525924905e-13,True,log_ci,nominal,20.0,1.0,0.5,1e-09,1e-11,True,1.0,`gtol` termination condition is satisfied.,3,16,0,False,False,0.0002240585261624,0.2,0.4771526693077548,0.02240585261624,2026-07-23T11:50:52.579149+00:00,continuation,,,,,,,,high,True,converged,0.095,0.09,0.005,/lustre/fswork/projects/rech/fdb/usv13rn/These_PINN_KH_RT/classic_supersonic/data/spectral/supersonic_primary_modal_spectral_133pts.csv,1.9,0.08,,,2026-07-23T11:50:52.590387+00:00,0.095,0.005,M1p900000,converged,2.1652690908387405e-11,40.0,1e-06,-3207.452338890329,650.7242293821321,0.0043097567825034,0.0212680456351336,3801.0,True,dense_kappa_q_campaign_v1_FINAL_FREEZE,retained_classical_supersonic,base_dense_campaign,/lustre/fswork/projects/rech/fdb/usv13rn/These_PINN_KH_RT/assets/classic_supersonic/dense_kappa_q_campaign_v1_FINAL_FREEZE/classical_supersonic_maps/classical_supersonic_dense_reference.csv,,,,,,M1.900000_a0.09500000,M1.900000_a0.09500000,0.215,,max_available_alpha_proxy,0.4418604651162791,train,False,,False,0.47770247,0.016479162,0.0015655204374343157,0.0006030559534584423,-0.0058308805314554145
1.9,0.1,0.4790142335247862,0.0219970508320953,0.0021997050832095,1.1182721415536889e-13,1.0285002016718893e-13,1.519323944198271e-13,True,log_ci,nominal,20.0,1.0,0.5,1e-09,1e-11,True,1.0,`gtol` termination condition is satisfied.,3,16,0,False,False,0.0002208714895482,0.2,0.4790665884363921,0.0220871489548243,2026-07-23T11:50:53.223905+00:00,continuation,,,,,,,,high,True,converged,0.1,0.095,0.005,/lustre/fswork/projects/rech/fdb/usv13rn/These_PINN_KH_RT/classic_supersonic/data/spectral/supersonic_primary_modal_spectral_133pts.csv,1.9,0.08,,,2026-07-23T11:50:53.234623+00:00,0.1,0.005,M1p900000,converged,2.38079248349281e-11,40.0,1e-06,-3091.115817396633,597.0549969027024,0.0044721028719035,0.0231828940020107,3801.0,True,dense_kappa_q_campaign_v1_FINAL_FREEZE,retained_classical_supersonic,base_dense_campaign,/lustre/fswork/projects/rech/fdb/usv13rn/These_PINN_KH_RT/assets/classic_supersonic/dense_kappa_q_campaign_v1_FINAL_FREEZE/classical_supersonic_maps/classical_supersonic_dense_reference.csv,,,,,,M1.900000_a0.10000000,M1.900000_a0.10000000,0.215,,max_available_alpha_proxy,0.4651162790697675,train,False,,False,0.4796064,0.017133,0.0017132999375462532,0.0005921564746034225,-0.0048640514566327675
1.9,0.105,0.4808778398375454,0.0216028148034642,0.0022682955543637,9.216238883169581e-14,9.279903234737933e-14,1.30788249930086e-13,True,log_ci,nominal,20.0,1.0,0.5,1e-09,1e-11,True,1.0,`gtol` termination condition is satisfied.,3,16,0,False,False,0.0002168844966558,0.2,0.4809290543693791,0.021688449665586,2026-07-23T11:50:53.868531+00:00,continuation,,,,,,,,high,True,converged,0.105,0.1,0.0049999999999999,/lustre/fswork/projects/rech/fdb/usv13rn/These_PINN_KH_RT/classic_supersonic/data/spectral/supersonic_primary_modal_spectral_133pts.csv,1.9,0.08,,,2026-07-23T11:50:53.879211+00:00,0.105,0.0049999999999999,M1p900000,converged,2.586650960929909e-11,40.0,1e-06,-2998.278996856457,550.3334930182311,0.0046107132683346,0.0251543676680146,3801.0,True,dense_kappa_q_campaign_v1_FINAL_FREEZE,retained_classical_supersonic,base_dense_campaign,/lustre/fswork/projects/rech/fdb/usv13rn/These_PINN_KH_RT/assets/classic_supersonic/dense_kappa_q_campaign_v1_FINAL_FREEZE/classical_supersonic_maps/classical_supersonic_dense_reference.csv,,,,,,M1.900000_a0.10500000,M1.900000_a0.10500000,0.215,,max_available_alpha_proxy,0.4883720930232558,train,False,,False,0.4813613,0.0180776,0.0018981480784714222,0.0004834599156436914,-0.0035252140561173213
1.9,0.11,0.482691544513499,0.021133384910942,0.0023246723402036,8.067678469725339e-14,8.922897143381905e-14,1.202936113524915e-13,True,log_ci,nominal,20.0,1.0,0.5,1e-09,1e-11,True,1.0,`gtol` termination condition is satisfied.,3,16,0,False,False,0.0002121564436046,0.2,0.4827414461503047,0.0212156443604635,2026-07-23T11:50:54.497929+00:00,continuation,,,,,,,,high,True,converged,0.11,0.105,0.005,/lustre/fswork/projects/rech/fdb/usv13rn/These_PINN_KH_RT/classic_supersonic/data/spectral/supersonic_primary_modal_spectral_133pts.csv,1.9,0.08,,,2026-07-23T11:50:54.508820+00:00,0.11,0.005,M1p900000,converged,2.673675411657724e-11,40.0,1e-06,-2926.1613992860503,509.3713302004084,0.0047244781514604,0.0271807833366276,3801.0,True,dense_kappa_q_campaign_v1_FINAL_FREEZE,retained_classical_supersonic,base_dense_campaign,/lustre/fswork/projects/rech/fdb/usv13rn/These_PINN_KH_RT/assets/classic_supersonic/dense_kappa_q_campaign_v1_FINAL_FREEZE/classical_supersonic_maps/classical_supersonic_dense_reference.csv,,,,,,M1.900000_a0.11000000,M1.900000_a0.11000000,0.215,,max_available_alpha_proxy,0.5116279069767442,train,False,,False,0.48297322,0.01925877,0.0021184646151959897,0.0002816734506733698,-0.0018746156818875495
1.9,0.115,0.4844567807943823,0.0205943065902101,0.0023683452578741,7.347074337804571e-14,9.083792745778753e-14,1.1683098560462852e-13,True,log_ci,nominal,20.0,1.0,0.5,1e-09,1e-11,True,1.0,`gtol` termination condition is satisfied.,3,16,0,False,False,0.0002067415574577,0.2,0.4845052491894526,0.0206741557457787,2026-07-23T11:50:55.128894+00:00,continuation,,,,,,,,high,True,converged,0.115,0.11,0.005,/lustre/fswork/projects/rech/fdb/usv13rn/These_PINN_KH_RT/classic_supersonic/data/spectral/supersonic_primary_modal_spectral_133pts.csv,1.9,0.08,,,2026-07-23T11:50:55.139714+00:00,0.115,0.005,M1p900000,converged,6.293969439171706e-11,40.0,1e-06,-2872.762346449169,473.227534769188,0.0048124154818229,0.0292605949296066,3801.0,True,dense_kappa_q_campaign_v1_FINAL_FREEZE,retained_classical_supersonic,base_dense_campaign,/lustre/fswork/projects/rech/fdb/usv13rn/These_PINN_KH_RT/assets/classic_supersonic/dense_kappa_q_campaign_v1_FINAL_FREEZE/classical_supersonic_maps/classical_supersonic_dense_reference.csv,,,,,,M1.900000_a0.11500000,M1.900000_a0.11500000,0.215,,max_available_alpha_proxy,0.5348837209302326,train,True,2.0,True,0.48445547,0.02059437,0.002368352506309748,-1.314523935536105e-06,6.302987466330623e-08
1.9,0.12,0.4861750606068702,0.0199906682279446,0.0023988801873533,6.809136587904163e-14,9.735007938660445e-14,1.1880013494879416e-13,True,log_ci,nominal,20.0,1.0,0.5,1e-09,1e-11,True,1.0,`gtol` termination condition is satisfied.,3,16,0,False,False,0.0002006897928177,0.2,0.4862220170752656,0.0200689792817797,2026-07-23T11:50:55.766442+00:00,continuation,,,,,,,,high,True,converged,0.12,0.115,0.0049999999999999,/lustre/fswork/projects/rech/fdb/usv13rn/These_PINN_KH_RT/classic_supersonic/data/spectral/supersonic_primary_modal_spectral_133pts.csv,1.9,0.08,,,2026-07-23T11:50:55.777405+00:00,0.12,0.0049999999999999,M1p900000,converged,3.5517459051565106e-11,40.0,1e-06,-2836.724768491198,441.1488147937305,0.0048736568550439,0.0313923759180626,3801.0,True,dense_kappa_q_campaign_v1_FINAL_FREEZE,retained_classical_supersonic,base_dense_campaign,/lustre/fswork/projects/rech/fdb/usv13rn/These_PINN_KH_RT/assets/classic_supersonic/dense_kappa_q_campaign_v1_FINAL_FREEZE/classical_supersonic_maps/classical_supersonic_dense_reference.csv,,,,,,M1.900000_a0.12000000,M1.900000_a0.12000000,0.215,,max_available_alpha_proxy,0.5581395348837209,train,False,,False,0.48583075,0.02195934,0.0026351208239793777,-0.00034430656519846004,0.0019686719718835476
1.9,0.125,0.487847941407231,0.0193271425190721,0.002415892814884,7.078539143723361e-14,1.1078291062283085e-13,1.3146644030697918e-13,True,log_ci,nominal,20.0,1.0,0.5,1e-09,1e-11,True,1.0,`gtol` termination condition is satisfied.,3,16,0,False,False,0.000194047230699,0.2,0.4878933404193581,0.0194047230699054,2026-07-23T11:50:56.397553+00:00,continuation,,,,,,,,high,True,converged,0.125,0.12,0.005,/lustre/fswork/projects/rech/fdb/usv13rn/These_PINN_KH_RT/classic_supersonic/data/spectral/supersonic_primary_modal_spectral_133pts.csv,1.9,0.08,,,2026-07-23T11:50:56.408216+00:00,0.125,0.005,M1p900000,converged,5.378823687664138e-11,40.0,1e-06,-2817.2505608326314,412.52595502196135,0.0049074347213355,0.0335748031607808,3801.0,True,dense_kappa_q_campaign_v1_FINAL_FREEZE,retained_classical_supersonic,base_dense_campaign,/lustre/fswork/projects/rech/fdb/usv13rn/These_PINN_KH_RT/assets/classic_supersonic/dense_kappa_q_campaign_v1_FINAL_FREEZE/classical_supersonic_maps/classical_supersonic_dense_reference.csv,,,,,,M1.900000_a0.12500000,M1.900000_a0.12500000,0.215,,max_available_alpha_proxy,0.5813953488372093,train,False,,False,0.48713154,0.02317874,0.0028973424341529608,-0.0007164054003034881,0.0038515969541515864
1.9,0.13,0.4894770013114648,0.0186080268219635,0.0024190434868552,7.662100121041959e-14,1.37324179805276e-13,1.572536428375473e-13,True,log_ci,nominal,20.0,1.0,0.5,1e-09,1e-11,True,1.0,`gtol` termination condition is satisfied.,3,16,0,False,False,0.0001868564040447,0.2,0.4895208222075918,0.0186856404044743,2026-07-23T11:50:57.046338+00:00,continuation,,,,,,,,high,True,converged,0.13,0.125,0.005,/lustre/fswork/projects/rech/fdb/usv13rn/These_PINN_KH_RT/classic_supersonic/data/spectral/supersonic_primary_modal_spectral_133pts.csv,1.9,0.08,,,2026-07-23T11:50:57.057483+00:00,0.13,0.005,M1p900000,converged,2.846796597416205e-11,40.0,1e-06,-2814.058563861414,386.8616855263189,0.0049130718814667,0.0358066448689223,3801.0,True,dense_kappa_q_campaign_v1_FINAL_FREEZE,retained_classical_supersonic,base_dense_campaign,/lustre/fswork/projects/rech/fdb/usv13rn/These_PINN_KH_RT/assets/classic_supersonic/dense_kappa_q_campaign_v1_FINAL_FREEZE/classical_supersonic_maps/classical_supersonic_dense_reference.csv,,,,,,M1.900000_a0.13000000,M1.900000_a0.13000000,0.215,,max_available_alpha_proxy,0.6046511627906977,train,False,,False,0.48839825,0.02403709,0.0031248215958476068,-0.0010787473937707293,0.005429062376864243
1.9,0.135,0.4910638186460426,0.0178372766850934,0.0024080323524876,8.928274786157433e-14,1.8182677585798499e-13,2.025645217816372e-13,True,log_ci,nominal,20.0,1.0,0.5,1e-09,1e-11,True,1.0,`gtol` termination condition is satisfied.,3,16,0,False,False,0.0001791566766091,0.2,0.4911060612156986,0.017915667660919,2026-07-23T11:50:57.714319+00:00,continuation,,,,,,,,high,True,converged,0.135,0.13,0.005,/lustre/fswork/projects/rech/fdb/usv13rn/These_PINN_KH_RT/classic_supersonic/data/spectral/supersonic_primary_modal_spectral_133pts.csv,1.9,0.08,,,2026-07-23T11:50:57.725041+00:00,0.135,0.005,M1p900000,converged,4.0902594160425896e-11,40.0,1e-06,-2827.3818422101363,363.7467205092371,0.0048899715864909,0.038086748502088,3801.0,True,dense_kappa_q_campaign_v1_FINAL_FREEZE,retained_classical_supersonic,base_dense_campaign,/lustre/fswork/projects/rech/fdb/usv13rn/These_PINN_KH_RT/assets/classic_supersonic/dense_kappa_q_campaign_v1_FINAL_FREEZE/classical_supersonic_maps/classical_supersonic_dense_reference.csv,,,,,,M1.900000_a0.13500000,M1.900000_a0.13500000,0.215,,max_available_alpha_proxy,0.627906976744186,train,False,,False,0.48967633,0.024310332,0.0032818947918713095,-0.0013874921327521883,0.006473055106545927
1.9,0.14,0.4926099567084842,0.0170185388552902,0.0023825954397406,1.0574874309554617e-13,2.6093320212861053e-13,2.8154738968667094e-13,True,log_ci,nominal,20.0,1.0,0.5,1e-09,1e-11,True,1.0,`gtol` termination condition is satisfied.,3,16,0,False,False,0.0001709845125357,0.2,0.4926506359806203,0.0170984512535761,2026-07-23T11:50:58.385204+00:00,continuation,,,,,,,,high,True,converged,0.14,0.135,0.005,/lustre/fswork/projects/rech/fdb/usv13rn/These_PINN_KH_RT/classic_supersonic/data/spectral/supersonic_primary_modal_spectral_133pts.csv,1.9,0.08,,,2026-07-23T11:50:58.396519+00:00,0.14,0.005,M1p900000,converged,2.8350210834529288e-11,40.0,1e-06,-2858.0033149712995,342.8414690127374,0.0048376095457728,0.040414031779174,3801.0,True,dense_kappa_q_campaign_v1_FINAL_FREEZE,retained_classical_supersonic,base_dense_campaign,/lustre/fswork/projects/rech/fdb/usv13rn/These_PINN_KH_RT/assets/classic_supersonic/dense_kappa_q_campaign_v1_FINAL_FREEZE/classical_supersonic_maps/classical_supersonic_dense_reference.csv,,,,,,M1.900000_a0.14000000,M1.900000_a0.14000000,0.215,,max_available_alpha_proxy,0.6511627906976745,train,False,,False,0.49101296,0.023818599,0.0033346038684248925,-0.0015969960361056357,0.0068000602048876035
1.9,0.145,0.4941169522172745,0.0161551782261101,0.0023425008427859,1.4150833282933206e-13,3.9348472397060534e-13,4.1815647341439124e-13,True,log_ci,nominal,20.0,1.0,0.5,1e-09,1e-11,True,1.0,`gtol` termination condition is satisfied.,3,16,0,False,False,0.0001623738140537,0.2,0.4941560947709257,0.0162373814053725,2026-07-23T11:50:59.058855+00:00,continuation,,,,,,,,high,True,converged,0.145,0.14,0.0049999999999999,/lustre/fswork/projects/rech/fdb/usv13rn/These_PINN_KH_RT/classic_supersonic/data/spectral/supersonic_primary_modal_spectral_133pts.csv,1.9,0.08,,,2026-07-23T11:50:59.070454+00:00,0.145,0.0049999999999999,M1p900000,converged,5.595330559718856e-11,40.0,1e-06,-2907.3395036767124,323.86212484928853,0.0047555261717858,0.0427874741203411,3801.0,True,dense_kappa_q_campaign_v1_FINAL_FREEZE,retained_classical_supersonic,base_dense_campaign,/lustre/fswork/projects/rech/fdb/usv13rn/These_PINN_KH_RT/assets/classic_supersonic/dense_kappa_q_campaign_v1_FINAL_FREEZE/classical_supersonic_maps/classical_supersonic_dense_reference.csv,,,,,,M1.900000_a0.14500000,M1.900000_a0.14500000,0.215,,max_available_alpha_proxy,0.6744186046511628,train,False,,False,0.49245432,0.022487486,0.003260685438290238,-0.0016626320249374382,0.00633230755520189
1.9,0.15,0.4955863065386898,0.0152503044485099,0.0022875456672764,1.962180418146886e-13,6.25215591104622e-13,6.552831870984428e-13,True,log_ci,nominal,20.0,1.0,0.5,1e-09,1e-11,True,1.0,`gtol` termination condition is satisfied.,3,16,0,False,False,0.0001533561639671,0.2,0.4956239477260648,0.0153356163967188,2026-07-23T11:50:59.724259+00:00,continuation,,,,,,,,high,True,converged,0.15,0.145,0.005,/lustre/fswork/projects/rech/fdb/usv13rn/These_PINN_KH_RT/classic_supersonic/data/spectral/supersonic_primary_modal_spectral_133pts.csv,1.9,0.08,,,2026-07-23T11:50:59.735838+00:00,0.15,0.005,M1p900000,converged,6.710418927668978e-11,40.0,1e-06,-2977.586736298622,306.5699635504255,0.0046433203717904,0.0452061100501243,3801.0,True,dense_kappa_q_campaign_v1_FINAL_FREEZE,retained_classical_supersonic,base_dense_campaign,/lustre/fswork/projects/rech/fdb/usv13rn/These_PINN_KH_RT/assets/classic_supersonic/dense_kappa_q_campaign_v1_FINAL_FREEZE/classical_supersonic_maps/classical_supersonic_dense_reference.csv,,,,,,M1.900000_a0.15000000,M1.900000_a0.15000000,0.215,,max_available_alpha_proxy,0.6976744186046512,train,False,,False,0.49404117,0.02039513,0.0030592694878578187,-0.0015451318884975307,0.005144825470542224
1.9,0.155,0.497019478959949,0.0143067940524762,0.0022175530781338,2.7924537682189055e-13,1.0572241866679821e-12,1.093481120711362e-12,True,log_ci,nominal,20.0,1.0,0.5,1e-09,1e-11,True,1.0,`gtol` termination condition is satisfied.,3,16,0,False,False,0.0001439611389717,0.2,0.4970556608601051,0.0143961138971748,2026-07-23T11:51:00.366378+00:00,continuation,,,,,,,,high,True,converged,0.155,0.15,0.005,/lustre/fswork/projects/rech/fdb/usv13rn/These_PINN_KH_RT/classic_supersonic/data/spectral/supersonic_primary_modal_spectral_133pts.csv,1.9,0.08,,,2026-07-23T11:51:00.377839+00:00,0.155,0.005,M1p900000,converged,8.539602227875793e-11,40.0,1e-06,-3071.9563250655992,290.76286135970554,0.0045006435539077,0.0476690227448582,3801.0,True,dense_kappa_q_campaign_v1_FINAL_FREEZE,retained_classical_supersonic,base_dense_campaign,/lustre/fswork/projects/rech/fdb/usv13rn/These_PINN_KH_RT/assets/classic_supersonic/dense_kappa_q_campaign_v1_FINAL_FREEZE/classical_supersonic_maps/classical_supersonic_dense_reference.csv,,,,,,M1.900000_a0.15500000,M1.900000_a0.15500000,0.215,,max_available_alpha_proxy,0.7209302325581396,train,False,,False,0.49580032,0.017777257,0.0027554747834801674,-0.0012191626261782718,0.0034704626151377833
1.9,0.16,0.498417882627838,0.0133273114657672,0.0021323698345227,4.2384498688541333e-13,1.857897082707672e-12,1.9056301170063333e-12,True,log_ci,nominal,20.0,1.0,0.5,1e-09,1e-11,True,1.0,`gtol` termination condition is satisfied.,3,16,0,False,False,0.0001342165703976,0.2,0.4984526513812082,0.0134216570397694,2026-07-23T11:51:01.042706+00:00,continuation,,,,,,,,high,True,converged,0.16,0.155,0.005,/lustre/fswork/projects/rech/fdb/usv13rn/These_PINN_KH_RT/classic_supersonic/data/spectral/supersonic_primary_modal_spectral_133pts.csv,1.9,0.08,,,2026-07-23T11:51:01.054089+00:00,0.16,0.005,M1p900000,converged,4.5291813389080556e-11,40.0,1e-06,-3195.0490250693338,276.26869963586057,0.0043271946266193,0.0501753394751561,3801.0,True,dense_kappa_q_campaign_v1_FINAL_FREEZE,retained_classical_supersonic,base_dense_campaign,/lustre/fswork/projects/rech/fdb/usv13rn/These_PINN_KH_RT/assets/classic_supersonic/dense_kappa_q_campaign_v1_FINAL_FREEZE/classical_supersonic_maps/classical_supersonic_dense_reference.csv,,,,,,M1.900000_a0.16000000,M1.900000_a0.16000000,0.215,,max_available_alpha_proxy,0.7441860465116279,train,False,,False,0.49772975,0.014971566,0.002395450621843338,-0.0006881341403654484,0.001644254920753662
1.9,0.165,0.4997828810399796,0.0123143262874896,0.0020318638374357,6.22821239026905e-13,3.480539641220748e-12,3.5358255740197455e-12,True,log_ci,nominal,20.0,1.0,0.5,1e-09,1e-11,True,1.0,`gtol` termination condition is satisfied.,3,16,0,False,False,0.0001241488695888,0.2,0.499816286295727,0.0124148869588871,2026-07-23T11:51:01.714199+00:00,continuation,,,,,,,,high,True,converged,0.165,0.16,0.005,/lustre/fswork/projects/rech/fdb/usv13rn/These_PINN_KH_RT/classic_supersonic/data/spectral/supersonic_primary_modal_spectral_133pts.csv,1.9,0.08,,,2026-07-23T11:51:01.725968+00:00,0.165,0.005,M1p900000,converged,4.729822089604645e-12,40.0,1e-06,-3353.455176415545,262.94010171868825,0.0041227150279423,0.052724226600634,3801.0,True,dense_kappa_q_campaign_v1_FINAL_FREEZE,retained_classical_supersonic,base_dense_campaign,/lustre/fswork/projects/rech/fdb/usv13rn/These_PINN_KH_RT/assets/classic_supersonic/dense_kappa_q_campaign_v1_FINAL_FREEZE/classical_supersonic_maps/classical_supersonic_dense_reference.csv,,,,,,M1.900000_a0.16500000,M1.900000_a0.16500000,0.215,,max_available_alpha_proxy,0.7674418604651163,train,True,3.0,True,0.4997814,0.01231432,0.002031862735748291,-1.4810746933324737e-06,-6.676893897147873e-09
1.9,0.17,0.5011157862324153,0.0112701314212974,0.0019159223416205,9.16985237742196e-13,6.8563184643655176e-12,6.917366898685991e-12,True,log_ci,nominal,20.0,1.0,0.5,1e-09,1e-11,True,1.0,`gtol` termination condition is satisfied.,3,16,0,False,False,0.0001137833630618,0.2,0.5011478794521211,0.0113783363061837,2026-07-23T11:51:02.388426+00:00,continuation,,,,,,,,high,True,converged,0.17,0.165,0.005,/lustre/fswork/projects/rech/fdb/usv13rn/These_PINN_KH_RT/classic_supersonic/data/spectral/supersonic_primary_modal_spectral_133pts.csv,1.9,0.08,,,2026-07-23T11:51:02.403674+00:00,0.17,0.005,M1p900000,converged,3.868714079427458e-11,40.0,1e-06,-3556.741092707384,250.6502545057052,0.0038869851052915,0.0553148862770115,3801.0,True,dense_kappa_q_campaign_v1_FINAL_FREEZE,retained_classical_supersonic,base_dense_campaign,/lustre/fswork/projects/rech/fdb/usv13rn/These_PINN_KH_RT/assets/classic_supersonic/dense_kappa_q_campaign_v1_FINAL_FREEZE/classical_supersonic_maps/classical_supersonic_dense_reference.csv,,,,,,M1.900000_a0.17000000,M1.900000_a0.17000000,0.215,,max_available_alpha_proxy,0.7906976744186047,train,False,,False,0.50185215,0.010041117,0.0017069898452609779,0.0007363684993352271,-0.0012290146844681198
1.9,0.175,0.5024178582709946,0.0101968564478816,0.0017844498783792,1.3211792770917439e-12,1.4305995190561084e-11,1.4366872069959191e-11,True,log_ci,nominal,20.0,1.0,0.5,1e-09,1e-11,True,1.0,`gtol` termination condition is satisfied.,3,16,0,False,False,0.0001031447919179,0.2,0.5024486914248509,0.0103144791917974,2026-07-23T11:51:03.074172+00:00,continuation,,,,,,,,high,True,converged,0.175,0.17,0.0049999999999999,/lustre/fswork/projects/rech/fdb/usv13rn/These_PINN_KH_RT/classic_supersonic/data/spectral/supersonic_primary_modal_spectral_133pts.csv,1.9,0.08,,,2026-07-23T11:51:03.085315+00:00,0.175,0.0049999999999999,M1p900000,converged,1.0339503981019419e-10,40.0,1e-06,-3819.13277192193,239.2894885222721,0.0036198199104546,0.05794655330903,3801.0,True,dense_kappa_q_campaign_v1_FINAL_FREEZE,retained_classical_supersonic,base_dense_campaign,/lustre/fswork/projects/rech/fdb/usv13rn/These_PINN_KH_RT/assets/classic_supersonic/dense_kappa_q_campaign_v1_FINAL_FREEZE/classical_supersonic_maps/classical_supersonic_dense_reference.csv,,,,,,M1.900000_a0.17500000,M1.900000_a0.17500000,0.215,,max_available_alpha_proxy,0.813953488372093,train,False,,False,0.5037968,0.0082461275,0.0014430723153054713,0.0013789576011977722,-0.0019507289318503353
1.9,0.18,0.5036903056394091,0.009096481823104,0.0016373667281587,1.6308759898109317e-12,3.2162713898414845e-11,3.220403579996504e-11,True,log_ci,nominal,20.0,1.0,0.5,1e-09,1e-11,True,1.0,`gtol` termination condition is satisfied.,3,16,0,False,False,9.225791388929148e-05,0.2,0.503719930309574,0.0092257913889291,2026-07-23T11:51:03.764442+00:00,continuation,,,,,,,,high,True,converged,0.18,0.175,0.005,/lustre/fswork/projects/rech/fdb/usv13rn/These_PINN_KH_RT/classic_supersonic/data/spectral/supersonic_primary_modal_spectral_133pts.csv,1.9,0.08,,,2026-07-23T11:51:03.775677+00:00,0.18,0.005,M1p900000,converged,2.8021516704537568e-11,40.0,1e-06,-4162.534544201735,228.7625062510594,0.0033210661115996,0.0606184931939448,3801.0,True,dense_kappa_q_campaign_v1_FINAL_FREEZE,retained_classical_supersonic,base_dense_campaign,/lustre/fswork/projects/rech/fdb/usv13rn/These_PINN_KH_RT/assets/classic_supersonic/dense_kappa_q_campaign_v1_FINAL_FREEZE/classical_supersonic_maps/classical_supersonic_dense_reference.csv,,,,,,M1.900000_a0.18000000,M1.900000_a0.18000000,0.215,,max_available_alpha_proxy,0.8372093023255813,train,False,,False,0.50546706,0.0069082067,0.0012434772122651338,0.0017767515886792928,-0.0021882750882977007
1.9,0.185,0.5049342833085814,0.0079708512569397,0.0014746074825338,7.218670106112768e-13,7.895366391924563e-11,7.895696383634694e-11,True,log_ci,nominal,20.0,1.0,0.5,1e-09,1e-11,True,1.0,`gtol` termination condition is satisfied.,3,16,0,False,False,8.114852060632123e-05,0.2,0.5049627530078236,0.0081148520606321,2026-07-23T11:51:04.457515+00:00,continuation,,,,,,,,high,True,converged,0.185,0.18,0.005,/lustre/fswork/projects/rech/fdb/usv13rn/These_PINN_KH_RT/classic_supersonic/data/spectral/supersonic_primary_modal_spectral_133pts.csv,1.9,0.08,,,2026-07-23T11:51:04.468504+00:00,0.185,0.005,M1p900000,converged,1.4611831454696628e-10,40.0,1e-06,-4622.295646498411,218.98622217519025,0.0029905990883825,0.0633299976808,3801.0,True,dense_kappa_q_campaign_v1_FINAL_FREEZE,retained_classical_supersonic,base_dense_campaign,/lustre/fswork/projects/rech/fdb/usv13rn/These_PINN_KH_RT/assets/classic_supersonic/dense_kappa_q_campaign_v1_FINAL_FREEZE/classical_supersonic_maps/classical_supersonic_dense_reference.csv,,,,,,M1.900000_a0.18500000,M1.900000_a0.18500000,0.215,,max_available_alpha_proxy,0.8604651162790697,train,False,,False,0.5067612,0.0059468276,0.0011001631035469472,0.0018269099668702937,-0.0020240236701994443
1.9,0.19,0.5061508958929851,0.0068216808151174,0.0012961193548723,-7.054017092666953e-12,2.1706936226793816e-10,2.1718394782431087e-10,True,log_ci,nominal,20.0,1.0,0.5,1e-09,1e-11,True,1.0,`gtol` termination condition is satisfied.,3,16,0,False,False,6.984510165115461e-05,0.2,0.5061782609777536,0.0069845101651154,2026-07-23T11:51:05.137104+00:00,continuation,,,,,,,,high,True,converged,0.19,0.185,0.005,/lustre/fswork/projects/rech/fdb/usv13rn/These_PINN_KH_RT/classic_supersonic/data/spectral/supersonic_primary_modal_spectral_133pts.csv,1.9,0.08,,,2026-07-23T11:51:05.148179+00:00,0.19,0.005,M1p900000,converged,2.1844777826686007e-10,40.0,1e-06,-5259.141838283278,209.88780053829527,0.0026283195164874,0.066080384666865,3801.0,True,dense_kappa_q_campaign_v1_FINAL_FREEZE,retained_classical_supersonic,base_dense_campaign,/lustre/fswork/projects/rech/fdb/usv13rn/These_PINN_KH_RT/assets/classic_supersonic/dense_kappa_q_campaign_v1_FINAL_FREEZE/classical_supersonic_maps/classical_supersonic_dense_reference.csv,,,,,,M1.900000_a0.19000000,M1.900000_a0.19000000,0.215,,max_available_alpha_proxy,0.8837209302325582,train,False,,False,0.50765646,0.005269019,0.001001113597303629,0.0015055591469929075,-0.0015526618819404056
1.9,0.195,0.5073411990251013,0.0056505720007862,0.0011018615401533,-5.098690913918347e-11,6.94000868925459e-10,6.95871303455502e-10,True,log_ci,nominal,20.0,1.0,0.5,1e-09,1e-11,True,1.0,`gtol` termination condition is satisfied.,3,16,0,False,False,5.838188123611662e-05,0.2,0.5073675084773889,0.0058381881236116,2026-07-23T11:51:05.838094+00:00,continuation,,,,,,,,high,True,converged,0.195,0.19,0.005,/lustre/fswork/projects/rech/fdb/usv13rn/These_PINN_KH_RT/classic_supersonic/data/spectral/supersonic_primary_modal_spectral_133pts.csv,1.9,0.08,,,2026-07-23T11:51:05.849589+00:00,0.195,0.005,M1p900000,converged,6.951976297227925e-10,40.0,1e-06,-6186.624041423986,201.40322135627508,0.0022341520812145,0.0688689971747284,3801.0,True,dense_kappa_q_campaign_v1_FINAL_FREEZE,retained_classical_supersonic,base_dense_campaign,/lustre/fswork/projects/rech/fdb/usv13rn/These_PINN_KH_RT/assets/classic_supersonic/dense_kappa_q_campaign_v1_FINAL_FREEZE/classical_supersonic_maps/classical_supersonic_dense_reference.csv,,,,,,M1.900000_a0.19500000,M1.900000_a0.19500000,0.215,,max_available_alpha_proxy,0.9069767441860466,train,False,,False,0.5082054,0.0047937413,0.0009347795485518873,0.0008642147932580446,-0.0008568307261611367
1.9,0.2,0.5085061968756752,0.004459012725829,0.0008918025451658,1.7669546381604574e-13,4.899379513201296e-14,1.833621522959554e-13,True,log_ci,nominal,20.0,1.0,0.5,1e-09,1e-11,True,1.0,`gtol` termination condition is satisfied.,4,21,0,False,False,4.680512735997857e-05,0.2,0.5085315021572175,0.0046805127359978,2026-07-23T11:51:06.757280+00:00,continuation,,,,,,,,high,True,converged,0.2,0.195,0.005,/lustre/fswork/projects/rech/fdb/usv13rn/These_PINN_KH_RT/classic_supersonic/data/spectral/supersonic_primary_modal_spectral_133pts.csv,1.9,0.08,,,2026-07-23T11:51:06.771455+00:00,0.2,0.005,M1p900000,converged,9.978845887868195e-11,40.0,1e-06,-7644.122239592101,193.4759355399714,0.0018080400764276,0.0716951973464501,3801.0,True,dense_kappa_q_campaign_v1_FINAL_FREEZE,retained_classical_supersonic,base_dense_campaign,/lustre/fswork/projects/rech/fdb/usv13rn/These_PINN_KH_RT/assets/classic_supersonic/dense_kappa_q_campaign_v1_FINAL_FREEZE/classical_supersonic_maps/classical_supersonic_dense_reference.csv,,,,,,M1.900000_a0.20000000,M1.900000_a0.20000000,0.215,,max_available_alpha_proxy,0.930232558139535,train,True,4.0,True,0.5085043,0.004459004,0.0008918007835745812,-1.925368412036832e-06,-8.807956094515623e-09
1.9,0.205,0.5096468519455932,0.0032484016832047,0.0006659223450569,-1.6317502904428238e-13,2.1078711692768002e-13,2.6656574942457584e-13,True,log_ci,nominal,20.0,1.0,0.5,1e-09,1e-11,True,1.0,`gtol` termination condition is satisfied.,3,16,0,False,False,3.267453450871855e-05,0.2,0.5096711947262491,0.0032674534508718,2026-07-23T11:51:07.502881+00:00,continuation,,,,,,,,high,True,converged,0.205,0.2,0.0049999999999999,/lustre/fswork/projects/rech/fdb/usv13rn/These_PINN_KH_RT/classic_supersonic/data/spectral/supersonic_primary_modal_spectral_133pts.csv,1.9,0.08,,,2026-07-23T11:51:07.515703+00:00,0.205,0.0049999999999999,M1p900000,converged,2.550542872614747e-10,40.0,1e-06,-10237.229047669043,186.05579838621685,0.0013499497870107,0.0745583745914815,3801.0,True,dense_kappa_q_campaign_v1_FINAL_FREEZE,retained_classical_supersonic,base_dense_campaign,/lustre/fswork/projects/rech/fdb/usv13rn/These_PINN_KH_RT/assets/classic_supersonic/dense_kappa_q_campaign_v1_FINAL_FREEZE/classical_supersonic_maps/classical_supersonic_dense_reference.csv,,,,,,M1.900000_a0.20500000,M1.900000_a0.20500000,0.215,,max_available_alpha_proxy,0.9534883720930232,train,False,,False,0.50865304,0.004220747,0.0008652531192637979,-0.000993807244970668,0.000972345240033339
1.9,0.21,0.5107640788912239,0.0020200312725903,0.0004242065672439,-2.200704896093697e-13,1.216082518972622e-12,1.2358348244598488e-12,True,log_ci,nominal,20.0,1.0,0.5,1e-09,1e-11,True,1.0,`gtol` termination condition is satisfied.,3,16,0,False,False,2.037790640580465e-05,0.2,0.5107875070155112,0.0020377906405804,2026-07-23T11:51:08.240011+00:00,continuation,,,,,,,,high,True,converged,0.21,0.205,0.005,/lustre/fswork/projects/rech/fdb/usv13rn/These_PINN_KH_RT/classic_supersonic/data/spectral/supersonic_primary_modal_spectral_133pts.csv,1.9,0.08,,,2026-07-23T11:51:08.251860+00:00,0.21,0.005,M1p900000,converged,2.1732671069210274e-09,40.0,1e-06,-16070.569842201172,179.0980928213972,0.0008598587102461,0.0774579350549083,3801.0,True,dense_kappa_q_campaign_v1_FINAL_FREEZE,retained_classical_supersonic,base_dense_campaign,/lustre/fswork/projects/rech/fdb/usv13rn/These_PINN_KH_RT/assets/classic_supersonic/dense_kappa_q_campaign_v1_FINAL_FREEZE/classical_supersonic_maps/classical_supersonic_dense_reference.csv,,,,,,M1.900000_a0.21000000,M1.900000_a0.21000000,0.215,,max_available_alpha_proxy,0.9767441860465116,train,False,,False,0.5087261,0.004049083,0.0008503074757754802,-0.0020379588961066952,0.0020290519453881775
1.9,0.215,0.51185864489249,0.0007752887358164,0.0001666870782005,-1.2987839970168835e-11,4.6985200967538867e-11,4.8747236814518326e-11,True,linear_ci,nominal,20.0,1.0,0.5,1e-09,1e-11,True,1.0,`gtol` termination condition is satisfied.,3,16,0,False,False,1e-12,0.0791660861975929,0.5118813058368545,0.0007916608619759,2026-07-23T11:51:08.987896+00:00,continuation,,,,,,,,high,True,converged,0.215,0.21,0.005,/lustre/fswork/projects/rech/fdb/usv13rn/These_PINN_KH_RT/classic_supersonic/data/spectral/supersonic_primary_modal_spectral_133pts.csv,1.9,0.08,,,2026-07-23T11:51:08.999312+00:00,0.215,0.005,M1p900000,converged,6.492127512660786e-08,40.0,1e-06,-40897.78197205838,172.56263368475348,0.0003378378322802,0.0803932013666674,3801.0,True,dense_kappa_q_campaign_v1_FINAL_FREEZE,retained_classical_supersonic,base_dense_campaign,/lustre/fswork/projects/rech/fdb/usv13rn/These_PINN_KH_RT/assets/classic_supersonic/dense_kappa_q_campaign_v1_FINAL_FREEZE/classical_supersonic_maps/classical_supersonic_dense_reference.csv,,,,,,M1.900000_a0.21500000,M1.900000_a0.21500000,0.215,,max_available_alpha_proxy,1.0,train,False,,False,0.50876004,0.0039243056,0.0008437256934121251,-0.0030986098544956153,0.0031490168149376704
